id,fixture_id,team_id,player_id,player_name,is_starter,position,number,captain,minutes,rating
6605548,100195,1034,70391,Leonardo Rivas,true,,25.0,false,,
7508327,135927,1675,140823,D. Hotto,true,M,11.0,false,,
3969367,264126,500,78290,Lucas,true,M,7.0,false,87.0,7.2
7294675,323312,1095,137978,J. Meza,false,,,false,,
9048837,350936,2967,165585,S. Mama,true,,8.0,false,,
4041175,265925,4388,84463,Adrián Luna,true,,21.0,false,,
7623171,114683,1287,143348,O. Chornomorets,true,D,15.0,false,,
8949705,349706,2633,137893,H. Suárez,false,G,23.0,false,,
2198323,223295,235,61694,Jung-Bin Park,false,F,9.0,false,,
7569569,327008,1301,142431,M. Startsev,false,,1.0,false,,
1891715,214973,211,57975,E. Lavezzi,true,,11.0,false,,
510390,183995,14,43447,Frédéric Guilbert,true,D,24.0,false,90.0,6.4
5715749,132298,1376,109169,M. Kaaouach,true,,4.0,false,,
9653418,359328,111,49663,Sergio Lozano,true,M,28.0,false,64.0,8.3
1214074,200947,109,48551,Jeison Murillo,true,D,24.0,false,90.0,6.9
9631551,161834,11,1220,Billy Sharp,false,F,10.0,false,21.0,7.5
3120556,245690,384,72706,Furkan Soyalp,false,M,88.0,false,,
2274223,225029,278,62466,G. Sakai,false,D,24.0,false,,
2812983,238143,1345,69630,Rui Encarnação,false,G,24.0,false,,
769702,2125,27,36285,Will Vaulks,true,M,4.0,false,90.0,8.0
1307085,202735,104,49279,Juanpe,false,D,15.0,false,45.0,7.2
3187634,246962,383,1811,Dušan Tadić,false,F,10.0,false,24.0,7.9
2203662,223443,237,53194,Samuel Ntamack Ndimba,false,F,19.0,false,25.0,6.3
5602583,93122,933,106449,Mohammed Al-Burayk,true,D,2.0,true,72.0,6.7
1704973,211771,162,56280,G. Caccavallo,false,F,17.0,false,,
2990096,242586,351,44590,Jackson Tchatchoua,false,M,38.0,false,13.0,7.0
4646509,278813,701,92690,Alan Aguerre,true,G,1.0,false,90.0,6.9
4127907,137462,535,43309,Léo Bonatini,false,F,9.0,false,20.0,6.2
5267519,291738,877,101817,J. Nissinen,false,M,28.0,false,,
255423,176762,71,36032,K. Tshimanga,false,F,27.0,false,,
8388622,342838,1140,119214,C. Larotonda,true,,25.0,false,,
6671459,110290,1226,127457,M. Gosha,true,,4.0,false,,
1666782,210893,161,54107,Lorenzo Pellegrini,false,M,7.0,false,28.0,6.2
7099425,320693,952,77379,Paulo Sérgio,false,,,false,,
9775315,363664,8,35394,D. Hylton,true,,9.0,false,,
561405,52,2,43963,Rico Lewis,false,D,82.0,false,,
6997413,112292,1258,132991,M. Mittendorfer,true,D,15.0,false,,
3946609,263498,4376,83749,Riyo Kawamoto,false,F,33.0,false,20.0,6.5
9123254,352444,376,48843,Dany Nounkeu,true,,13.0,false,,
5951583,303244,1549,109811,Chehab Salah Al Deen,true,,99.0,false,,
486579,183334,24,43181,Kiko Femenía,false,D,21.0,false,3.0,6.7
5713349,132237,1376,109175,A. Ourehbi,false,,15.0,false,,
7735220,329646,1325,51542,Igor Zlatanović,true,,27.0,false,,
8878301,131193,1608,164448,Anuj Kumar,false,G,23.0,false,,
6868750,102458,1072,78116,Francisco Arancibia,false,M,28.0,false,23.0,6.7
682372,188154,42,1525,Leandro Bacuna,true,M,7.0,false,90.0,6.9
6742489,101072,1050,93254,R. Costa,true,,32.0,false,,
4611478,277850,695,85040,Diego González,true,M,8.0,false,45.0,
975537,194951,62,18820,S. Hoskins,true,F,7.0,false,90.0,6.5
6499454,311127,4586,123386,A. Benayada,true,,,false,,
6185890,99759,1007,118092,Brian Heras,true,G,26.0,false,,
22514,169934,2,1607,Álvaro Negredo,true,,9.0,false,,
4151319,266945,555,86191,M. Sayouba,true,G,1.0,false,90.0,6.3
1823209,213808,187,56474,Mattia Proietti,false,M,8.0,false,,
8816311,141303,1719,163653,L. Merrill,false,,19.0,false,,
2778007,237200,324,69091,Léo Navacchio,false,G,22.0,false,,
2864425,239140,1345,68138,J. Aurelio,false,D,2.0,false,,
6037886,107762,1161,116192,Karlo Bilić,true,D,6.0,false,77.0,6.9
864549,192431,47,42697,C. Lang,true,M,19.0,false,90.0,6.9
7660514,328294,1287,104167,A. Tsurikov,true,D,9.0,false,,
7134665,321566,4369,77947,Oliveira,false,,,false,,
5124714,288316,861,88337,E. Shlyakov,true,D,55.0,false,,
1447685,205983,123,52276,Ander Madariaga,false,M,29.0,false,22.0,6.5
2191221,223098,3532,60031,Yann Kitala,true,F,9.0,false,61.0,6.3
5709369,132135,1361,109137,H. El Moussaoui,true,,3.0,false,,
549116,184978,5,43918,Ryan Christie,false,M,10.0,false,,
9209417,353306,1391,75037,Kostadin Gadzhalov,false,D,20.0,false,,
5972422,303959,1551,115168,Ali Karami,false,,4.0,false,,
7324523,104151,1109,138265,Freddy Abastoflor,true,,17.0,false,,
5280194,292125,908,46813,G. Sloggett,false,,10.0,false,,
2353518,227134,254,44941,Lee Buchanan,false,D,26.0,false,11.0,6.9
3962244,263928,504,83846,Daiya Tono,false,F,19.0,false,24.0,6.6
5721656,131968,1362,109673,M. Boumlik,false,,30.0,false,,
9767235,363438,2558,166522,S. Magri,true,D,2.0,false,,
548704,184968,14,43356,Leander Dendoncker,true,M,32.0,false,69.0,6.5
2281850,225242,260,62652,Jonathan Tah,true,D,4.0,false,90.0,6.6
3203420,247342,409,74890,W. Robertson,false,,28.0,false,,
1540840,208090,156,53406,Piotr Zieliński,false,M,20.0,false,17.0,6.8
9024891,156875,2830,167409,J. Frederick-Charlery,true,,,false,,
9186267,117845,1347,173641,M. Jean-Marie,false,F,75.0,false,,
8915087,151160,1966,53418,Giorgio Chiellini,true,D,3.0,true,90.0,7.3
9044747,157950,1991,92206,I. Revenco,true,M,21.0,false,45.0,6.2
3145418,246287,387,63260,Levent Mercan,false,M,18.0,false,28.0,6.9
8770701,142700,1736,163127,V. Zguro,false,,3.0,false,,
6172429,99915,1022,118605,M. Mendoza,false,SUB,29.0,false,,
703229,188718,48,36154,Callum Brittain,true,M,7.0,false,90.0,6.6
1444406,205908,124,51670,Rubén Pulido,false,D,4.0,false,9.0,6.6
5642073,297482,1507,83236,Min Hyeok Kim,true,,92.0,false,,
6127601,108268,1179,104376,Neofytos Michael,false,G,93.0,false,,
9626512,359075,94,18462,D. Gerken,true,G,1.0,false,90.0,6.4
1763220,212469,3464,51948,Raúl Asencio,false,F,29.0,false,,
5685460,126207,1505,77886,Matheus Sales,false,M,95.0,false,,
667392,187738,40,19279,J. Lumley,true,G,13.0,false,90.0,6.1
6049954,107337,1167,116227,B. Cipetic,true,D,24.0,false,98.0,6.7
625791,186588,47,1697,D. Burn,false,D,33.0,false,1.0,
6861888,102269,1067,127947,Manuel Fernández,false,D,3.0,false,8.0,6.7
3200587,247269,386,73521,Umut Güneş,true,M,20.0,false,87.0,6.6
7143541,321779,445,77748,Liniker,false,,,false,,
8959106,349993,2708,42927,Max Gradel,true,M,15.0,false,87.0,7.2
8833008,140919,1736,132956,A. Kačinari,false,,33.0,false,,
6693079,314653,1214,86587,P. Michael,true,,90.0,false,,
493329,183521,17,43332,Mateo Kovačić,false,M,17.0,false,2.0,
9695365,360035,555,86199,G. Gorozia,true,,9.0,false,,
4835099,281374,753,95865,K. Ackermann,true,M,24.0,false,59.0,5.9
2378859,227499,261,59030,Benjamin Henrichs,true,D,39.0,false,70.0,6.7
1110536,198142,100,48386,Cobeño,false,,1.0,false,,
7033525,129940,1561,133567,M. Nejad Mehdi,false,,2.0,false,,
2042133,18054,221,59782,Fabian Rieder,false,M,32.0,false,14.0,6.6
9998062,164852,4072,212812,Breno Freitas,true,,,false,,
3402186,252387,419,47262,J. Rowe,false,,2.0,false,,
9048877,350937,1978,165098,J. Biordi,true,,6.0,false,,
104774,172363,47,1166,B. Watson,true,,8.0,false,,
1628069,210052,173,44275,Radu Drăguşin,false,D,19.0,false,,
7573261,327111,4666,51511,S. Myakushko,true,,8.0,false,,
6505602,311475,4585,123422,S. Bouterbiat,true,,,false,,
7283294,323072,951,77182,Ademilson,false,F,99.0,false,10.0,6.2
8229791,121583,1442,154366,J. Ngongo,false,,24.0,false,,
9608147,357240,719,121012,Juan David Cuesta,true,,22.0,false,,
2108214,220710,243,60887,Ahmed Mogni,true,,15.0,false,,
6033106,107641,1164,62706,J. Hamad,false,M,7.0,false,,
4600516,277547,703,92741,Nahuel Zárate,true,D,17.0,false,,
8997428,156039,1968,52495,Leo Štulac,false,M,15.0,false,11.0,6.2
7218406,94507,964,73190,Vinícius,true,M,7.0,true,90.0,6.7
9864185,366370,3201,50663,Paco Cortés,true,M,11.0,false,90.0,7.3
9636446,161776,56,43213,Tashan Oakley-Boothe,false,M,8.0,false,,
3142523,246218,4349,72630,Ahmet Eyüp Türkaslan,false,G,99.0,false,,
2601430,233105,303,43161,Davy Klaassen,true,M,10.0,false,90.0,7.2
3615806,257056,432,79920,Isaque,false,,37.0,false,,
9187895,117886,324,70122,T. Monteiro,true,F,9.0,false,88.0,6.3
3152065,246447,379,71288,H. Harisis,true,M,15.0,false,86.0,6.7
4880285,282416,4467,97199,C. Østergaard,false,,23.0,false,,
8955998,349783,2719,48668,J. Zongo,true,,17.0,false,,
5352615,293998,4521,103731,G. Athanasiadis,true,,30.0,false,,
2442111,229214,279,62346,Felix Klaus,true,M,11.0,false,,
6042444,107516,1162,69170,J. Mišić,true,M,27.0,false,99.0,7.3
436660,181935,73,18172,P. Green,true,M,17.0,false,,
492305,183493,18,1848,Alberto Moreno,false,D,18.0,false,,
4739983,95261,723,94063,Tomás Castro Ponce,false,M,26.0,false,8.0,6.5
3932757,263121,509,78002,Edigar Junio,true,F,30.0,false,64.0,7.9
2451314,229470,275,64611,N. Omladic,true,M,33.0,false,50.0,7.1
3222408,247872,409,75029,Jarosław Fojut,true,,5.0,false,,
545890,184898,2,1591,K. De Bruyne,false,M,17.0,false,21.0,6.9
229491,176040,2685,35287,J. Truelove,false,,28.0,false,,
6387921,309083,984,119502,Fredy Salazar,false,F,17.0,false,,
7403529,324724,4654,139629,Rahid Amirguliyev,true,,14.0,false,,
543894,184848,16,1261,Ben Davies,true,D,33.0,false,90.0,7.5
937211,193904,63,43531,H. White,true,M,18.0,false,90.0,6.6
4429039,273562,619,59867,Kouakou Gadou,true,D,23.0,false,90.0,7.6
7637890,114156,1281,132806,J. Šporn,true,M,8.0,false,,
7646416,114351,1289,143336,Oleksandr Nazarenko,true,M,7.0,false,,
9537940,156076,1028,77765,M. Samudio,true,D,11.0,false,85.0,6.7
6482003,109077,1199,123050,Bence Komlósi,false,D,16.0,false,,
2729495,235856,1380,1534,V. Roberge,true,,16.0,false,,
7990106,333791,1353,100674,Gustavo,true,,30.0,false,,
7004533,318728,1252,65756,A. Jakupovic,true,,7.0,false,,
5436328,147283,1819,90719,M. Frýdek,true,D,17.0,false,11.0,6.7
5211320,290235,4509,101053,T. Aho,true,,2.0,false,,
2238979,224049,255,62359,C. Pizarro,false,,14.0,false,,
8669951,346046,1489,161216,A. Yuzvak,true,,17.0,false,,
8123448,336435,1417,115968,M. Bencun,false,,,false,,
8994817,155846,1979,19011,S. Dallas,true,M,14.0,false,86.0,6.3
8152800,120022,1418,66714,B. Meijers,true,,,false,,
297248,177926,88,35192,Z. Ismail,false,M,10.0,false,,
465048,182736,19,1247,A. Valencia,true,D,25.0,false,90.0,6.6
3969470,264129,492,83922,Taichi Kato,false,G,21.0,false,,
8389357,342859,1139,120508,Rubén Rojas,true,,18.0,false,,
6921312,112196,1238,52041,E. Ramírez,false,F,9.0,false,,
8095614,145243,1785,51087,D. Vuelto,false,,,false,,
6303884,98844,979,119662,V. Giraldo,true,,20.0,false,,
7233753,94095,949,136247,Ianson,false,D,30.0,false,,
9712349,360508,1870,177114,V. Bushma,false,,1.0,false,,
6240896,307049,985,119524,Luis Payares,true,D,30.0,false,90.0,7.1
1504445,207266,158,1927,Juan Cuadrado,true,,11.0,false,,
5112524,288010,4489,99946,P. Costea,true,M,11.0,false,,
9950698,368665,5673,203238,J. Bourahli,true,,,false,,
9982571,163546,242,58864,A. Gonçalves,false,D,17.0,false,9.0,6.3
668079,187757,29,43468,Lloyd Kelly,true,D,17.0,false,73.0,6.7
1384510,204775,119,48043,Diego López,true,G,13.0,true,90.0,7.2
1493750,207023,159,1861,R. Álvarez,true,,11.0,false,,
4054335,266290,541,84529,Alfonso Blanco,true,G,13.0,false,90.0,6.6
4102798,137889,536,85181,Camilo Vargas,true,G,12.0,false,90.0,6.2
325284,178820,65,1414,N. Etheridge,true,,38.0,false,,
3881259,261690,508,83069,Kazushige Kirihata,false,,1.0,false,,
1601092,209452,180,52356,Massimiliano Mangraviti,false,M,19.0,false,,
9284906,149085,1162,73864,Mario Gavranović,false,F,11.0,false,,
710752,188907,48,45110,Dominik Frieser,true,F,28.0,false,60.0,6.3
2901749,240146,359,71041,Fernando,false,,6.0,false,,
4856370,281774,4459,96624,Filip Beckman,false,D,24.0,false,,
3076876,244620,386,43599,Cengiz Ünder,true,M,17.0,false,83.0,7.3
5790016,133683,1626,111682,B. Moussa,false,,32.0,false,,
9710750,360464,354,70591,Siebe Schrijvers,false,F,22.0,false,18.0,6.6
5589690,125576,937,106276,Sultan Al-Ghannam,true,D,2.0,false,85.0,6.5
4091700,138309,538,85225,Claudio Baeza,true,M,20.0,true,90.0,6.9
7721173,130220,1587,144188,Jason Hoffman,false,D,3.0,false,,
8428281,105942,1138,157602,Sergio Fernández,false,,12.0,false,,
5160355,288911,4501,100518,R. Akhmatov,true,M,66.0,false,90.0,6.6
8432570,106040,1138,156635,Joel Caceres,false,,4.0,false,,
1452822,206101,137,48503,S. Postigo,false,D,21.0,false,,
2269790,224906,266,43080,Henrikh Mkhitaryan,true,,10.0,false,,
6797732,144424,1764,129446,V. Murillo,false,,,false,,
4612312,277873,698,92550,Maximiliano Velázquez,true,D,3.0,false,90.0,
2897984,240041,359,62328,T. Simons,true,,3.0,false,,
7945700,104453,1112,147513,Erick Canales,true,D,22.0,false,90.0,6.3
6175764,99996,1018,118392,John Jiménez,true,,4.0,false,,
4388732,272619,627,82593,Dominik Fitz,true,M,36.0,false,86.0,6.0
5633878,297254,1519,107822,Yeom Ki-Hun,false,,26.0,false,,
6864182,102332,1065,130869,G. Navarrete,false,M,31.0,false,18.0,6.2
6516957,312465,1659,123870,D. Belalem,false,,,false,,
9717423,360650,4491,99819,M. Poljak,false,M,8.0,false,,
5520316,145957,1798,105854,Petr Juliš,true,F,17.0,false,68.0,6.6
8533813,123917,1467,55779,O. El Azzouzi,true,M,34.0,false,90.0,7.2
4091804,138311,526,85034,V. Loroña,true,D,22.0,false,90.0,6.9
2075152,219610,3563,58742,Q. Bernard,true,,5.0,false,,
2884557,239668,4331,70536,A. Scholz,true,,2.0,false,,
1668828,210938,169,54673,Y. Karamoh,true,M,7.0,false,62.0,6.9
8015941,119346,1389,148705,B. Katsarov,true,D,44.0,false,,
8702127,346456,1731,162131,J. Payeras,true,,29.0,false,,
9123617,352454,255,62464,Javi Martínez,true,,8.0,false,,
2637119,233979,1484,66955,João Queirós,false,D,22.0,false,,
1255554,201892,108,44477,Marco Asensio,false,F,11.0,false,31.0,6.3
1461622,206299,3201,52908,Daniel Paraschiv,true,F,18.0,false,72.0,6.5
9928608,367664,3631,123840,B. Zobiri,true,,,false,,
5909546,127853,1535,113546,Abdullah Nasser,true,D,6.0,false,,
7713243,130332,1583,36549,J. Cummings,true,F,9.0,false,83.0,6.3
6684524,110135,1213,67134,Xander Severina,false,F,7.0,false,,
7978702,333355,323,54215,G. Camara,true,,18.0,false,,
1013791,196019,85,37255,Alexander Pattison,false,M,16.0,false,27.0,6.5
651672,187302,48,19323,Dani Pinillos,true,D,23.0,false,90.0,6.8
4120714,52277,533,84898,C. Calderón,true,D,18.0,false,90.0,6.6
1636515,210243,176,54039,Mattia Caldara,true,D,31.0,false,90.0,6.7
4437924,273808,641,90346,Andrea Maccoppi,true,M,18.0,false,,
778008,2336,37,42256,Hakeem Odofin,true,D,22.0,false,90.0,6.3
3546702,255780,441,77639,Fernando Miguel,true,G,1.0,false,90.0,7.9
2776345,237154,338,66895,Bruno Varela,false,G,30.0,false,,
1196972,200543,119,48531,Sergi Darder,true,F,10.0,false,90.0,7.5
615331,186300,7,953,D. Stockdale,true,G,13.0,false,90.0,7.2
8126442,336544,1423,1423,M. Fanimo,true,,,false,,
3989582,47573,500,83431,Y. Komai,true,F,14.0,false,90.0,7.0
4027991,265559,4387,84836,Gastón Lezcano,false,M,31.0,false,19.0,6.6
4683253,96736,974,92549,Matías Ibáñez,true,G,12.0,true,90.0,6.5
332463,179020,53,35341,C. Neal,true,,1.0,false,,
1516863,207547,159,1121,Davide Santon,true,,21.0,false,,
2095400,220302,226,58644,Arnold Bouka Moutou,true,,3.0,false,,
250126,176615,47,18596,Stephen Warnock,true,M,22.0,false,,
2537758,231389,280,63941,F. Gerezgiher,false,M,27.0,false,12.0,6.2
3085045,244828,386,1418,K. Frei,true,M,29.0,false,90.0,8.0
3790650,139971,481,81566,L. Barraza,false,G,13.0,false,,
5389859,295033,1820,50955,Iker Guarrotxena,true,F,10.0,false,,
8565641,123145,1477,66445,J. Lammers,false,D,3.0,false,17.0,6.6
2440387,229166,3375,62502,Christopher Nöthe,true,M,18.0,false,,
8972680,154253,2781,69606,Safawi Rasid,false,F,11.0,false,10.0,6.9
7336346,103453,1094,138393,Robson dos Santos,false,,5.0,false,,
584816,185492,4,44385,Nikola Milenković,true,D,31.0,false,90.0,7.3
6709627,315173,4610,128158,J. Souza Motta,true,,,false,,
5431358,147159,1828,62410,Vieirinha,false,M,20.0,false,,
2743489,236244,335,68615,Alex,false,,9.0,false,,
5570363,126059,1503,68104,Igor Rossi,true,D,3.0,true,90.0,6.9
7169938,322404,965,78825,Rafinha,true,,6.0,false,,
8575210,123368,1472,67885,Sturla Ottesen,true,D,25.0,false,84.0,6.9
614064,186264,1,1033,M. Kightly,false,M,11.0,false,,
5233208,290862,882,101899,T. Kult,false,F,15.0,false,,
6878820,102225,1080,80062,Gonzalo Tapia,false,F,20.0,false,,
1816011,213649,160,57049,A. Siatounis,false,M,20.0,false,,
7867028,331650,1120,147278,Y. Cerdán,false,M,26.0,false,26.0,6.6
2228746,223769,233,61644,Ange Chibozo,false,F,17.0,false,8.0,6.3
8492353,344135,1468,66977,J. Cijntje,true,,19.0,false,,
5440958,295112,1831,75246,Aleks Petkov,false,D,5.0,false,8.0,6.6
1638950,210298,172,54951,Daniel Maldini,false,F,27.0,false,,
7555687,326619,4670,62990,D. Oliynyk,true,,11.0,false,,
6820783,143465,1764,130139,K. Michel,true,,,false,,
7125992,321354,4637,78184,Alípio,true,,,false,,
7564635,326869,1282,88055,J. Lipartia,false,,10.0,false,,
9490963,151309,1824,44070,Tetê,false,F,10.0,false,30.0,7.3
8286214,339876,1456,155232,L. Managadze,true,,,false,,
3128220,245874,388,69964,Serdar Saatçı,false,D,46.0,false,,
2863096,239107,327,70076,G. Quenda,true,M,57.0,false,90.0,7.3
762701,1952,41,45608,J. Obikwu,false,M,49.0,false,,
8301521,122411,1454,90589,Levani Kharabadze,false,,12.0,false,,
3151379,246430,371,43015,B. Celina,false,M,59.0,false,38.0,6.6
5973239,303982,1543,114516,D. Traore,true,,5.0,false,,
9245542,354102,1842,174574,Livramento,false,,86.0,false,,
2082585,219843,244,57991,Mathias Autret,true,,18.0,false,,
6978505,112926,1263,116172,L. Juric,false,G,96.0,false,,
6022299,304531,1166,104725,L. Capan,false,,31.0,false,,
2946159,241373,1433,71289,F. Andrijašević,true,M,31.0,false,,
6578872,313304,1040,118822,David Villalba,true,,,false,,
3977942,264364,500,83889,Toya Nakamura,false,D,24.0,false,14.0,6.6
9341007,355353,1828,103490,E. Kaçe,true,,26.0,false,,
9688364,359839,1234,131823,T. Hučko,false,,2.0,false,,
9240445,353960,1866,164834,Abzal Beysebekov,false,M,15.0,false,,
2137707,221615,3541,61076,D. Mancini,true,M,6.0,false,54.0,6.6
8358964,341380,1138,156967,J. Parima,false,,,false,,
5026796,286003,4477,98622,Zhang Wei,true,F,38.0,false,90.0,6.2
6108989,108381,1179,88281,D. Radonjić,true,F,9.0,false,,
5924302,127488,1537,113246,Khaled Ba Wazir,true,M,14.0,false,45.0,6.5
3056607,244059,379,72241,Burhan Eşer,true,,21.0,false,,
13832,169693,10,941,S. Riether,true,,27.0,false,,
4709044,96221,703,85881,José Canale,true,D,13.0,false,90.0,6.9
7836347,330823,1315,145561,Nemanja Jorgić,false,G,23.0,false,,
2426892,228790,3414,64140,Z. Dedič,false,F,29.0,false,,
1395231,205021,3189,19138,Iván Calero,false,D,21.0,false,,
4163409,267282,561,81393,Jørgen Skjelvik,false,D,16.0,false,23.0,6.6
4270425,269849,583,88097,D. Glebov,true,M,15.0,false,90.0,6.7
6869258,102472,1081,93224,J. Rojas,false,D,13.0,false,9.0,6.7
2786283,237430,329,48135,Fábio Coentrão,true,D,17.0,false,65.0,6.9
1005686,195793,53,35161,Jamie Proctor,true,F,13.0,false,90.0,6.6
6012772,304260,4559,115856,M. Ivkić,false,,12.0,false,,
5565585,125940,935,106490,Mohammed Al Oufi,false,D,23.0,false,,
2764943,236838,333,68544,Zequinha,true,M,87.0,false,60.0,6.3
1581365,209000,3463,52409,F. Costa,false,M,33.0,false,,
6504556,311429,1649,123381,H. Ogbi Benhadouche,true,,,false,,
9374115,150568,118,48279,D. Machís,true,M,11.0,false,90.0,7.3
1729597,212333,185,52490,S. D'Elia,true,D,6.0,false,,
3369319,251681,412,43735,Scott Banks,true,,25.0,false,,
1192404,200416,108,48710,Lucas Vázquez,true,M,17.0,false,90.0,6.8
1999530,217946,223,58865,Dimitri Liénard,false,M,11.0,false,1.0,
8258841,339105,1454,73578,S. Lobzhanidze,true,,,false,,
7513989,136070,1672,141586,Sihle Nduli,false,M,8.0,false,,
7905029,105306,1130,94860,Bryan Reyna,false,M,11.0,false,14.0,7.0
6270565,307874,988,118570,E. Blanco,true,M,15.0,false,90.0,6.9
827035,191388,50,35233,D. Butler,true,D,3.0,false,90.0,6.2
5550390,296492,928,106906,N. Korzun,true,M,8.0,false,90.0,7.3
4938090,284020,771,86530,N. Poulsen,true,M,6.0,false,90.0,7.3
3840070,260567,478,35875,R. Kent,false,F,77.0,false,19.0,6.3
733590,189513,33,1417,G. Moncur,false,M,18.0,false,,
7416567,325080,1269,139899,T. Mütəllimov,true,,14.0,false,,
8521998,124394,1465,46098,Brian De Keersmaecker,true,M,18.0,false,75.0,6.5
9171626,116527,1348,68428,L. Silva,true,M,7.0,false,,
566613,181,8,42773,E. Adebayo,true,F,11.0,false,71.0,6.9
1519701,207611,153,54182,D. Croce,true,,11.0,false,,
951839,194302,70,35874,J. Fitzwater,false,D,16.0,false,,
1702377,211707,4325,52425,Mauro Coppolaro,true,D,13.0,false,,
7874141,331845,1130,147165,C. Elias,false,M,18.0,false,6.0,6.5
8068886,335543,1780,149677,K. Espinoza,true,,,false,,
3679944,258716,469,80799,A. Jahn,false,F,14.0,false,,
1066551,196933,91,42249,Robbie Cundy,false,D,24.0,false,15.0,6.9
6407582,309730,1202,99876,Filipe Oliveira,false,,16.0,false,,
5010099,285638,805,97912,Xinli Peng,true,M,25.0,false,90.0,7.2
7449609,113447,1270,116666,R. Abdullazada,false,,11.0,false,,
5766856,300736,1611,111128,Ahmed El Saadani,true,,,false,,
4832697,281309,758,95991,Hannes Sveijer,false,G,35.0,false,,
1059561,7745,90,45632,S. Adom-Malaki,true,M,3.0,false,90.0,6.2
3004196,27800,348,71708,Kristian Arnstad,false,M,61.0,false,,
6197356,99551,1019,118058,Carlos Garcés,false,F,11.0,false,,
9200403,353066,1343,70446,Tiago Freitas,false,M,88.0,false,,
8079629,145642,1780,80990,L. Garrido,true,,,false,,
4780865,279880,4451,41677,D. Bergqvist,true,D,6.0,false,90.0,7.9
6096032,108999,1182,97336,M. Lüftner,true,D,6.0,false,,
707513,188826,4,19027,Cyrus Christie,true,D,2.0,false,90.0,6.2
7471340,325655,1684,140722,N. Mdabuka,true,,8.0,false,,
3765240,140289,488,80754,K. Manneh,false,F,23.0,false,3.0,
1448285,205996,129,52209,Pau Sans,false,F,29.0,false,,
4324493,270898,605,89025,Artem Kasimov,false,D,38.0,false,,
10572,169604,38,993,A. Williams,true,,6.0,false,,
2934807,241061,349,71208,Jean Thierry Lazare Amani,true,M,8.0,false,,
690664,188383,46,43784,Michael Olise,true,M,21.0,false,90.0,7.6
6256710,307491,976,93747,Sebastián Villa,false,M,15.0,false,1.0,
1717377,212058,155,52482,Camillo Ciano,true,F,28.0,false,,
272214,177230,75,18867,H. Forrester,false,M,11.0,false,,
9554842,155309,432,79056,Matheus Martinelli,true,M,8.0,false,79.0,6.2
5459213,295573,1802,105091,G. Kanga,true,M,9.0,false,,
10021951,370220,305,18955,Reza Ghoochannejhad,false,,8.0,false,,
8412952,106662,1148,158017,J. Cadenas,false,,30.0,false,,
1557354,208461,3492,53917,F. Cacciatore,true,D,29.0,false,90.0,5.9
8677982,143307,1758,161410,A. Marshsall,false,,7.0,false,,
4172438,267534,571,35258,E. Holmen Johansen,true,G,12.0,false,90.0,5.9
1571757,208784,169,53547,Emiliano Moretti,true,D,24.0,false,90.0,6.8
8949278,151623,1930,44575,Martín Zubimendi,true,M,18.0,false,120.0,7.9
7136587,321613,4641,77256,Renan Teixeira,true,,,false,,
8862241,349286,1608,164423,Sahil Tavora,false,M,8.0,false,,
8296060,340153,1450,154885,G. Machaidze,false,,12.0,false,,
8142361,120477,1409,151722,E. Mulalić,true,,,false,,
1455554,206162,118,52931,Oscar Naasei,false,D,28.0,false,,
7761779,330675,1313,97362,Ibrahima Mame Ndiaye,true,F,15.0,false,,
5083361,287214,851,73476,Junior Maranhão,false,D,12.0,false,,
2233176,223890,230,58853,Mickael Nade,true,D,3.0,false,90.0,7.7
3678075,258665,471,80280,J. Watson,true,D,27.0,false,90.0,7.8
2949112,241453,361,71199,E. Acolatse,false,F,29.0,false,,
4017118,265267,4385,84075,Kotaro Hayashi,true,M,26.0,false,89.0,7.2
2003585,218048,226,58542,Sada Thioub,false,F,22.0,false,,
10031236,165159,4271,66849,K. Engbers,true,,15.0,false,,
7723663,129944,1584,72119,R. Teague,true,M,6.0,false,90.0,7.0
5477110,147134,1812,105611,Lukas Krystufek,false,D,25.0,false,,
1023118,196281,63,35580,A. Chapman,false,G,1.0,false,,
5420000,147831,1832,104450,V. Mantzis,true,F,99.0,false,90.0,6.5
2130212,221407,3745,59007,P. Vlachodimos,true,M,17.0,false,61.0,6.3
9154647,116693,1337,45151,Tomás Esteves,false,D,60.0,false,,
285269,177593,45,34906,J. Ryan,true,M,14.0,false,,
7772030,117658,1305,88901,Strahinja Eraković,true,D,25.0,false,,
2796823,237722,332,50178,André Almeida,false,M,70.0,false,,
7977845,333323,322,69502,G. Souza,true,,1.0,false,,
6698372,314859,1054,48984,Jonathan Rodríguez,false,,,false,,
1044752,7336,91,35792,Daniel Crowley,true,F,7.0,false,80.0,7.3
8532372,123882,1468,159135,S. Meijer,true,F,9.0,false,90.0,6.9
5697539,297839,1509,108857,Lee Min-Ki,false,,3.0,false,,
3687881,258937,474,80271,W. Bruin,false,F,12.0,false,33.0,6.4
2617519,233500,306,66616,Deroy Duarte,false,M,15.0,false,,
7270309,93397,955,137465,Lucas Rian,true,M,77.0,false,64.0,7.0
2499423,230731,271,64748,Erich Berko,false,F,40.0,false,1.0,
5047704,286371,797,98614,Yun Liu,false,M,7.0,false,45.0,6.6
3537607,255578,2790,78129,Renato Kayzer,true,F,79.0,false,85.0,7.0
3658287,258114,477,80441,D. Duka,true,,8.0,false,,
3846057,260717,485,82154,Stiven Jimenez,false,M,37.0,false,,
7049680,129042,1560,134477,D. Iri,false,,15.0,false,,
6175998,100001,1012,118205,R. Oñate,false,,4.0,false,,
5019211,285837,820,98748,Jun-ho Son,true,M,28.0,false,90.0,8.3
7056508,128785,1562,133939,S. Mohammadifard,false,,2.0,false,,
5580164,125820,925,44902,A. Soudani El,false,F,2.0,false,29.0,6.9
5492042,146392,1795,105477,A. Rusek,true,M,14.0,false,,
9886474,162806,254,44368,Niclas Füllkrug,true,F,11.0,false,90.0,7.0
2838420,238779,322,59163,Jhonder Cádiz,true,F,29.0,false,70.0,6.2
3953423,263684,4376,83172,Ryo Takeuchi,true,M,6.0,true,90.0,7.7
10010267,369808,5822,214584,Juninho,true,,80.0,false,,
6675597,110393,1226,126768,A. Rikan,true,,22.0,false,,
3430021,253118,437,77275,Obina,false,,,false,,
3590639,37061,423,78653,Everaldo,false,F,37.0,false,35.0,6.6
1446785,205962,3208,52901,Yeremay Hernández,true,F,10.0,false,90.0,8.7
5181667,289388,836,52596,Alessandro Murgia,false,M,11.0,false,16.0,6.7
4579453,277003,683,91855,Karol Knap,false,M,20.0,false,26.0,6.9
2598436,233031,1479,65816,Christian Kum,false,D,3.0,false,35.0,7.0
5383104,294845,1822,99390,D. Balauru,false,,33.0,false,,
7257969,93881,955,78811,Janderson,true,F,77.0,false,76.0,7.2
7271383,93421,955,79221,Maycon Cleiton,false,G,12.0,false,,
3202461,247315,405,74705,P. Heffernan,true,,14.0,false,,
2399243,228020,281,64241,D. Hohs,false,,22.0,false,,
3262433,248986,407,1751,Thomas James,false,D,17.0,false,,
6292156,308470,976,119396,Julián Quiñones,true,D,3.0,true,94.0,6.9
6793334,144302,1772,129440,B. Vega,true,,,false,,
4784988,279994,750,63833,Eric Smith,false,M,14.0,false,5.0,6.4
8567537,123189,1479,64986,E. Peña Zauner,true,M,7.0,false,45.0,6.2
9803760,157437,2575,188225,L. Brooks,true,,,false,,
1177652,200006,113,49265,Iván Alejo,false,M,23.0,false,26.0,6.1
1989033,217677,207,59161,Hicham Boudaoui,true,M,28.0,false,90.0,7.1
3038352,243551,370,974,A. Ferdinand,false,,55.0,false,,
3772929,139523,471,81464,Ema Twumasi,true,D,22.0,false,88.0,6.2
4041783,265942,539,81732,Javier López,true,,10.0,false,,
6593045,100394,1032,125612,Hugo Valdez,true,,7.0,false,,
599166,185850,33,1637,Chuba Akpom,true,F,19.0,false,,
1371833,204488,106,48086,Abdón Prats,false,F,9.0,false,17.0,6.9
3593365,37115,2790,79481,Mycael,false,G,41.0,false,,
5120521,288211,867,100333,Sebastian George Ivan,false,F,25.0,false,,
9512719,356658,1236,117127,K. Bajrič,true,D,12.0,false,90.0,6.2
6616992,313669,1219,126775,I. Shemesh,false,,24.0,false,,
1207036,200787,117,49576,H. Herrera,false,M,16.0,false,,
1481115,206734,159,49102,M. Livaja,false,,88.0,false,,
5213190,290289,4511,101708,M. Ojala,false,,14.0,false,,
8612442,345140,1500,90565,M. Ošs,false,,,false,,
8026888,119060,1401,149029,L. Todorov,false,F,30.0,false,,
3214245,247644,400,18527,S. McManus,true,,6.0,false,,
9904237,367127,3449,54033,A. Mastalli,true,,10.0,false,,
5526417,295874,1801,105285,Jakub Fulnek,false,M,11.0,false,,
9592948,158022,1027,125986,Estivel Moreira,true,M,8.0,false,78.0,7.0
3960990,263894,495,82762,T. Makino,true,D,5.0,true,90.0,6.9
5344339,293749,1824,18582,L. Steele,true,,15.0,false,,
7037637,129603,1571,68684,A. Haghighi,true,,1.0,false,,
8407688,106541,1148,157456,M. Henríquez,false,,15.0,false,,
1595189,209316,164,43755,Pierluigi Gollini,true,G,95.0,false,90.0,7.8
6695793,314717,1212,127651,B. Feldman,false,,44.0,false,,
4992875,285214,4479,98319,Zhang Xiuwei,true,M,8.0,false,90.0,6.8
2139665,221670,213,58991,Ibrahima Sissoko,true,M,27.0,false,90.0,7.6
1217463,201026,110,43048,J. Calleri,true,F,16.0,false,77.0,7.2
3681745,258766,470,80477,Teal Bunbury,true,F,10.0,false,62.0,6.3
9155770,116722,1350,68722,Hugo Seco,false,M,77.0,false,,
1748888,14245,166,54836,Nicolò Rovella,false,M,65.0,false,15.0,6.9
3941737,263366,496,67294,Naoki Maeda,true,M,25.0,false,90.0,7.1
3729762,260103,477,65807,Johan Kappelhof,true,D,4.0,false,90.0,6.9
2765321,236849,338,48231,Pizzi,true,M,21.0,false,90.0,9.1
9272324,354848,108,49286,Federico Valverde,false,M,15.0,false,,
1639840,210318,163,43959,Gianluca Scamacca,true,F,91.0,false,90.0,7.0
8567654,123191,1484,66919,Connor van den Berg,false,G,24.0,false,,
9135221,352777,108,48043,Diego López,false,,25.0,false,,
2079960,219760,3625,60337,D. Suarez,false,,18.0,false,,
3242476,248431,403,75166,B. Alston,false,,4.0,false,,
8139935,120398,1412,133052,Azur Mahmic,true,,,false,,
4889148,282663,779,91951,Benjamin Verbič,true,,7.0,false,,
9093242,160892,2852,166746,Erick Tellez,true,,,false,,
1582287,209021,169,54776,Soualiho Meïté,false,M,23.0,false,19.0,6.3
5424145,147455,1831,49581,L. Agbenyenu,false,D,15.0,false,,
9703189,360253,1310,122727,L. Zličić,false,M,18.0,false,,
959165,194496,82,35585,G. Morris,true,,1.0,false,,
666978,187726,30,970,D. Rudd,true,G,1.0,false,90.0,7.8
5042308,83115,805,98124,Xi Wu,true,M,15.0,true,71.0,6.6
7638468,114169,1287,143818,C. Cucos,false,D,2.0,false,,
1111855,198179,108,48133,Sergio Ramos,true,,4.0,false,,
6956962,318306,1251,132688,T. Pečnik,true,,28.0,false,,
5566220,125956,935,106751,Haroune Camara,true,F,70.0,false,82.0,8.2
4687978,95758,694,92673,Miguel Torren,true,D,2.0,true,90.0,6.5
1464324,206356,4323,50626,Dani Díaz,false,F,7.0,false,8.0,6.3
6012618,304256,1163,104293,G. Roce,true,,11.0,false,,
7830083,115224,1316,146214,Stefan Bastaja,true,D,16.0,false,90.0,7.3
3046073,243766,376,72627,E. İşcan,false,,67.0,false,,
499895,183704,18,1878,Sadio Mané,true,F,10.0,false,90.0,8.5
4542585,276309,4428,54407,D. Furman,false,M,92.0,false,8.0,6.7
346441,179410,2682,41621,T. Cruise,true,,21.0,false,,
1885283,214794,217,1815,Rémy Cabella,true,,20.0,false,,
2476196,230149,279,62923,Jannes Horn,false,D,21.0,false,,
1429085,11822,132,50079,Ander Martín,false,F,8.0,false,10.0,6.7
7945690,104452,1128,147898,Joshua Cantt,false,M,38.0,false,26.0,6.9
4183479,267846,553,86769,E. Skogvoll,false,M,17.0,false,14.0,6.5
6242350,307089,984,119717,Jhonny Vásquez,true,M,25.0,false,90.0,7.5
278283,177398,65,18661,C. Lines,false,M,14.0,false,,
9615133,357346,255,62354,Manuel Neuer,true,G,1.0,true,90.0,6.9
3606722,256858,961,79190,Luis Mandaca,false,M,44.0,false,11.0,6.7
359859,179783,8,42072,A. Wall,false,,10.0,false,,
5896184,302683,1538,113526,Waleed Siraj,true,D,99.0,false,,
2268705,224876,262,62401,G. Niedermeier,true,,6.0,false,,
9687140,359805,561,175861,Alexander Hansen,false,,12.0,false,,
4254915,269476,585,52965,N. Obolskiy,false,F,90.0,false,,
3713516,259649,472,43927,Tyler Adams,true,M,4.0,false,90.0,6.8
8902647,349543,1995,928,J. McClean,true,M,11.0,false,90.0,6.8
2415002,228460,263,64450,Christian Tiffert,true,,8.0,false,,
10009566,164272,4036,54818,Jorge Silva,true,,33.0,false,,
1575406,208866,155,52473,L. Ariaudo,false,D,15.0,false,,
3085120,244830,385,60469,Georgios Tzavellas,true,D,31.0,false,90.0,7.7
5584163,125439,933,107200,Mohammed Al-Qahtani,false,M,56.0,false,,
4530103,275996,1898,91735,M. Frydrych,true,D,25.0,false,,
8728844,347686,4748,80945,M. Franco,true,,23.0,false,,
4524663,275858,683,91694,Łukasz Zjawiński,false,F,99.0,false,,
7295411,323332,1094,137857,Carlos Melgar,false,,,false,,
6864269,102334,1080,55411,Diego Valencia,true,M,30.0,false,73.0,6.5
4562182,276705,668,51735,J. Elitim,true,M,22.0,false,61.0,7.0
8775386,142831,1743,81334,A. Basuljevic,true,,10.0,false,,
2665025,234653,311,67088,Thijs Jansen,false,G,30.0,false,,
4235366,269016,549,73057,Martin Linnes,true,D,21.0,false,90.0,6.9
4774505,279703,4446,95533,Jacob Ericsson,true,,5.0,false,,
538762,184720,12,43400,Marc Guéhi,true,D,6.0,false,90.0,6.3
9543036,155461,426,78132,Ayrton Lucas,false,D,6.0,false,30.0,6.5
8143106,120501,1410,151280,F. Erić,true,,,false,,
7352141,103234,1103,138163,Maximiliano Gómez,false,,11.0,false,,
4081801,138072,527,85322,Emanuel Gularte,false,D,17.0,false,,
9036946,157535,1979,18428,Craig Cathcart,true,D,20.0,true,90.0,7.3
7693432,329300,1583,144344,Jack Clisby,true,D,3.0,false,90.0,7.4
6733006,101189,1048,128638,Gastón Pérez,false,M,30.0,false,,
3018825,243030,356,71617,Edgaras Utkus,true,D,3.0,false,95.0,7.0
6401203,309538,1201,122106,D. Karan,true,,31.0,false,,
2859340,239013,326,49892,P. Sequeira,true,G,1.0,false,90.0,6.3
5987607,128354,1553,69398,Mehrdad Mohammadi,true,,7.0,false,,
938328,193934,47,45167,Oliver Cooper,false,M,31.0,false,10.0,6.7
489477,183414,18,43316,Fabinho,false,M,3.0,false,21.0,6.7
3580789,256532,955,79395,Léo Rafael,false,M,80.0,false,,
9849063,366223,9,43197,Sandro Ramírez,true,F,9.0,false,86.0,7.5
3085139,244830,379,73247,Tolgahan Acar,true,G,15.0,false,90.0,7.0
1144765,199093,3208,48545,Juanfran,true,D,11.0,false,90.0,6.4
6005113,304071,1554,115643,Jawad El Jamili,true,,21.0,false,,
1735080,12083,124,51602,R. Tresaco,false,F,18.0,false,11.0,6.3
2940421,241215,1445,60601,Christophe Diedhiou,false,D,25.0,false,,
9530390,156538,695,79772,Aníbal Moreno,false,M,29.0,false,20.0,6.3
8944663,151473,1969,63062,Konrad Laimer,true,M,20.0,false,84.0,6.9
3829339,139118,488,80851,Brad Stuver,true,G,1.0,false,90.0,6.5
5674168,126373,1513,108526,Kim Dae-Woo,true,F,14.0,false,,
4701066,96046,703,93713,Valentín Burgoa,false,M,10.0,false,21.0,6.7
3297952,30905,401,75466,Daniel MacKay,false,F,11.0,false,,
9199408,353041,1343,70468,Daniel Banjaqui,false,,58.0,false,,
7430903,113667,1277,139506,Asif Məmmədov,true,,11.0,false,,
2410786,228342,263,64451,P. Cwielong,false,,20.0,false,,
8311439,122298,1461,139501,R. Tevdoradze,false,,1.0,false,,
908592,5024,53,42033,D. Jones,false,D,3.0,false,25.0,6.6
4539563,276233,664,55622,Filip Marchwiński,false,M,11.0,false,15.0,6.3
6986594,112404,1253,66921,Marko Kolar,false,F,24.0,false,,
6556400,133827,1641,123492,M. Rebiai,true,,,false,,
8991590,155683,1914,1388,Serge Gnabry,false,F,10.0,false,30.0,6.9
3470491,254075,432,48705,Júlio César,false,G,22.0,false,,
6159051,306246,1004,118226,Michael Chala,false,,4.0,false,,
6768466,316437,1768,129291,Y. Wright,false,,,false,,
9249916,354224,1293,104381,Evgeniy Khacheridi,true,D,34.0,false,90.0,7.3
7388039,324292,1273,139760,E. Celik,true,,22.0,false,,
8406489,106513,1152,158049,L. Lonsdale,false,,28.0,false,,
5648961,127032,1515,108256,Jae-mun Ryu,true,M,29.0,false,45.0,6.5
32161,170202,36,1791,M. Diouf,true,,18.0,false,,
5758810,298925,1611,110714,Mohamed Abdul Fatah,true,,4.0,false,,
1849677,16256,185,56571,Danilo Quaranta,false,D,14.0,false,13.0,6.5
7482963,325978,1670,70505,Ovidy Karuru,true,,11.0,false,,
5507715,146217,1810,105901,K. Ikugar,false,F,99.0,false,21.0,7.0
4609109,277785,713,93343,Emmanuel Ojeda,false,M,22.0,false,,
6343514,97527,979,119787,Sebastián Tamara,true,M,8.0,false,89.0,7.2
482702,183226,1,1404,J. Cork,true,M,4.0,false,90.0,7.0
6343236,97520,987,119540,Luis Vásquez,true,G,12.0,false,90.0,6.3
5667445,126659,1505,108506,Min-jun Kim,true,M,17.0,false,24.0,6.9
3676108,258610,468,80803,J. Stertzer,true,M,27.0,false,81.0,6.7
2259793,224628,272,62752,Genki Haraguchi,true,,24.0,false,,
8026866,119060,1385,137121,Breno Teixeira,false,F,7.0,false,,
8406531,106514,1149,110107,Ade Oguns,false,,15.0,false,,
9970041,163595,3762,199540,J. Boriel,true,,,false,,
4157097,267106,573,86452,N. Baranov,true,D,27.0,false,90.0,7.2
7374599,323987,1089,139194,J. Ramallo,true,,2.0,false,,
7253482,93781,955,79158,André Luiz,false,G,67.0,false,,
5486623,146813,1810,105066,Antonin Fantis,false,F,15.0,false,,
7316175,323910,1110,137931,F. Adrián,false,,18.0,false,,
9286723,149127,1821,42962,Yann M'Vila,false,M,6.0,false,,
7485258,326041,4659,141169,S. Hlubi,false,,7.0,false,,
669797,187804,33,18426,Nouha Dicko,false,F,9.0,false,,
2326865,226462,277,63140,Robin Bormuth,false,D,32.0,false,,
8411951,106639,1143,157049,N. Hernandez,true,,33.0,false,,
5507989,146223,1805,105000,J. Kopic,false,M,10.0,false,,
1750198,14275,153,55567,Stiven Shpendi,false,F,7.0,false,49.0,6.7
2516787,231168,277,62632,Daniel Ginczek,false,F,10.0,false,19.0,6.5
3345422,251009,409,19218,T. Andreu,true,,19.0,false,,
9239328,353929,622,89532,Philipp Schobesberger,false,M,7.0,false,,
212720,175573,2704,34789,C. Weale,true,,1.0,false,,
8643430,125139,1493,160762,D. Fedorovičs,true,,5.0,false,,
7991584,333832,325,148471,Fabrício Simões,true,,9.0,false,,
474061,182986,6,1084,J. Collins,true,D,19.0,false,90.0,6.7
6473650,109279,1201,122719,Csaba Belényesi,true,D,18.0,false,,
3524362,255284,965,68973,Jean Cleber,true,M,15.0,false,90.0,7.4
6822262,143506,1762,1366,Iago Falque,false,,,false,,
6237789,306957,993,119574,Venji Castrillón,true,M,23.0,false,90.0,6.3
3230317,248092,4358,75095,C. Nadé,false,,27.0,false,,
9751417,361591,34,41657,J. Cole,true,,1.0,false,,
5368386,294436,1828,104266,Aleksandar Prijović,true,F,9.0,false,,
8784501,142288,1725,162282,E. Armstrong,false,,2.0,false,,
3961973,263921,4376,83728,Kenta Nishizawa,false,M,16.0,false,25.0,6.6
930080,193707,56,45112,Z. Jeacock,false,G,31.0,false,,
7793290,115577,1324,145425,Dino Dolmagić,false,D,13.0,false,,
3836876,260488,476,82409,Ian Glavinovich,true,D,2.0,false,71.0,7.3
4964643,284498,1963,97501,Magnus Jensen,true,D,5.0,false,90.0,5.9
8410204,106599,1144,157703,Diego Guillen,false,,18.0,false,,
4301739,270594,599,88581,Dmitri Landakov,false,G,13.0,false,,
1483004,206778,183,53567,Steve von Bergen,true,,25.0,false,,
647598,187189,32,1435,Ryan Tunnicliffe,true,M,18.0,false,90.0,6.6
5108344,287903,859,100089,M. Kocič,false,M,32.0,false,,
282300,177510,62,18713,M. Crooks,true,M,22.0,false,,
4664213,96313,694,88753,César Florentín,true,M,10.0,false,89.0,7.2
7222292,94595,965,136282,Rodrigo Rodrigues,false,F,29.0,false,,
6651195,111219,1216,127042,F. Abu Akel,true,M,23.0,false,,
6005020,304069,1551,114596,A. Ali,true,,15.0,false,,
3585434,256634,2789,77354,Mayke,false,D,12.0,false,16.0,6.5
511068,184012,12,43483,Tyrick Mitchell,false,D,39.0,false,,
1183369,200165,122,18536,Rubén Rochina,true,M,16.0,false,90.0,7.2
4559084,67898,663,91655,Kacper Trelowski,false,G,35.0,false,,
7463515,325437,1669,140737,T. Mncwango,true,,27.0,false,,
3322680,250353,419,75965,L. Ellis,true,,,false,,
8318579,122116,1455,155790,T. Kikabidze,true,,22.0,false,,
511915,184034,13,1580,D. Gayle,true,F,12.0,false,70.0,7.3
4501131,275237,4428,91293,G. Merebashvili,false,F,10.0,false,,
414534,181309,2704,42234,Omar Sowunmi,false,,17.0,false,,
7749491,330161,1332,122728,M. Bjeloš,true,,8.0,false,,
7816568,115513,1319,146194,Pavle Mihajlović,true,D,99.0,false,90.0,6.7
6257426,307511,994,119476,F. Nájera,false,D,5.0,false,,
8177687,137174,1705,152879,H. Mohamadi,true,,,false,,
251953,176665,76,35323,S. Nelson,false,G,1.0,false,,
5007440,285583,823,98678,Jiyu Zhong,true,M,22.0,false,57.0,7.6
8288900,339951,1461,58483,L. Kikabidze,false,,,false,,
1604081,209519,161,44136,J. Kluivert,true,F,99.0,false,66.0,6.5
9536221,155998,707,94721,F. Londono,false,F,18.0,false,,
1193604,200449,101,45519,Tomáš Vaclík,true,G,1.0,false,90.0,6.3
6088875,108819,1179,71200,M. Manias,false,F,11.0,false,,
8666213,124717,1490,161005,A. Galajs,true,,18.0,false,,
4467266,274612,644,66833,Jordy Wehrmann,false,M,6.0,false,,
8613212,345162,1500,160015,D. Petrenko,true,,,false,,
503074,183792,2,1606,Fernandinho,true,D,25.0,false,90.0,7.3
4951195,80449,783,63202,Jean-Manuel Mbom,true,M,18.0,false,90.0,7.0
8708581,347115,1725,81199,B. Swanson,true,,26.0,false,,
5497887,146538,1796,105590,V. Sinyavskiy,true,M,99.0,false,96.0,
5284668,292241,900,102921,Conan Noonan,false,,34.0,false,,
422430,181538,77,34960,J. Dunne,true,M,8.0,false,,
498114,183654,12,43074,M. Batshuayi,true,F,23.0,false,65.0,6.3
972767,194875,34,1260,S. Wootton,true,D,5.0,false,90.0,6.8
3243263,248453,418,19067,Ryan Edwards,true,M,19.0,false,,
3531463,255442,437,78075,Juninho,true,D,40.0,false,90.0,7.3
4730440,95054,719,93919,Rodrigo Cabral,true,M,16.0,false,71.0,6.9
8951971,349757,2629,48612,Christian Cueva,true,M,8.0,false,45.0,6.7
1168041,199739,116,44811,Alfonso Pedraza,false,M,17.0,false,19.0,7.1
7096396,320616,960,107796,Adriano,false,,,false,,
9393949,150026,168,54819,Nicolò Fagioli,true,M,44.0,false,90.0,7.7
8893161,349405,1916,1179,Eden Hazard,false,,10.0,false,,
9888019,162845,284,43460,Philip Heise,true,D,16.0,false,90.0,7.3
5777783,301084,1621,111385,Ibrahim Adel,true,F,30.0,false,,
8458030,343252,1468,65846,Tim Coremans,true,G,1.0,false,,
8128236,120804,1418,116338,M. Brtan,true,,,false,,
603433,185969,29,19305,L. Freeman,true,M,15.0,false,71.0,6.0
2333939,226640,255,46477,Ron-Thorben Hoffmann,false,G,39.0,false,,
2543695,231538,277,62552,Matthias Zimmermann,true,M,25.0,false,89.0,6.9
8263465,339237,1458,155054,G. Chelebadze,true,,,false,,
907390,4993,56,46329,S. Roughan,true,D,23.0,false,90.0,7.3
15383,169736,36,1079,C. Adam,true,,16.0,false,,
4569748,276760,662,91306,H. Sobol,false,F,17.0,false,10.0,6.6
6814597,143848,1767,115149,J. McDonald,false,,,false,,
7907277,105368,1124,147641,Nahuel Rodriguez,true,F,13.0,false,54.0,6.3
2924627,240781,358,71150,X. Mercier,false,SUB,25.0,false,,
1523793,207703,171,53422,Antonio Mirante,true,G,83.0,false,90.0,7.6
5314636,292926,912,46802,T. Lonergan,true,F,18.0,false,90.0,7.3
4750242,279176,973,95093,Sheyko Studer,true,D,42.0,false,90.0,7.0
577210,185301,9,1027,Asmir Begović,false,G,31.0,false,,
8873147,131297,1607,77912,Eli Sabiá,true,D,13.0,false,90.0,7.3
8931312,152760,1994,42028,R. Styche,false,F,9.0,false,24.0,6.7
9113165,351809,2841,168087,K. Franklyn,true,,17.0,false,,
7148274,321893,4633,77044,Diones,true,M,8.0,false,90.0,7.6
5790244,133689,1614,111250,Ahmed Shousha,true,D,24.0,false,,
2013175,218289,208,44541,Reinildo Isnard Mandava,true,D,28.0,false,83.0,6.5
2935760,241087,358,66632,B. Verboom,false,D,23.0,false,,
3598016,37216,2789,78704,Rony,false,F,10.0,false,33.0,6.5
2318888,226261,269,43935,Moussa Niakhaté,true,D,19.0,true,90.0,6.7
3373038,251785,405,47519,E. Murray,true,,5.0,false,,
2128880,221370,213,48555,Alexandre Coeff,true,M,29.0,false,90.0,6.8
9605011,357181,441,77804,Victor Luis,false,D,12.0,false,,
3063851,244260,379,73060,C. Tănase,false,M,20.0,false,18.0,6.5
2341062,226820,260,62654,Kerem Demirbay,true,M,10.0,false,90.0,8.2
8950298,349720,2630,49408,Arturo Vidal,true,M,8.0,false,,
8488114,344028,1481,55630,Mitchel Bakker,true,,5.0,false,,
3974203,264260,4376,83999,Se-hun Oh,false,F,20.0,false,,
3769977,140410,486,80281,Joe Willis,true,G,1.0,false,90.0,7.2
10007244,164425,336,68766,Cláudio Ramos,false,G,14.0,false,,
3135478,246050,379,64130,K. Altinay,true,D,21.0,false,90.0,7.3
2009769,218203,207,55457,Flavius Daniliuc,true,D,5.0,false,90.0,7.5
2081107,219796,3541,57956,S. Bouhours,true,,25.0,false,,
4155934,267074,550,86184,Bassel Jradi,true,M,8.0,false,72.0,6.9
5364861,294338,1835,103949,N. Golias,true,D,16.0,false,,
6368218,97318,987,121036,Andrés Dávila,false,D,16.0,false,,
2455003,229572,3389,63269,Markus Schubert,false,G,1.0,false,,
2156841,222143,3655,61026,Opa Sangante,true,M,19.0,false,90.0,7.4
8127664,120785,1418,151346,I. Crnov,false,,,false,,
898857,4756,52,46630,Lucas Ness,false,D,5.0,false,11.0,6.6
8267092,339338,1448,155344,I. Rukhadze,true,,,false,,
5717174,132334,1361,109137,H. El Moussaoui,true,,3.0,false,,
6569034,313019,1031,125464,B. Duarte,true,,,false,,
9545295,155630,1029,126174,Alex Franco,false,F,31.0,false,,
7255385,93823,959,136504,Robinho,true,M,10.0,false,99.0,7.2
7323331,104118,1098,138243,C. Zabala,true,,28.0,false,,
4919751,283514,779,59763,Mohammed Daramy,false,F,11.0,false,,
6985664,112744,1255,105984,K. Mihelak,true,G,1.0,false,,
2635019,233928,300,62935,Leon Guwara,false,D,5.0,false,,
8410752,106612,1140,120865,R. D. Flores Barrios,true,,17.0,false,,
3141913,246203,378,73881,Ayoub El Kaabi,false,F,25.0,false,,
9829011,365664,48,18558,B. Alnwick,true,,12.0,false,,
9111315,159298,1992,165207,Christian García,true,D,,false,,
6184761,99732,1003,68834,E. Farias,true,F,27.0,false,,
1141371,198999,113,43291,Vicente Guaita,true,G,13.0,false,90.0,7.4
5806442,133483,1629,111789,Ahmed Bassiouny,false,M,36.0,false,,
7492206,326235,1690,68239,Jonas Mendes,true,,1.0,false,,
6192413,99433,1011,118307,R. Murillo,false,M,17.0,false,,
860654,192322,67,46469,G. Horton,false,D,24.0,false,,
1546506,208216,169,52435,Samuel Gustafson,false,M,16.0,false,,
4133563,137597,525,55114,J. Brunetta,true,F,11.0,false,90.0,7.0
3718111,259776,465,80915,Patrick Mullins,false,F,16.0,false,8.0,6.4
437404,181956,2685,42720,Sam Surridge,false,F,9.0,false,,
4637699,278570,694,49529,N. Pérez,false,D,6.0,false,,
3807964,42652,478,45221,Jordan Morris,true,M,13.0,false,90.0,6.3
735213,189558,38,45275,Kyle Joseph,false,F,14.0,false,1.0,
3480936,254311,954,78451,Elias Lira Nogueira Júnior,false,D,42.0,false,,
1310818,202837,115,49795,Jon Ander Garrido,false,M,5.0,false,,
1341528,203686,99,51336,Chema Núñez,false,M,8.0,false,25.0,6.5
5029894,286068,795,98396,Shuai Yang,true,D,3.0,false,83.0,7.0
8331942,340252,1446,117136,R. Injgia,true,,31.0,false,,
7226553,93932,441,62684,Bruno Nazário,false,M,7.0,false,,
3517322,255128,433,78699,M. Sarrafiore,true,F,29.0,false,90.0,6.9
1054356,7600,80,46574,R. Hendry,true,M,8.0,false,90.0,6.9
5970096,303895,1545,114648,Naif Mubarak,true,,15.0,false,,
5575371,125702,925,106269,Mansour Hamzi,true,D,7.0,false,73.0,6.3
2355647,227188,273,63350,C. Brunner,true,D,27.0,false,90.0,6.3
5605185,117040,1356,106934,Abdulrahman Al-Safri,true,M,8.0,false,80.0,6.3
7130214,321458,962,77640,Germano,true,,,false,,
1964381,216993,216,1620,Stevan Jovetić,true,F,10.0,false,90.0,7.5
6403626,309620,4574,122208,G. Dvorschák,true,,14.0,false,,
4462101,274479,650,90746,Nikolas Muci,false,F,27.0,false,15.0,6.3
6235557,306898,1004,119158,Jeremy Mejia,false,M,55.0,false,27.0,6.2
4601775,277582,4441,80582,S. Grazzini,false,,20.0,false,,
7739702,329808,1319,55046,Miloš Vulić,false,,10.0,false,,
1563794,208605,166,1070,Lucas Leiva,true,M,6.0,false,58.0,7.0
394006,180737,2702,18332,J. Hoyte,true,,32.0,false,,
4574407,276877,660,88565,Dušan Stojinović,false,D,3.0,false,10.0,6.5
7487500,326104,1676,141323,Tebogo Tlolane,true,,21.0,false,,
4239386,269107,602,87806,Dmitriy Smirnov,false,M,24.0,false,,
6388814,309103,985,85887,Faber Andrés Gil,true,M,17.0,false,27.0,6.3
905165,4931,53,18347,J. Leutwiler,false,G,13.0,false,,
1589748,209192,157,53836,Daniel Bessa,true,M,24.0,false,90.0,7.4
8907592,150814,1964,75146,Greg Taylor,true,D,23.0,false,90.0,6.4
5946686,303062,1548,114541,Khalid Muftah,true,,77.0,false,,
5812158,133014,1612,111081,Halimo,true,,17.0,false,,
9506914,356541,1492,160960,M. Ngom,true,D,3.0,false,,
7774944,117727,1320,90623,F. Holender,true,,8.0,false,,
8816874,141319,1730,162414,R. Cicerone,true,,11.0,false,,
9791075,161140,2641,187566,M. Bowman,false,,,false,,
8131440,120911,1425,132029,J. Pavlović,true,,,false,,
4783107,279942,750,86845,Jón Guðni Fjóluson,true,D,3.0,false,90.0,8.0
1658312,210712,154,55188,Yayah Kallon,false,F,30.0,false,,
352602,179581,2682,35094,K. Hawley,false,,9.0,false,,
295156,177868,75,36001,William Nightingale,false,D,5.0,false,,
7694820,329343,1590,144485,T. Heward-Belle,true,G,20.0,false,90.0,6.0
6025737,304712,1168,115809,G. Blažević,false,,13.0,false,,
528029,184450,18,43700,B. Koumetio,false,D,89.0,false,,
2957988,241699,352,71109,Olivier Myny,false,F,22.0,false,,
8068161,335496,1791,150264,J. Archibald,true,,,false,,
7813825,115450,1310,57706,Seid Korać,true,D,6.0,false,90.0,7.6
7189022,322845,434,78971,Sabino,true,D,35.0,false,90.0,7.7
1719762,212112,174,56468,Matteo Procopio,false,D,2.0,false,,
5969217,303870,1554,93209,L. Vázquez,true,,10.0,false,,
9207052,353234,1387,173963,B. Galchev,true,M,8.0,false,,
31707,170190,26,922,S. Sessègnon,true,,29.0,false,,
7243108,93546,961,79332,Daniel,false,F,39.0,false,,
4931757,283845,782,67756,Ivan Mesík,false,D,25.0,false,23.0,6.7
3895136,262087,4381,82773,N. Yamagishi,true,,1.0,false,,
8186322,136856,1699,146346,L. Ben Hassine,true,,,false,,
5359711,294195,4520,64434,D. Epstein,true,M,26.0,false,,
5571148,126078,936,107152,Rayan Albloushi,false,F,32.0,false,,
1098373,197804,122,44082,Keylor Navas,false,,13.0,false,,
3990401,47595,520,84055,Shinnosuke Fukuda,true,D,20.0,false,90.0,7.9
7021043,319528,1559,73400,Vahid Amiri,true,,19.0,false,,
6299725,98724,979,120279,J. González,true,,25.0,false,,
6827847,143663,1770,129689,G. Barrera,false,,,false,,
8997971,156056,1965,81822,D. Gazdag,false,M,16.0,false,32.0,6.9
7070468,319925,958,77424,Victor Ramos,true,,,false,,
8272585,339492,1454,140179,D. Volkovi,false,,,false,,
360365,179798,51,36487,Sido Jombarti,true,,2.0,false,,
3048426,243832,4335,72913,Kaan Kanak,true,,17.0,false,,
3402538,252396,411,76695,D. Gold,false,,7.0,false,,
1368815,204421,134,48857,Pablo Clavería,true,M,21.0,false,90.0,6.6
8363545,341507,1151,81348,Luis Daniel González,true,,,false,,
24855,169999,36,1633,Marko Arnautović,true,,10.0,false,,
331563,178994,62,34745,E. Oyeleke,false,,23.0,false,,
1926671,215947,238,58011,Jimmy Briand,false,F,23.0,false,17.0,6.2
3962162,263926,492,82842,Young-Gwon Kim,true,D,19.0,false,90.0,7.3
7791660,116135,1329,117345,D. Marković,false,G,1.0,false,,
537287,184683,7,43648,Jakub Moder,true,F,15.0,false,90.0,7.0
3357557,251350,398,44400,Ross Stewart,true,,27.0,false,,
1157215,199439,108,48404,Nacho Fernández,true,D,6.0,false,81.0,6.6
7200051,94844,966,136106,Bruno Santos,false,D,16.0,false,31.0,6.6
3620950,257167,954,78965,Chico,true,D,44.0,false,90.0,7.2
2671670,234807,301,67220,D. Nunumete,false,M,35.0,false,,
2113759,220904,3745,59001,Renaud Ripart,true,M,20.0,false,,
3887573,261876,504,82817,J. Inamoto,false,,20.0,false,,
6453693,109994,1200,117189,I. Bognár,true,M,14.0,false,,
7114009,321058,964,136008,Guilherme Lucena,true,,2.0,false,,
6046167,107610,1164,115806,A. Jovicic,true,D,3.0,false,90.0,6.5
8077457,145592,1780,149928,C. Perdomo,false,,,false,,
1097645,197784,122,48197,Juanlu,true,,20.0,false,,
233459,176151,66,35494,Sullay Kaikai,false,,11.0,false,,
7211184,94342,941,69246,Lucas Franca,false,G,12.0,false,,
6161047,306301,1018,118015,M. Castillo,false,,17.0,false,,
4208603,268498,553,82250,D. Gjengaar,true,M,24.0,false,79.0,6.5
918579,193388,61,36645,Charlie Kelman,true,F,23.0,false,90.0,6.3
8665064,124688,1488,161155,A. Fall,true,,25.0,false,,
6153069,305916,1016,84973,Gabriel Cortez,true,,,false,,
2428051,228823,265,43460,Philip Heise,true,D,8.0,false,,
8604497,344903,1465,159419,S. Simons,true,M,8.0,false,79.0,6.2
9695424,360037,1313,63458,Erhan Mašović,false,D,55.0,false,,
82683,171749,12,1572,D. Gabbidon,false,,33.0,false,,
8788706,142406,1728,92622,M. Fissore,true,,7.0,false,,
7668270,328517,1583,54572,T. Sainsbury,true,,16.0,false,,
9872900,366608,264,62477,Daniel Caligiuri,true,,7.0,false,,
1196324,200525,103,48371,Portu,true,F,7.0,false,90.0,7.1
4553779,276597,669,92016,R. Deaconu,true,M,13.0,false,64.0,8.2
125556,172940,31,1035,Dean Whitehead,true,M,18.0,false,,
1836386,214101,3461,55039,Paolo Bartolomei,false,M,16.0,false,,
9783636,364586,2619,187062,A. Lloyd,true,,,false,,
5509894,146270,1792,105891,Emmanuel Ayaosi,false,M,3.0,false,,
5724292,132037,1359,109040,A. Diarra,false,,20.0,false,,
9723377,360815,321,68065,Jefferson,true,D,4.0,false,90.0,7.1
4374315,272217,626,89299,D. Drescher,true,D,27.0,false,90.0,5.8
3112291,245491,371,73414,Çağtay Kurukalıp,false,M,37.0,false,1.0,
2212364,223505,246,59593,K. Boto,false,D,24.0,false,20.0,6.6
740515,189705,4,18764,Steve Cook,true,D,27.0,false,90.0,7.5
1341660,203689,3162,49693,Marcos Lavín,false,G,26.0,false,,
6430239,310368,1208,90623,F. Holender,false,,57.0,false,,
1471132,206506,125,49935,Enric Franquesa,true,D,15.0,false,80.0,6.7
9560654,356936,1078,130782,Fabián Hormazábal,true,D,17.0,false,90.0,7.5
6564794,312888,4593,125243,N. Ben Kheira,true,,7.0,false,,
900541,4803,52,45204,L. Watson,true,M,25.0,false,64.0,6.9
8251896,338941,358,154776,I. Hurtevent,false,,7.0,false,,
6258573,307543,984,85323,Bernardo Cuesta,false,F,11.0,false,,
4433154,273675,650,90374,F. Russo,true,G,30.0,false,,
7921135,104484,1116,146970,Joazhiño Arroé,false,M,19.0,false,8.0,6.2
1334801,203501,99,49570,Luis Rioja,true,M,14.0,false,77.0,6.8
8571145,123274,1474,44787,Danzell Gravenberch,true,F,39.0,false,67.0,6.9
4211064,268562,569,86771,Brice Wembangomo,true,D,5.0,false,89.0,7.5
8948638,151609,1925,51122,S. Zdjelar,false,M,20.0,false,,
471345,182911,2,1190,Vincent Kompany,true,D,4.0,true,90.0,7.1
9019887,350636,2629,80112,Erick Noriega,false,M,3.0,false,11.0,6.7
2364016,21468,255,1147,Harry Kane,true,F,9.0,false,90.0,8.3
1493453,207016,168,52376,S. Padoin,true,,20.0,false,,
4784326,279976,4453,95616,Daniel Bjornkvist,true,M,2.0,false,90.0,6.9
108220,172458,7,18657,P. Brezovan,false,,1.0,false,,
9783449,364571,2493,187011,K. Bryant,true,,,false,,
4936631,283980,777,64783,Simon Hedlund,true,F,27.0,false,76.0,7.2
6707910,315125,1054,85057,Cristian Palacios,false,,,false,,
430580,181766,82,34871,L. Young,true,D,2.0,false,,
5750966,117427,1359,109914,M. El Badoui,false,F,7.0,false,,
3452763,253670,431,77102,Ralf,false,M,5.0,false,,
8988137,155488,2000,90701,N. Frick,true,F,10.0,false,76.0,6.2
1781949,212891,193,52633,M. Fabbro,false,F,35.0,false,9.0,5.5
691160,188396,8,1417,G. Moncur,false,M,20.0,false,,
4607692,277746,695,85040,Diego González,true,M,8.0,false,,
1369502,204436,127,48255,Javi Fuego,true,M,18.0,false,77.0,6.2
6064535,106943,1164,43615,Karlo Žiger,false,G,1.0,false,,
4547760,276445,662,91192,P. Lipski,false,M,20.0,false,10.0,6.3
1047559,7414,90,36106,Harry Smith,true,F,9.0,false,90.0,7.3
7519803,135724,1671,141658,M. Jacobs,false,G,16.0,false,,
4612174,277869,712,85198,N. Ibáñez,true,F,27.0,false,90.0,
4944105,284178,4465,75788,Elijah Just,true,M,27.0,false,75.0,6.3
9924429,367338,228,57863,Thiago Xavier,true,,,false,,
8637498,345976,1500,160503,M. Kurtišs,false,,11.0,false,,
1264104,10101,112,50385,Nobel Mendy,false,D,32.0,false,,
8627818,345666,4738,160474,N. Juhnevičs,false,,,false,,
8837165,141033,1722,163462,C. Vom Steeg,false,,3.0,false,,
6990999,112506,1251,106182,N. Milić,false,D,67.0,false,,
6048715,107309,1167,116125,J. Mersinaj,false,D,5.0,false,12.0,6.3
3721690,259876,477,80341,D. McCarty,true,M,6.0,true,90.0,7.1
8772341,142746,1748,78735,Gustavo Rissi,false,,34.0,false,,
4787786,280072,745,67115,Kristopher Da Graca,true,D,15.0,false,63.0,6.7
1455125,206153,122,50723,Álex Forés,false,F,19.0,false,,
7537583,135206,1680,141512,Lungelo Nguse,false,F,40.0,false,32.0,6.9
5977007,128631,1547,114920,Majed Aman,true,,77.0,false,,
8281627,339746,1446,155077,Levan Shovnadze,true,,,false,,
4644534,278758,710,92491,M. Pavone,true,F,16.0,false,90.0,6.6
2509121,230975,288,63799,Philipp Sander,true,M,16.0,false,67.0,6.5
4291648,270353,594,88595,Vyacheslav Yakimov,false,M,23.0,false,,
3804815,42573,478,76915,João Paulo,true,M,6.0,false,66.0,6.3
4675343,96560,694,93521,Lucas Cháves,true,G,12.0,false,90.0,7.5
963780,194625,67,34873,C. Hussey,true,D,3.0,false,,
9805938,157612,75,36403,Nik Tzanev,false,G,1.0,false,,
8206224,338418,4333,111327,I. Yakubu,true,,,false,,
274933,177305,58,36368,A. Mehmeti,false,F,28.0,false,,
6738935,100987,1042,81863,Lucas Monzón,false,D,3.0,false,,
9705241,360310,303,43195,J. Riedewald,false,D,4.0,false,,
4552077,276554,685,92053,M. Cestor,true,D,92.0,false,94.0,7.0
1960448,216884,219,58373,Maxime Dupé,false,G,1.0,false,,
873438,192677,54,46451,Ryan Leak,false,D,26.0,false,,
8001298,116974,330,69187,Niltinho,false,M,7.0,false,,
5306856,292741,912,102894,B. McCormack,true,M,7.0,false,65.0,6.9
7587165,327510,4670,143047,I. Kogut,false,M,25.0,false,,
3848743,260785,463,82371,É. Ocampo,true,D,18.0,false,74.0,7.0
6139938,108039,1175,91539,Karol Struski,true,M,23.0,false,,
9158356,116787,326,52303,Derick Poloni,false,,6.0,false,,
8417768,106194,1144,158071,Anyelberth Vera,true,,33.0,false,,
5919870,127382,1529,113663,Ahmed Al Zeyoudi,false,D,19.0,false,29.0,6.3
1607798,209601,167,53924,Nícolas,false,G,88.0,false,,
9390235,149942,1862,175249,R. Akanbi,true,F,61.0,false,73.0,6.7
2082398,219837,227,58146,F. Sammaritano,false,,9.0,false,,
6337900,97373,985,79100,Gustavo Torres,true,F,7.0,false,77.0,6.3
9669204,162312,3164,182651,Luis Aguado,false,D,2.0,false,14.0,6.3
6540256,134775,1658,124781,I.Berrouiguet,false,,,false,,
3743977,140529,482,81246,J. Hayes,false,M,5.0,false,32.0,6.9
8225398,121461,1444,60729,S. Kılıç,true,,20.0,false,,
31675,170189,14,1320,G. Agbonlahor,true,,11.0,false,,
7889881,105408,1128,130805,Joao Ortiz,true,D,27.0,false,90.0,7.5
6355003,96957,987,120994,Malcom Palacios,false,D,4.0,false,,
5527051,295888,1801,92347,Filip Prebsl,true,D,38.0,false,90.0,7.3
5407961,148012,1817,103987,P. Vouros,true,D,14.0,false,,
9912897,163178,164,54642,R. Gosens,true,M,8.0,false,90.0,7.3
5296684,292545,908,102721,John Martin,true,,11.0,false,,
6457035,109679,1204,100938,J. Ferenczi,true,M,11.0,false,,
2342544,226857,255,62354,Manuel Neuer,true,G,1.0,true,90.0,6.9
9259393,354487,2,1606,Fernandinho,true,,25.0,false,,
1914779,215615,220,57797,P. Sirieix,false,,14.0,false,,
4665892,96350,728,94188,Sasha Marcich,false,D,18.0,false,,
831444,191510,65,36060,L. Sercombe,true,M,7.0,false,59.0,6.5
7719269,130167,1591,1260,S. Wootton,true,D,4.0,false,90.0,6.6
3055458,244027,4345,68275,Vítor Gomes,true,,12.0,false,,
6398286,309408,4579,121835,G. Ivancsics,false,,40.0,false,,
1504829,207275,3476,53954,L. Greco,true,,19.0,false,,
2758470,236659,338,43971,Gonçalo Guedes,false,M,20.0,false,,
9840895,365995,73,34849,G. Ray,true,,5.0,false,,
4936399,283973,782,69980,Andreas Schjelderup,false,M,7.0,false,26.0,6.0
2718903,235581,308,67929,Yoon Do-young,false,F,7.0,false,,
3956520,263769,519,83766,Ryuji Sugimoto,false,M,31.0,false,16.0,6.2
936976,193898,50,46967,Lucca Mendonça,false,D,32.0,false,,
5151636,87049,871,100569,Gustavo Marins,false,D,45.0,false,,
7164432,322277,4642,78653,Everaldo,true,,11.0,false,,
2201972,223396,240,60353,Joris Sainati,false,D,28.0,false,,
992661,195429,2650,42419,R. Loft,true,F,9.0,false,83.0,8.3
9382616,150117,383,73724,Fatih Yiğit Şanlitürk,false,M,80.0,false,,
5896671,302695,1542,113650,Ahmed Darwish,false,D,13.0,false,,
6635628,314405,1212,126681,B. Turgeman,true,,3.0,false,,
2997112,27621,354,71791,Yira Collins Sor,true,F,14.0,false,76.0,8.0
6955053,318261,1238,122766,D. Redzic,true,,23.0,false,,
6172923,99927,1002,118096,Jhonatan De la Cruz,false,,21.0,false,,
2152939,222036,215,59369,Jason Berthomier,false,M,6.0,false,23.0,6.5
2507864,230943,289,65183,Nico Neidhart,false,D,7.0,false,,
6109758,108398,1186,117242,I. Kargbo,false,F,77.0,false,,
5790027,133684,1623,61204,Achraf Bencharki,true,,20.0,false,,
7737396,329725,1312,88624,Nemanja Glavčić,true,,15.0,false,,
2190450,223076,3745,59095,Yassine Benrahou,false,M,22.0,false,21.0,6.7
2897794,240036,348,43356,Leander Dendoncker,false,,32.0,false,,
244680,176463,2685,35749,R. Murphy,false,F,19.0,false,,
4506278,275380,663,91205,J. Wrąbel,false,G,1.0,false,,
2813674,238161,329,48998,Aderllan Santos,true,D,33.0,false,90.0,7.2
7833353,330764,1317,146172,B. Adzic,true,D,23.0,false,64.0,6.7
4616669,277993,4435,93090,Nicolás Pantaleone,true,D,25.0,false,90.0,6.1
3124422,245784,371,58832,Oussama Haddadi,true,D,3.0,false,90.0,6.2
6510710,312169,1651,123442,H. Koudri,true,,,false,,
3112934,245507,384,48615,B. Pawłowski,false,M,9.0,false,,
2526875,23117,287,55391,Þórir Jóhann Helgason,false,M,20.0,false,45.0,6.7
3703497,259370,471,81245,C. Cermeno,false,M,5.0,false,,
1294221,202406,108,45021,Jude Bellingham,true,M,5.0,false,90.0,7.6
6586776,100664,1029,125495,Alfredo Aguilar,true,,12.0,false,,
3058404,244109,4338,60362,Mustafa Durak,false,F,21.0,false,5.0,
8042400,118873,1394,88909,S. Kovachev,true,M,98.0,false,74.0,8.2
2955602,241633,362,55017,Mërgim Vojvoda,true,D,27.0,false,,
5298035,292579,903,44306,S. Curtis,true,,22.0,false,,
3755378,140040,480,76927,Júnior Urso,true,M,11.0,false,85.0,7.3
5609975,117158,1356,106620,Hamdan Al Shamrani,true,D,27.0,false,61.0,5.9
1825128,213851,183,52817,Marco Sala,false,D,3.0,false,45.0,7.3
8112991,144853,1779,128840,E. Silveira,true,,,false,,
6724539,101283,1045,79292,Gabriel Neves,true,,8.0,false,,
7877685,331942,1123,146972,Daniel Prieto,false,G,12.0,false,,
7651574,113980,1283,142904,S. Petko,false,,32.0,false,,
7257067,93861,955,78329,Jean Carlos,true,M,10.0,false,82.0,7.9
8682521,143204,1758,161527,C. Gander,true,,30.0,false,,
9337650,355260,362,43052,J. De Sart,true,,15.0,false,,
8864764,131318,1608,164220,H. Sharma,false,M,18.0,false,45.0,6.7
8314722,122385,1452,155876,H. Drame,false,,18.0,false,,
