fixture_id,home_win,draw,away_win,bookmaker,source,in_csv,in_pq,known_at
235406,1.24,6.6,11.56,Pinnacle,API-Football-closing,true,true,2025-04-01 18:00:00
238889,1.15,8.64,20.67,Pinnacle,API-Football-closing,true,true,2023-05-13 19:30:00
204415,4.2,3.0,2.05,Bet365,CSV,false,true,2020-09-27 16:15:00
248808,1.96,3.49,4.33,Pinnacle,API-Football-closing,true,false,2019-01-26 15:00:00
252503,2.6,3.48,2.86,Pinnacle,API-Football-closing,true,false,2012-07-15 19:00:00
62357,1.94,3.62,4.27,Pinnacle,API-Football-closing,true,false,2013-11-03 00:00:00
185416,1.68,4.64,4.6,Pinnacle,API-Football-closing,true,true,2024-12-29 15:00:00
570255,1.39,4.8,8.88,Pinnacle,API-Football-closing,true,false,2023-03-18 00:00:00
551475,5.27,4.39,1.59,Pinnacle,API-Football-closing,true,false,2018-10-26 00:00:00
34745,2.2,3.53,3.48,Pinnacle,API-Football-closing,true,false,2017-07-23 00:00:00
137391,1.88,3.92,4.0,Pinnacle,The-Odds-API,false,true,2024-08-19 02:00:00
525151,2.5,3.55,2.85,Pinnacle,API-Football-closing,true,false,2018-05-21 00:00:00
93222,3.01,2.94,2.73,Pinnacle,The-Odds-API,true,true,2024-06-05 00:30:00
29170,1.58,4.56,5.61,Pinnacle,API-Football-closing,true,true,2024-01-23 17:00:00
177378,2.65,3.19,2.99,Pinnacle,API-Football-closing,true,false,2017-11-21 19:45:00
83978,1.83,3.69,4.67,Pinnacle,API-Football-closing,true,false,2013-05-24 00:00:00
56123,1.5,4.72,6.38,Pinnacle,API-Football-closing,true,true,2025-07-13 00:00:00
530643,2.84,3.75,2.47,Pinnacle,API-Football-closing,true,false,2015-10-17 00:00:00
257863,1.78,3.85,4.94,Pinnacle,API-Football-closing,true,false,2013-04-13 20:10:00
188853,2.5,3.1,3.0,Bet365,CSV,false,true,2020-12-29 20:00:00
264005,1.55,4.51,6.06,Pinnacle,API-Football-closing,true,true,2021-09-18 09:00:00
223005,3.1,2.9,2.55,Bet365,CSV,false,true,2022-03-05 18:00:00
260240,1.44,4.86,7.08,Pinnacle,API-Football-closing,true,false,2019-07-14 03:00:00
137443,1.51,4.64,6.4,Pinnacle,API-Football-closing,true,true,2024-09-29 03:10:00
260473,2.38,3.5,3.05,Pinnacle,API-Football-closing,true,false,2025-03-16 00:30:00
195610,2.45,3.0,3.2,Bet365,CSV,false,true,2021-04-05 14:00:00
90508,2.75,3.22,2.84,Pinnacle,API-Football-closing,true,false,2013-04-19 00:00:00
545830,3.53,3.48,2.11,Pinnacle,API-Football-closing,true,false,2019-05-17 00:00:00
598729,5.35,3.92,1.65,Pinnacle,API-Football-closing,true,false,2021-04-17 00:00:00
10100,2.25,3.12,3.82,Pinnacle,API-Football-closing,true,true,2024-01-03 16:00:00
251116,7.4,5.18,1.43,Pinnacle,API-Football-closing,true,false,2017-09-23 14:00:00
274603,3.33,3.6,2.19,Pinnacle,API-Football-closing,true,true,2022-03-01 19:30:00
283601,3.16,4.02,2.13,Pinnacle,API-Football-closing,true,false,2019-12-08 15:00:00
595242,2.08,3.52,3.83,Pinnacle,API-Football-closing,true,false,2017-11-11 00:00:00
572110,2.73,2.97,3.01,Pinnacle,API-Football-closing,true,false,2014-03-15 00:00:00
203092,1.86,3.59,4.75,Pinnacle,API-Football-closing,true,false,2017-10-22 10:00:00
195492,1.8,3.75,4.33,Bet365,CSV,false,true,2021-02-27 15:00:00
542507,3.59,3.45,2.12,Pinnacle,API-Football-closing,true,false,2024-09-21 00:00:00
578079,3.43,3.46,2.25,Pinnacle,API-Football-closing,true,false,2013-08-25 00:00:00
567565,2.93,3.53,2.45,Pinnacle,API-Football-closing,true,false,2018-07-28 00:00:00
161533,3.03,3.65,2.22,Pinnacle,The-Odds-API,true,true,2024-08-28 19:00:00
593161,3.02,3.55,2.31,Pinnacle,API-Football-closing,true,false,2021-10-26 00:00:00
572004,2.6,3.1,2.6,Bet365,API-Football-closing,true,false,2026-02-02 00:00:00
195553,2.37,3.1,3.2,Bet365,CSV,false,true,2021-03-13 15:00:00
634167,1.86,3.7,3.8,Bet365,API-Football-closing,true,false,2026-03-22 00:00:00
189380,2.17,3.31,3.77,Pinnacle,API-Football-closing,true,true,2021-11-27 15:00:00
246430,1.95,3.7,4.06,Pinnacle,API-Football-closing,true,true,2022-08-08 16:15:00
55858,5.2,4.46,1.61,Pinnacle,API-Football-closing,true,true,2024-06-01 00:00:00
126591,4.28,3.25,2.05,Pinnacle,The-Odds-API,true,true,2022-04-02 05:00:00
200367,1.29,5.64,12.31,Pinnacle,API-Football-closing,true,false,2019-05-12 16:30:00
93752,2.7,2.81,3.25,Pinnacle,The-Odds-API,true,true,2023-08-14 23:00:00
522589,1.48,4.65,7.55,Pinnacle,API-Football-closing,true,false,2013-03-17 00:00:00
327862,2.1,3.4,3.5,Bet365,API-Football-closing,true,true,2026-02-07 15:00:00
95505,3.09,3.17,2.54,Pinnacle,API-Football-closing,true,true,2023-03-06 20:00:00
61804,2.8,3.37,2.64,Pinnacle,API-Football-closing,true,true,2024-05-12 15:00:00
191810,1.79,3.81,4.77,Pinnacle,API-Football-closing,true,true,2020-12-12 15:00:00
139483,1.93,3.96,3.89,Pinnacle,API-Football-closing,true,false,2023-06-11 00:30:00
592606,2.15,3.59,3.19,Pinnacle,API-Football-closing,true,false,2022-10-01 00:00:00
252736,3.1,3.78,2.27,Pinnacle,API-Football-closing,true,false,2012-10-21 20:30:00
248491,1.28,6.31,12.02,Pinnacle,API-Football-closing,true,false,2017-09-30 14:00:00
194846,2.37,3.4,3.25,Bet365,CSV,false,true,2019-10-12 14:00:00
547972,3.17,3.58,2.19,Pinnacle,API-Football-closing,true,false,2024-03-31 00:00:00
217746,2.3,3.2,3.3,Bet365,CSV,false,true,2020-08-22 19:00:00
246364,2.01,3.57,3.97,Pinnacle,API-Football-closing,true,true,2022-04-11 17:30:00
242085,3.63,4.14,1.93,Pinnacle,API-Football-closing,true,true,2021-10-03 19:00:00
276062,2.53,3.21,3.04,Pinnacle,API-Football-closing,true,false,2021-05-16 15:30:00
234392,3.25,3.4,2.15,Bet365,CSV,false,true,2021-02-21 13:30:00
563469,2.37,3.21,3.33,Pinnacle,API-Football-closing,true,false,2024-11-16 00:00:00
187652,2.2,3.24,3.81,Pinnacle,API-Football-closing,true,false,2018-10-27 11:30:00
60086,1.95,3.81,3.99,Pinnacle,API-Football-closing,true,false,2015-05-20 00:00:00
91268,2.11,3.37,3.94,Pinnacle,API-Football-closing,true,false,2017-02-24 00:00:00
183819,2.25,3.5,3.1,Bet365,CSV,false,true,2019-11-09 15:00:00
138855,2.82,3.09,2.81,Pinnacle,API-Football-closing,true,false,2024-04-28 00:30:00
187781,3.12,3.56,2.36,Pinnacle,API-Football-closing,true,false,2019-01-01 15:00:00
217603,1.84,3.71,4.63,Pinnacle,API-Football-closing,true,false,2019-11-23 19:00:00
191407,3.2,3.6,2.3,Bet365,CSV,false,true,2019-11-17 12:00:00
210400,1.72,3.75,5.25,Bet365,CSV,false,true,2022-09-01 18:45:00
238000,2.59,3.2,3.05,Pinnacle,API-Football-closing,true,true,2020-09-28 18:45:00
237713,2.5,3.0,3.0,Bet365,CSV,false,true,2019-08-30 20:15:00
556045,2.39,3.34,3.25,Pinnacle,API-Football-closing,true,false,2015-05-24 00:00:00
242168,1.4,4.75,8.0,Bet365,CSV,false,true,2021-12-18 19:45:00
355155,4.15,3.45,2.01,Pinnacle,The-Odds-API,true,true,2026-01-20 20:00:00
28544,1.45,4.95,7.17,Pinnacle,API-Football-closing,true,true,2020-12-02 00:00:00
186547,2.74,3.41,2.77,Pinnacle,API-Football-closing,true,false,2016-11-19 15:00:00
35925,4.52,3.64,1.85,Pinnacle,API-Football-closing,true,false,2020-11-14 00:00:00
211487,2.06,3.1,4.64,Pinnacle,API-Football-closing,true,false,2017-03-12 14:00:00
13105,1.93,3.43,4.54,Pinnacle,API-Football-closing,true,true,2022-04-02 00:00:00
34707,2.03,3.47,4.07,Pinnacle,API-Football-closing,true,false,2017-07-09 00:00:00
130111,3.34,4.24,1.93,Pinnacle,The-Odds-API,true,true,2025-05-03 09:35:00
190865,2.46,3.36,3.04,Pinnacle,API-Football-closing,true,true,2025-08-30 11:30:00
234548,8.28,5.09,1.4,Pinnacle,API-Football-closing,true,true,2021-09-22 16:45:00
46849,3.19,3.11,2.55,Pinnacle,API-Football-closing,true,false,2021-08-21 00:00:00
410510,2.21,3.25,3.64,Pinnacle,API-Football-closing,true,false,2025-01-25 00:00:00
235543,2.38,3.54,2.79,Pinnacle,API-Football-closing,true,true,2025-09-27 16:45:00
28397,2.3,3.83,2.96,Pinnacle,API-Football-closing,true,true,2022-03-19 00:00:00
83416,1.14,9.99,12.14,Pinnacle,API-Football-closing,true,true,2024-09-28 00:00:00
272535,1.32,5.96,8.67,Pinnacle,API-Football-closing,true,false,2019-11-03 16:00:00
527767,2.32,3.54,3.18,Pinnacle,API-Football-closing,true,false,2023-10-21 00:00:00
231685,2.36,3.79,2.89,Pinnacle,API-Football-closing,true,true,2025-10-31 17:30:00
597257,2.32,3.59,3.02,Pinnacle,API-Football-closing,true,false,2018-08-25 00:00:00
204804,3.89,3.09,2.23,Pinnacle,API-Football-closing,true,true,2021-05-08 16:15:00
598323,4.37,3.83,1.76,Pinnacle,API-Football-closing,true,false,2022-09-20 00:00:00
139207,1.83,3.99,3.9,Pinnacle,The-Odds-API,false,true,2024-10-20 01:00:00
185218,2.75,3.3,2.6,Bet365,CSV,false,true,2023-05-20 14:00:00
538169,1.95,3.55,4.32,Pinnacle,API-Football-closing,true,false,2017-04-22 00:00:00
242596,2.88,3.3,2.25,Bet365,CSV,false,true,2023-03-18 17:15:00
278296,1.7,3.71,5.93,Pinnacle,API-Football-closing,true,false,2018-01-29 22:00:00
139010,2.79,4.19,2.29,Pinnacle,API-Football-closing,true,false,2024-06-30 02:30:00
260443,2.21,3.59,3.31,Pinnacle,API-Football-closing,true,false,2025-03-02 01:30:00
241967,4.93,4.61,1.62,Pinnacle,API-Football-closing,true,true,2021-04-18 16:00:00
271780,2.25,3.4,3.49,Pinnacle,API-Football-closing,true,false,2015-10-03 16:30:00
599313,1.63,4.56,5.12,Pinnacle,API-Football-closing,true,false,2016-11-12 00:00:00
184884,1.15,9.25,19.5,Pinnacle,API-Football-closing,true,true,2022-08-27 14:00:00
563882,1.3,5.7,11.24,Pinnacle,API-Football-closing,true,false,2025-07-27 00:00:00
203738,3.32,3.07,2.48,Pinnacle,API-Football-closing,true,false,2019-02-17 15:00:00
527010,4.26,3.93,1.85,Pinnacle,API-Football-closing,true,false,2022-05-21 00:00:00
272403,1.28,6.35,9.68,Pinnacle,API-Football-closing,true,false,2019-03-17 16:00:00
591077,3.23,3.57,2.17,Pinnacle,API-Football-closing,true,false,2025-10-18 00:00:00
223355,3.2,3.1,2.2,Bet365,CSV,false,true,2023-02-18 18:00:00
265764,4.18,3.6,1.97,Pinnacle,API-Football-closing,true,false,2017-10-01 21:05:00
22984,3.19,3.84,2.2,Pinnacle,API-Football-closing,true,true,2023-07-29 11:00:00
213033,3.0,3.0,2.55,Bet365,CSV,false,true,2020-10-17 12:00:00
47457,2.69,3.39,2.77,Pinnacle,API-Football-closing,true,true,2023-07-01 09:00:00
64857,2.22,3.35,3.61,Pinnacle,API-Football-closing,true,false,2013-04-19 00:00:00
234328,1.52,4.52,6.5,Pinnacle,API-Football-closing,true,true,2021-01-13 20:00:00
190182,2.0,3.3,4.0,Bet365,CSV,false,true,2023-04-07 16:30:00
182855,2.5,3.16,3.29,Pinnacle,API-Football-closing,true,false,2017-04-04 18:45:00
237714,2.2,3.25,3.25,Bet365,CSV,false,true,2019-08-30 18:00:00
235314,1.63,4.42,5.11,Pinnacle,API-Football-closing,true,true,2024-12-22 13:30:00
149803,2.95,3.13,2.67,Pinnacle,The-Odds-API,true,true,2023-11-09 17:45:00
291663,1.38,5.18,8.09,Pinnacle,API-Football-closing,true,true,2024-09-29 13:00:00
524111,1.6,4.52,5.55,Pinnacle,API-Football-closing,true,false,2016-04-21 00:00:00
574301,1.28,5.34,11.03,Pinnacle,API-Football-closing,true,false,2019-06-14 00:00:00
266755,2.68,3.33,2.78,Pinnacle,API-Football-closing,true,false,2025-11-03 01:00:00
283813,1.37,1.4,2.24,Betfair,API-Football-closing,true,false,2021-02-21 13:00:00
93287,2.75,2.88,2.75,888sport,The-Odds-API,true,true,2024-07-13 22:00:00
217754,3.0,3.5,2.0,Bet365,CSV,false,true,2020-08-30 19:00:00
148605,2.74,3.39,2.68,Pinnacle,The-Odds-API,true,true,2025-03-12 17:45:00
31004,9.5,5.79,1.3,Pinnacle,API-Football-closing,true,true,2024-05-15 18:30:00
267654,3.21,3.44,2.31,Pinnacle,API-Football-closing,true,false,2019-07-15 17:00:00
577406,1.49,4.46,7.98,Pinnacle,API-Football-closing,true,false,2012-04-01 00:00:00
597897,1.83,3.6,3.5,Bet365,API-Football-closing,true,false,2026-02-21 00:00:00
161340,1.35,4.93,9.13,Pinnacle,The-Odds-API,true,true,2021-01-19 20:00:00
558337,1.9,3.08,5.5,Pinnacle,API-Football-closing,true,false,2018-05-12 00:00:00
10295,2.38,3.5,3.12,Pinnacle,API-Football-closing,true,true,2024-05-26 14:15:00
587229,1.75,4.15,4.5,Pinnacle,API-Football-closing,true,false,2024-09-15 00:00:00
277389,2.04,3.26,4.38,Pinnacle,API-Football-closing,true,false,2015-05-02 21:10:00
287870,3.79,3.64,2.0,Pinnacle,API-Football-closing,true,false,2020-07-20 17:00:00
451726,3.93,3.46,2.08,Pinnacle,API-Football-closing,true,false,2013-09-07 00:00:00
238771,10.52,4.75,1.38,Pinnacle,API-Football-closing,true,true,2023-02-06 21:15:00
286779,3.25,4.41,1.98,Pinnacle,API-Football-closing,true,true,2025-09-19 11:35:00
181885,2.46,3.44,2.98,Pinnacle,API-Football-closing,true,false,2018-08-11 14:00:00
226595,2.9,3.3,2.45,Bet365,CSV,false,true,2021-01-09 14:30:00
58261,1.4,5.5,8.75,Maximum,API-Football-closing,true,false,2020-09-19 00:00:00
248511,1.31,5.9,10.6,Pinnacle,API-Football-closing,true,false,2017-10-25 18:45:00
75584,2.44,3.55,2.96,Pinnacle,API-Football-closing,true,false,2015-10-26 00:00:00
275103,1.95,3.93,3.74,Pinnacle,API-Football-closing,true,true,2025-07-26 18:30:00
240686,1.76,4.01,4.78,Pinnacle,API-Football-closing,true,false,2016-09-30 18:30:00
531432,2.56,3.58,2.82,Pinnacle,API-Football-closing,true,false,2017-07-08 00:00:00
83814,1.64,3.88,6.14,Pinnacle,API-Football-closing,true,false,2012-11-09 00:00:00
576398,2.57,3.11,2.95,Pinnacle,API-Football-closing,true,false,2024-03-30 00:00:00
576054,1.42,4.65,7.71,Pinnacle,API-Football-closing,true,false,2023-06-03 00:00:00
200108,1.72,4.0,5.06,Pinnacle,API-Football-closing,true,false,2018-11-04 15:15:00
261718,2.17,3.53,3.53,Pinnacle,API-Football-closing,true,false,2014-07-27 09:00:00
594854,1.68,4.17,4.75,Pinnacle,API-Football-closing,true,false,2019-02-16 00:00:00
556532,1.93,3.48,4.57,Pinnacle,API-Football-closing,true,false,2015-09-27 00:00:00
210272,1.22,7.0,15.0,Pinnacle,API-Football-closing,true,true,2022-03-20 14:00:00
249083,2.7,3.3,2.55,Bet365,CSV,false,true,2020-08-01 14:00:00
208086,1.66,4.0,5.99,Pinnacle,API-Football-closing,true,false,2016-08-28 18:45:00
409991,1.66,3.61,6.32,Pinnacle,API-Football-closing,true,false,2025-09-19 00:00:00
249004,1.17,7.59,15.34,Pinnacle,API-Football-closing,true,false,2019-12-15 15:00:00
285833,1.44,4.82,7.44,Pinnacle,The-Odds-API,true,true,2021-12-12 07:30:00
246699,2.9,3.3,2.3,Bet365,CSV,false,true,2023-04-24 14:00:00
26024,2.48,3.32,3.1,Pinnacle,API-Football-closing,true,true,2023-09-30 17:00:00
356620,1.62,3.98,5.68,Pinnacle,The-Odds-API,true,true,2025-11-06 17:45:00
94077,2.68,2.92,3.06,Pinnacle,The-Odds-API,true,true,2022-07-17 19:00:00
217452,6.6,5.65,1.42,Pinnacle,API-Football-closing,true,false,2019-05-24 19:05:00
238798,1.22,6.5,10.0,Bet365,CSV,false,true,2023-02-27 19:00:00
212369,2.03,3.34,4.15,Pinnacle,API-Football-closing,true,false,2018-10-27 13:00:00
591017,1.87,3.74,4.0,Pinnacle,API-Football-closing,true,false,2025-09-20 00:00:00
189412,3.33,3.2,2.41,Pinnacle,API-Football-closing,true,true,2021-12-11 15:00:00
254418,1.91,3.44,4.73,Pinnacle,API-Football-closing,true,false,2017-07-12 22:30:00
130560,2.37,3.64,2.98,Pinnacle,API-Football-closing,true,true,2022-03-26 06:05:00
73708,2.36,2.9,3.69,Pinnacle,API-Football-closing,true,false,2024-05-05 00:00:00
193655,1.69,3.69,5.54,Pinnacle,API-Football-closing,true,true,2025-02-08 15:00:00
577810,1.55,4.3,6.7,Pinnacle,API-Football-closing,true,false,2013-05-12 00:00:00
64849,2.15,3.35,3.81,Pinnacle,API-Football-closing,true,false,2013-04-12 00:00:00
536378,1.49,4.32,8.13,Pinnacle,API-Football-closing,true,false,2014-04-05 00:00:00
537803,2.45,3.28,3.2,Pinnacle,API-Football-closing,true,false,2016-09-09 00:00:00
287486,2.27,3.25,3.54,Pinnacle,API-Football-closing,true,false,2018-12-06 15:00:00
93594,1.78,3.48,5.36,Pinnacle,The-Odds-API,true,true,2023-05-24 22:00:00
7756,2.79,3.46,2.56,Pinnacle,API-Football-closing,true,true,2024-04-01 14:00:00
139770,1.83,4.17,4.04,Pinnacle,The-Odds-API,false,true,2022-07-09 02:00:00
252394,2.45,3.0,2.7,Bet365,API-Football-closing,true,false,2025-12-20 15:00:00
212281,3.76,3.18,2.25,Pinnacle,API-Football-closing,true,false,2017-08-26 18:30:00
254410,1.88,3.65,4.57,Pinnacle,API-Football-closing,true,false,2017-07-13 22:30:00
73931,4.12,2.99,2.16,Pinnacle,API-Football-closing,true,false,2024-10-02 00:00:00
266267,2.06,3.55,3.77,Pinnacle,API-Football-closing,true,false,2019-03-18 00:06:00
192465,2.68,3.54,2.64,Pinnacle,API-Football-closing,true,true,2022-01-08 15:00:00
191494,1.5,4.5,7.5,Bet365,CSV,false,true,2020-01-11 15:00:00
278173,1.82,3.52,5.23,Pinnacle,API-Football-closing,true,false,2017-09-10 19:05:00
193789,4.22,3.3,2.0,Pinnacle,API-Football-closing,true,true,2025-04-05 14:00:00
238251,1.4,5.02,8.32,Pinnacle,API-Football-closing,true,true,2021-04-30 20:15:00
221354,2.95,3.22,2.66,Pinnacle,API-Football-closing,true,false,2017-09-09 13:00:00
282092,1.82,3.91,4.51,Pinnacle,API-Football-closing,true,false,2013-03-29 14:00:00
4982,1.69,4.06,4.98,Pinnacle,API-Football-closing,true,true,2024-01-23 19:45:00
219079,1.97,3.49,4.26,Pinnacle,API-Football-closing,true,true,2025-01-17 20:05:00
177185,2.13,3.64,3.57,Pinnacle,API-Football-closing,true,false,2017-08-05 14:00:00
197508,2.62,3.2,2.83,Pinnacle,API-Football-closing,true,true,2025-10-11 14:00:00
435604,2.52,3.21,3.15,Pinnacle,API-Football-closing,true,false,2017-04-07 00:00:00
281043,1.65,1.01,1.01,Betfair,The-Odds-API,true,true,2021-10-02 15:30:00
246411,1.9,3.75,3.5,Bet365,CSV,false,true,2022-05-16 17:00:00
238760,10.68,5.49,1.32,Pinnacle,API-Football-closing,true,true,2023-01-31 21:15:00
37062,1.8,3.59,5.12,Pinnacle,API-Football-closing,true,true,2023-08-20 00:00:00
62320,1.58,4.18,6.51,Pinnacle,API-Football-closing,true,false,2013-09-01 00:00:00
234743,2.6,3.2,2.87,Bet365,CSV,false,true,2022-04-16 16:45:00
536146,4.07,3.39,2.06,Pinnacle,API-Football-closing,true,false,2013-10-31 00:00:00
246208,2.44,3.46,3.04,Pinnacle,API-Football-closing,true,true,2021-12-18 16:00:00
237874,1.64,3.74,6.16,Pinnacle,API-Football-closing,true,false,2020-02-23 17:30:00
234135,1.31,5.49,9.69,Pinnacle,API-Football-closing,true,false,2020-01-26 15:45:00
527324,1.17,8.98,13.92,Pinnacle,API-Football-closing,true,false,2022-10-23 00:00:00
525221,2.59,3.7,2.65,Pinnacle,API-Football-closing,true,false,2018-07-02 00:00:00
195836,2.28,3.29,3.45,Pinnacle,API-Football-closing,true,true,2021-10-16 14:00:00
152221,2.5,3.44,2.97,Pinnacle,The-Odds-API,true,true,2022-09-26 18:45:00
413419,3.47,3.13,2.39,Pinnacle,API-Football-closing,true,false,2017-11-04 00:00:00
438283,4.48,4.06,1.8,Pinnacle,API-Football-closing,true,false,2016-11-20 00:00:00
585428,2.06,3.55,3.81,Pinnacle,API-Football-closing,true,false,2023-03-05 00:00:00
197580,2.95,3.7,2.05,Bet365,API-Football-closing,true,true,2025-11-22 15:00:00
578627,2.04,3.84,3.64,Pinnacle,API-Football-closing,true,false,2014-07-19 00:00:00
208323,2.53,3.44,2.99,Pinnacle,API-Football-closing,true,false,2017-02-26 19:45:00
534888,1.45,5.37,6.14,Pinnacle,API-Football-closing,true,false,2024-09-01 00:00:00
543764,2.4,3.71,2.82,Pinnacle,API-Football-closing,true,false,2014-11-02 00:00:00
205992,2.02,3.04,4.75,Pinnacle,API-Football-closing,true,true,2024-11-20 19:00:00
206033,3.19,2.97,2.61,Pinnacle,API-Football-closing,true,true,2024-12-14 17:30:00
288498,1.44,3.92,10.05,Pinnacle,API-Football-closing,true,false,2022-05-01 18:30:00
447171,1.25,7.2,10.4,Pinnacle,API-Football-closing,true,false,2018-04-14 00:00:00
86962,2.46,3.22,3.06,Pinnacle,API-Football-closing,true,false,2023-08-28 15:30:00
204580,2.2,2.9,3.5,Bet365,CSV,false,true,2020-12-12 19:30:00
39656,2.78,3.33,2.74,Pinnacle,API-Football-closing,true,false,2016-09-04 00:00:00
23820,3.07,3.48,2.41,Pinnacle,API-Football-closing,true,true,2022-03-12 00:00:00
205395,2.04,3.52,3.92,Pinnacle,API-Football-closing,true,true,2022-09-24 16:30:00
246549,2.63,3.36,2.86,Pinnacle,API-Football-closing,true,true,2022-11-13 14:00:00
227904,1.24,6.42,12.11,Pinnacle,API-Football-closing,true,true,2026-02-01 16:30:00
188329,3.89,3.24,2.14,Pinnacle,API-Football-closing,true,false,2019-12-29 15:00:00
597724,2.5,3.58,2.86,Pinnacle,API-Football-closing,true,false,2017-03-04 00:00:00
287725,4.63,3.4,1.91,Pinnacle,API-Football-closing,true,false,2019-10-26 17:30:00
273658,3.81,3.45,2.11,Pinnacle,API-Football-closing,true,false,2017-02-11 16:45:00
59968,3.12,3.61,2.34,Pinnacle,API-Football-closing,true,false,2014-09-27 00:00:00
590147,2.26,2.99,3.91,Pinnacle,API-Football-closing,true,false,2023-02-27 00:00:00
275031,2.73,3.17,2.68,Pinnacle,The-Odds-API,true,true,2025-03-09 15:30:00
230086,2.15,3.55,3.47,Pinnacle,API-Football-closing,true,false,2019-08-30 16:30:00
190858,2.03,3.5,3.91,Pinnacle,API-Football-closing,true,true,2025-08-23 14:00:00
407014,1.39,5.05,9.23,Pinnacle,API-Football-closing,true,false,2022-09-30 00:00:00
225418,4.32,3.73,1.92,Pinnacle,API-Football-closing,true,false,2017-03-03 19:30:00
138768,1.98,3.7,3.94,Pinnacle,The-Odds-API,false,true,2024-03-17 00:30:00
238125,2.1,3.1,3.75,Bet365,CSV,false,true,2021-02-01 17:00:00
150027,1.33,5.49,10.3,Pinnacle,The-Odds-API,true,true,2023-02-16 20:00:00
188443,2.0,3.5,3.75,Bet365,CSV,false,true,2020-02-22 15:00:00
48439,2.45,3.2,3.28,Pinnacle,API-Football-closing,true,false,2012-09-23 00:00:00
254400,1.5,4.19,8.5,Pinnacle,API-Football-closing,true,false,2017-07-16 22:00:00
524022,2.05,3.9,3.56,Pinnacle,API-Football-closing,true,false,2016-03-11 00:00:00
181628,1.77,3.87,4.85,Pinnacle,API-Football-closing,true,false,2018-01-13 15:00:00
177974,2.97,3.52,2.44,Pinnacle,API-Football-closing,true,false,2018-12-08 15:00:00
238602,2.35,3.52,3.1,Pinnacle,API-Football-closing,true,true,2022-05-14 17:00:00
206465,1.71,3.73,5.42,Pinnacle,API-Football-closing,true,true,2025-11-29 20:00:00
574724,1.18,7.17,13.01,Pinnacle,API-Football-closing,true,false,2020-09-04 00:00:00
245955,3.86,3.53,2.06,Pinnacle,API-Football-closing,true,false,2021-04-11 16:00:00
222256,2.62,2.91,3.19,Pinnacle,API-Football-closing,true,false,2019-12-21 14:00:00
237645,5.03,4.08,1.71,Pinnacle,API-Football-closing,true,false,2019-04-19 17:00:00
189801,2.73,3.22,2.85,Pinnacle,API-Football-closing,true,true,2022-09-13 18:45:00
42675,1.85,3.5,3.8,888sport,The-Odds-API,true,true,2023-09-23 23:30:00
28470,7.52,5.2,1.41,Pinnacle,API-Football-closing,true,true,2020-09-20 00:00:00
37157,2.18,3.2,3.87,Pinnacle,API-Football-closing,true,true,2023-10-26 00:00:00
596812,1.56,4.2,5.89,Pinnacle,API-Football-closing,true,false,2021-07-31 00:00:00
290804,3.28,3.17,2.44,Pinnacle,API-Football-closing,true,false,2019-04-08 15:30:00
65447,2.1,3.5,3.8,Pinnacle,API-Football-closing,true,false,2015-04-26 00:00:00
266177,3.05,3.38,2.45,Pinnacle,API-Football-closing,true,false,2019-01-06 22:00:00
268457,1.85,4.13,4.06,Pinnacle,API-Football-closing,true,true,2022-10-09 15:00:00
264171,3.0,3.18,2.64,Pinnacle,API-Football-closing,true,true,2022-04-10 05:00:00
251891,2.16,3.28,3.62,Pinnacle,API-Football-closing,true,false,2022-04-16 14:00:00
92420,3.43,3.03,2.43,Pinnacle,API-Football-closing,true,true,2023-07-28 18:45:00
200393,3.1,3.4,2.25,Bet365,CSV,false,true,2019-08-24 19:00:00
323046,2.89,2.7,3.11,Pinnacle,The-Odds-API,true,true,2025-06-23 22:00:00
29070,1.62,4.04,6.11,Pinnacle,API-Football-closing,true,true,2023-11-10 17:00:00
85950,4.21,3.42,2.02,Maximum,API-Football-closing,true,false,2020-08-21 00:00:00
548906,2.25,3.3,3.1,Bet365,API-Football-closing,true,false,2026-03-07 00:00:00
552363,1.34,5.19,10.54,Pinnacle,API-Football-closing,true,false,2021-10-29 00:00:00
40659,1.56,4.43,5.91,Pinnacle,API-Football-closing,true,false,2019-05-05 00:00:00
56376,5.92,3.7,1.71,Pinnacle,API-Football-closing,true,false,2012-11-17 00:00:00
194182,1.86,3.3,4.0,Bet365,API-Football-closing,true,true,2026-01-27 19:45:00
16124,2.33,3.28,3.41,Pinnacle,API-Football-closing,true,true,2023-10-28 12:00:00
62760,3.0,3.49,2.47,Pinnacle,API-Football-closing,true,false,2016-03-07 00:00:00
75529,3.33,3.37,2.34,Pinnacle,API-Football-closing,true,false,2015-09-11 00:00:00
248944,2.8,3.4,2.37,Bet365,CSV,false,true,2019-09-28 14:00:00
221444,2.2,3.38,3.63,Pinnacle,API-Football-closing,true,false,2017-10-28 13:00:00
88364,3.81,3.24,2.2,Pinnacle,API-Football-closing,true,false,2015-05-14 00:00:00
563501,1.72,4.07,4.79,Pinnacle,API-Football-closing,true,false,2024-11-24 00:00:00
212683,3.37,3.14,2.38,Pinnacle,API-Football-closing,true,false,2019-09-24 19:00:00
249106,1.52,4.23,6.74,Pinnacle,API-Football-closing,true,true,2020-08-22 14:00:00
73343,2.48,3.19,3.16,Pinnacle,API-Football-closing,true,false,2023-09-12 00:00:00
7728,2.41,3.25,3.16,Pinnacle,API-Football-closing,true,true,2024-03-23 15:00:00
85063,1.46,4.4,8.51,Pinnacle,API-Football-closing,true,false,2017-03-12 00:00:00
191909,3.16,3.23,2.49,Pinnacle,API-Football-closing,true,true,2021-01-30 15:00:00
274374,1.01,1.03,1.01,Betfair,API-Football-closing,true,true,2021-01-23 17:15:00
61706,2.15,3.26,3.89,Pinnacle,API-Football-closing,true,true,2023-11-26 13:30:00
201710,1.4,4.33,9.0,Bet365,CSV,false,true,2023-02-04 17:30:00
556636,1.85,3.77,4.52,Pinnacle,API-Football-closing,true,false,2015-11-01 00:00:00
591777,3.29,3.41,2.21,Pinnacle,API-Football-closing,true,false,2025-03-04 00:00:00
214452,2.23,2.98,4.0,Pinnacle,API-Football-closing,true,true,2025-02-23 16:15:00
220993,2.7,2.94,3.19,Pinnacle,API-Football-closing,true,false,2016-09-23 18:00:00
57660,1.34,5.0,12.25,Pinnacle,API-Football-closing,true,false,2018-03-31 00:00:00
218131,3.65,3.7,2.09,Pinnacle,API-Football-closing,true,true,2021-08-08 18:45:00
66183,2.43,3.15,3.38,Pinnacle,API-Football-closing,true,false,2017-09-25 00:00:00
591298,2.05,3.3,3.4,Bet365,API-Football-closing,true,false,2026-02-21 00:00:00
579224,2.31,3.45,3.3,Pinnacle,API-Football-closing,true,false,2015-06-07 00:00:00
7532,5.16,4.03,1.68,Pinnacle,API-Football-closing,true,true,2023-12-23 15:00:00
24217,2.01,3.64,3.82,Pinnacle,API-Football-closing,true,true,2019-08-03 00:00:00
584345,1.49,4.71,6.83,Pinnacle,API-Football-closing,true,false,2021-11-03 00:00:00
590044,2.07,3.22,4.09,Pinnacle,API-Football-closing,true,false,2020-01-27 00:00:00
589984,2.47,3.23,3.22,Pinnacle,API-Football-closing,true,false,2017-11-19 00:00:00
190224,2.4,3.25,3.0,Bet365,CSV,false,true,2023-04-22 14:00:00
218294,2.4,3.0,3.3,Bet365,CSV,false,true,2021-12-05 14:00:00
441445,2.64,3.19,3.01,Pinnacle,API-Football-closing,true,false,2016-08-14 00:00:00
79086,2.22,3.52,3.45,Pinnacle,API-Football-closing,true,false,2017-08-11 00:00:00
147813,1.74,3.43,5.49,Pinnacle,The-Odds-API,true,true,2023-03-18 15:30:00
271764,1.22,7.92,13.23,Pinnacle,API-Football-closing,true,false,2015-09-12 16:30:00
73835,4.04,2.94,2.21,Pinnacle,API-Football-closing,true,false,2024-08-09 00:00:00
190909,3.11,3.39,2.4,Pinnacle,API-Football-closing,true,true,2025-09-27 14:00:00
81304,3.29,3.57,2.22,Pinnacle,API-Football-closing,true,false,2015-08-22 00:00:00
204180,2.66,2.93,3.1,Pinnacle,API-Football-closing,true,false,2020-01-19 17:15:00
586472,2.41,3.71,2.92,Pinnacle,API-Football-closing,true,false,2024-03-03 00:00:00
62264,1.28,6.05,12.7,Pinnacle,API-Football-closing,true,false,2013-05-12 00:00:00
282870,2.45,3.47,3.0,Pinnacle,API-Football-closing,true,false,2016-11-29 17:00:00
230384,3.69,3.76,2.03,Pinnacle,API-Football-closing,true,true,2020-10-04 11:30:00
556047,1.82,3.57,5.1,Pinnacle,API-Football-closing,true,false,2015-05-24 00:00:00
564472,2.29,3.14,3.71,Pinnacle,API-Football-closing,true,false,2012-10-08 00:00:00
191830,2.5,3.3,2.8,Bet365,CSV,false,true,2020-12-18 17:30:00
246696,5.36,4.57,1.6,Pinnacle,API-Football-closing,true,true,2023-04-22 16:00:00
329574,1.96,3.73,3.65,Pinnacle,The-Odds-API,true,true,2026-01-25 08:00:00
229358,2.04,3.36,4.2,Pinnacle,API-Football-closing,true,false,2017-04-02 11:30:00
217325,2.69,3.06,3.07,Pinnacle,API-Football-closing,true,false,2019-02-23 19:00:00
223184,1.83,3.6,4.72,Pinnacle,API-Football-closing,true,true,2022-09-02 18:45:00
578151,1.76,3.97,4.89,Pinnacle,API-Football-closing,true,false,2013-09-21 00:00:00
264852,1.35,5.44,8.88,Pinnacle,API-Football-closing,true,true,2024-08-25 10:00:00
81325,2.59,3.7,2.64,Pinnacle,API-Football-closing,true,false,2015-09-20 00:00:00
208325,2.67,3.29,2.93,Pinnacle,API-Football-closing,true,false,2017-02-26 14:00:00
583580,2.34,3.57,3.03,Pinnacle,API-Football-closing,true,false,2021-05-14 00:00:00
270395,1.7,3.64,5.88,Pinnacle,API-Football-closing,true,false,2021-11-20 11:00:00
5115,1.8,3.49,5.14,Pinnacle,API-Football-closing,true,true,2024-03-16 15:00:00
193603,1.73,3.44,5.77,Pinnacle,API-Football-closing,true,true,2025-01-21 19:45:00
274336,2.36,3.37,3.25,Pinnacle,API-Football-closing,true,true,2020-11-22 15:00:00
206270,1.66,4.13,5.07,Pinnacle,API-Football-closing,true,true,2025-05-24 16:30:00
276748,5.06,4.09,1.66,Pinnacle,API-Football-closing,true,true,2024-07-21 18:15:00
259599,1.69,4.17,5.11,Pinnacle,API-Football-closing,true,false,2018-03-04 22:00:00
41193,1.57,4.65,5.55,Pinnacle,API-Football-closing,true,false,2020-10-12 00:00:00
547423,2.8,3.27,2.63,Pinnacle,API-Football-closing,true,false,2022-12-27 00:00:00
195898,4.15,3.54,1.95,Pinnacle,API-Football-closing,true,true,2021-11-20 15:00:00
571300,2.4,3.29,3.14,Pinnacle,API-Football-closing,true,false,2024-11-09 00:00:00
253860,1.5,4.53,7.28,Pinnacle,API-Football-closing,true,false,2015-11-15 19:00:00
240744,1.91,3.65,4.42,Pinnacle,API-Football-closing,true,false,2016-11-26 19:00:00
548021,2.07,3.54,3.5,Pinnacle,API-Football-closing,true,false,2024-04-19 00:00:00
528057,3.21,3.46,2.31,Pinnacle,API-Football-closing,true,false,2024-06-28 00:00:00
371660,3.86,3.29,2.12,Pinnacle,API-Football-closing,true,false,2026-03-07 14:00:00
52168,3.44,3.39,2.26,Pinnacle,API-Football-closing,true,false,2024-01-13 01:00:00
251991,3.68,3.59,2.02,Pinnacle,API-Football-closing,true,false,2022-12-03 15:00:00
561376,2.69,3.01,3.04,Pinnacle,API-Football-closing,true,false,2022-05-08 00:00:00
223261,1.61,3.92,6.22,Pinnacle,API-Football-closing,true,true,2022-10-22 17:00:00
370414,1.85,3.16,5.32,Pinnacle,The-Odds-API,true,true,2026-02-09 22:15:00
210173,2.34,3.47,3.23,Pinnacle,API-Football-closing,true,true,2022-01-06 17:30:00
193993,2.11,3.39,3.68,Pinnacle,API-Football-closing,true,true,2025-10-11 13:00:00
287148,1.47,4.4,8.09,Pinnacle,API-Football-closing,true,false,2017-08-27 18:00:00
62479,1.48,4.72,7.33,Pinnacle,API-Football-closing,true,false,2014-07-27 00:00:00
596766,4.05,3.99,1.79,Pinnacle,API-Football-closing,true,false,2023-03-11 00:00:00
189291,2.57,3.26,3.02,Pinnacle,API-Football-closing,true,true,2021-10-16 14:00:00
205095,1.84,3.63,4.39,Pinnacle,API-Football-closing,true,true,2022-01-02 13:00:00
595405,1.93,3.79,4.03,Pinnacle,API-Football-closing,true,false,2018-02-17 00:00:00
227299,2.3,3.4,3.1,Bet365,CSV,false,true,2023-03-18 14:30:00
269455,7.37,3.99,1.56,Pinnacle,API-Football-closing,true,false,2017-11-18 09:00:00
240951,2.26,3.38,3.49,Pinnacle,API-Football-closing,true,false,2017-09-23 18:00:00
380101,2.04,3.4,3.59,1xBet,API-Football,true,false,2026-03-03 20:45:00
587662,2.21,3.71,3.21,Pinnacle,API-Football-closing,true,false,2025-03-31 00:00:00
524998,2.64,3.31,2.86,Pinnacle,API-Football-closing,true,false,2018-03-17 00:00:00
233602,1.1,14.08,21.5,Pinnacle,API-Football-closing,true,false,2018-04-08 14:45:00
78463,2.65,3.2,2.97,Pinnacle,API-Football-closing,true,false,2014-10-05 00:00:00
285421,1.32,5.44,8.67,Pinnacle,API-Football-closing,true,false,2019-06-22 09:30:00
188704,2.06,3.47,3.92,Pinnacle,API-Football-closing,true,true,2020-11-03 19:45:00
223334,3.6,3.4,2.05,Bet365,CSV,false,true,2023-02-03 19:45:00
196593,3.0,3.4,2.38,Bet365,CSV,false,true,2023-02-11 15:00:00
65114,2.32,3.3,3.44,Pinnacle,API-Football-closing,true,false,2014-03-08 00:00:00
222875,2.45,3.1,2.75,Bet365,CSV,false,true,2021-10-30 17:00:00
262672,2.08,3.62,3.74,Pinnacle,API-Football-closing,true,false,2017-07-29 10:00:00
191325,2.24,3.55,3.25,Pinnacle,API-Football-closing,true,false,2019-09-28 14:00:00
88634,2.89,3.04,2.86,Pinnacle,API-Football-closing,true,false,2016-07-30 00:00:00
68014,1.99,3.29,4.37,Pinnacle,API-Football-closing,true,true,2024-02-10 14:00:00
89965,6.13,4.23,1.57,Pinnacle,API-Football-closing,true,false,2024-05-12 00:00:00
225610,1.77,3.91,5.02,Pinnacle,API-Football-closing,true,false,2017-10-20 18:30:00
222287,2.0,3.3,4.0,Bet365,CSV,false,true,2020-01-31 19:00:00
237828,1.66,3.8,5.0,Bet365,CSV,false,true,2020-01-19 17:30:00
46159,4.87,3.33,1.89,Pinnacle,API-Football-closing,true,false,2019-07-20 00:00:00
188185,2.86,3.51,2.53,Pinnacle,API-Football-closing,true,false,2019-10-22 18:45:00
570121,5.66,3.23,1.82,Pinnacle,API-Football-closing,true,false,2023-01-28 00:00:00
602054,1.71,3.78,4.2,Pinnacle,API-Football-closing,true,false,2025-08-02 14:00:00
444549,2.08,3.36,3.91,Pinnacle,API-Football-closing,true,false,2025-01-05 00:00:00
589617,3.71,3.19,2.22,Pinnacle,API-Football-closing,true,false,2025-09-27 00:00:00
14058,2.29,2.96,3.9,Pinnacle,API-Football-closing,true,true,2020-06-28 00:00:00
287506,1.61,4.01,6.02,Pinnacle,API-Football-closing,true,false,2018-12-21 18:00:00
195813,2.25,3.3,3.3,Bet365,CSV,false,true,2021-10-02 14:00:00
29029,2.42,3.39,3.13,Pinnacle,API-Football-closing,true,true,2023-10-06 17:00:00
183721,2.22,3.6,3.34,Pinnacle,API-Football-closing,true,false,2019-08-17 14:00:00
587996,2.24,3.41,3.41,Pinnacle,API-Football-closing,true,false,2025-06-08 00:00:00
147566,1.91,3.44,3.94,Pinnacle,The-Odds-API,true,true,2024-03-10 18:30:00
288221,2.29,3.08,3.68,Pinnacle,API-Football-closing,true,false,2021-07-18 18:30:00
238041,1.71,3.76,5.52,Pinnacle,API-Football-closing,true,true,2020-10-31 18:00:00
280788,2.48,3.5,3.0,Betfair,API-Football-closing,true,true,2020-09-14 17:00:00
225638,1.93,3.59,4.49,Pinnacle,API-Football-closing,true,false,2017-10-28 13:30:00
204374,3.1,3.07,2.55,Pinnacle,API-Football-closing,true,true,2020-07-20 19:00:00
190429,2.21,3.44,3.45,Pinnacle,API-Football-closing,true,true,2024-11-05 19:45:00
62710,2.15,3.63,3.51,Pinnacle,API-Football-closing,true,false,2015-10-25 00:00:00
356631,1.45,4.76,6.94,Pinnacle,The-Odds-API,true,true,2025-11-06 20:00:00
227357,3.4,3.25,2.2,Bet365,CSV,false,true,2023-05-06 13:30:00
78407,1.99,3.56,4.13,Pinnacle,API-Football-closing,true,false,2014-07-18 00:00:00
226517,2.0,3.75,3.5,Bet365,CSV,false,true,2020-10-31 14:30:00
214518,2.63,3.24,2.91,Pinnacle,API-Football-closing,true,true,2025-04-27 13:00:00
270057,2.77,3.01,2.68,Pinnacle,API-Football-closing,true,false,2020-08-18 16:00:00
531534,1.41,4.81,9.2,Pinnacle,API-Football-closing,true,false,2017-09-17 00:00:00
263725,1.68,4.21,5.05,Pinnacle,API-Football-closing,true,false,2021-02-27 06:00:00
246635,2.15,3.3,3.1,Bet365,CSV,false,true,2023-03-04 10:30:00
184524,3.08,3.62,2.38,Pinnacle,API-Football-closing,true,true,2021-09-25 14:00:00
252996,2.67,3.25,2.91,Pinnacle,API-Football-closing,true,false,2013-09-22 00:00:00
184055,5.0,3.83,1.76,Pinnacle,API-Football-closing,true,true,2020-07-11 16:30:00
527491,1.78,3.45,5.65,Pinnacle,API-Football-closing,true,false,2023-05-16 00:00:00
600475,1.97,3.51,3.81,Pinnacle,API-Football-closing,true,false,2024-09-10 18:45:00
577874,2.15,3.49,3.63,Pinnacle,API-Football-closing,true,false,2013-06-09 00:00:00
157767,4.08,3.4,2.02,Pinnacle,The-Odds-API,true,true,2023-01-17 19:45:00
634330,2.3,3.42,3.15,Pinnacle,API-Football-closing,true,false,2022-01-02 00:00:00
562486,1.88,3.5,4.67,Pinnacle,API-Football-closing,true,false,2023-09-16 00:00:00
191876,3.1,3.4,2.3,Bet365,CSV,false,true,2021-01-23 15:00:00
203856,2.34,2.93,3.82,Pinnacle,API-Football-closing,true,false,2019-05-06 19:00:00
87989,2.04,3.45,4.01,Pinnacle,API-Football-closing,true,false,2013-06-02 00:00:00
188538,1.42,4.73,7.89,Pinnacle,API-Football-closing,true,true,2020-07-09 16:00:00
577480,2.25,3.38,3.57,Pinnacle,API-Football-closing,true,false,2012-05-21 00:00:00
589169,2.29,3.41,3.35,Pinnacle,API-Football-closing,true,false,2012-10-24 00:00:00
64854,2.04,3.36,4.17,Pinnacle,API-Football-closing,true,false,2013-04-14 00:00:00
572466,3.75,3.59,2.04,Pinnacle,API-Football-closing,true,false,2015-06-28 00:00:00
191554,2.98,3.2,2.56,Pinnacle,API-Football-closing,true,false,2020-02-11 19:45:00
213972,3.89,3.0,2.28,Pinnacle,API-Football-closing,true,true,2022-12-26 14:00:00
602480,2.4,3.18,3.06,Pinnacle,API-Football-closing,true,false,2023-12-09 15:00:00
264140,3.76,3.05,2.28,Pinnacle,API-Football-closing,true,true,2022-03-13 06:00:00
223896,1.52,4.04,7.24,Pinnacle,API-Football-closing,true,true,2025-09-26 18:00:00
528851,2.25,3.53,3.41,Pinnacle,API-Football-closing,true,false,2012-04-16 00:00:00
177489,1.96,3.42,4.47,Pinnacle,API-Football-closing,true,false,2018-01-01 15:00:00
85007,3.99,3.43,2.05,Pinnacle,API-Football-closing,true,false,2016-12-04 00:00:00
291552,2.14,3.67,3.4,Pinnacle,API-Football-closing,true,true,2024-05-11 14:00:00
227158,3.75,3.8,1.9,Bet365,CSV,false,true,2022-10-08 13:30:00
221217,2.17,3.09,4.14,Pinnacle,API-Football-closing,true,false,2017-03-17 19:00:00
259828,1.85,4.39,3.83,Pinnacle,API-Football-closing,true,false,2018-07-27 02:30:00
194622,2.6,3.35,2.88,Pinnacle,API-Football-closing,true,false,2019-04-09 18:45:00
575534,1.72,3.8,4.9,Pinnacle,API-Football-closing,true,false,2022-08-28 00:00:00
226968,1.45,4.95,7.51,Pinnacle,API-Football-closing,true,true,2022-02-13 16:30:00
231574,2.2,3.77,3.18,Pinnacle,API-Football-closing,true,true,2025-05-11 11:30:00
223950,2.5,3.3,2.63,Bet365,API-Football-closing,true,true,2025-11-08 19:00:00
130550,2.16,3.59,3.42,Pinnacle,API-Football-closing,true,true,2022-03-20 08:05:00
441222,2.19,3.34,3.71,Pinnacle,API-Football-closing,true,false,2017-10-30 00:00:00
205424,2.37,3.3,3.0,Bet365,CSV,false,true,2022-10-12 12:00:00
275019,2.02,3.6,3.74,Pinnacle,API-Football-closing,true,true,2025-02-23 15:30:00
252997,1.51,4.5,7.16,Pinnacle,API-Football-closing,true,false,2013-09-22 19:00:00
95667,4.3,3.39,1.94,Pinnacle,The-Odds-API,false,true,2023-05-30 00:30:00
181357,2.24,3.58,3.35,Pinnacle,API-Football-closing,true,false,2017-04-01 14:00:00
69485,2.41,3.37,3.19,Pinnacle,API-Football-closing,true,false,2014-10-12 00:00:00
60706,2.09,3.58,3.64,Pinnacle,API-Football-closing,true,false,2018-10-21 00:00:00
286668,1.3,5.72,9.59,Pinnacle,API-Football-closing,true,true,2025-05-05 11:35:00
221681,3.81,4.07,1.88,Pinnacle,API-Football-closing,true,false,2018-05-11 18:45:00
283060,1.62,4.26,5.8,Pinnacle,API-Football-closing,true,false,2017-10-01 12:00:00
238472,1.42,4.7,8.88,Pinnacle,API-Football-closing,true,true,2022-01-30 18:00:00
68495,3.83,3.57,2.0,Pinnacle,API-Football-closing,true,false,2025-08-17 00:00:00
66921,2.31,3.41,3.3,Pinnacle,API-Football-closing,true,false,2020-06-09 00:00:00
35896,1.95,3.38,4.41,Pinnacle,API-Football-closing,true,false,2020-10-24 00:00:00
217464,3.0,3.2,2.5,Bet365,CSV,false,true,2019-08-17 18:00:00
195993,1.93,3.75,3.98,Pinnacle,API-Football-closing,true,true,2022-01-22 15:00:00
282280,2.27,3.36,3.48,Pinnacle,API-Football-closing,true,false,2014-03-17 18:00:00
570957,3.26,3.07,2.46,Pinnacle,API-Football-closing,true,false,2024-04-29 00:00:00
245993,2.69,3.35,2.79,Pinnacle,API-Football-closing,true,true,2021-04-25 13:00:00
252081,2.25,3.25,3.0,Bet365,CSV,false,true,2023-04-29 14:00:00
375954,1.91,3.0,4.5,Betfair,API-Football,true,false,2026-02-28 19:30:00
250055,1.22,7.35,11.79,Pinnacle,API-Football-closing,true,true,2025-08-23 14:00:00
200953,8.0,5.25,1.36,Bet365,CSV,false,true,2021-01-24 15:15:00
523918,2.78,3.6,2.58,Pinnacle,API-Football-closing,true,false,2015-09-20 00:00:00
546453,9.41,4.64,1.4,Pinnacle,API-Football-closing,true,false,2020-11-06 00:00:00
90819,1.81,4.26,4.22,Pinnacle,API-Football-closing,true,false,2014-09-05 00:00:00
85009,1.36,4.98,10.84,Pinnacle,API-Football-closing,true,false,2016-12-05 00:00:00
96403,2.2,3.61,3.3,Pinnacle,API-Football-closing,true,false,2021-04-11 14:00:00
193606,2.0,3.44,4.02,Pinnacle,API-Football-closing,true,true,2025-01-25 15:00:00
204227,2.33,2.91,3.75,Pinnacle,API-Football-closing,true,false,2020-02-16 19:30:00
284409,2.19,3.53,3.41,Pinnacle,API-Football-closing,true,true,2025-03-02 15:00:00
18116,2.8,3.28,2.73,Pinnacle,API-Football-closing,true,true,2024-02-16 20:00:00
237797,1.65,4.0,4.75,Bet365,CSV,false,true,2019-12-09 20:15:00
263389,5.01,4.17,1.67,Pinnacle,API-Football-closing,true,false,2019-11-05 09:30:00
554409,3.08,3.39,2.46,Pinnacle,API-Football-closing,true,false,2012-11-11 00:00:00
365459,2.78,3.4,2.28,Nordic Bet,The-Odds-API,true,true,2025-09-27 14:00:00
236922,2.18,3.26,3.84,Pinnacle,API-Football-closing,true,false,2017-01-09 20:00:00
283542,1.19,7.28,14.6,Pinnacle,API-Football-closing,true,false,2019-09-28 15:00:00
217861,1.75,3.6,4.5,Bet365,CSV,false,true,2020-11-29 16:00:00
155411,4.7,4.29,1.64,Pinnacle,The-Odds-API,true,true,2023-11-04 15:00:00
185317,1.12,10.5,23.0,Pinnacle,API-Football-closing,true,true,2024-10-26 14:00:00
7695,1.45,4.91,6.85,Pinnacle,API-Football-closing,true,true,2024-03-09 15:00:00
282323,2.57,3.44,2.9,Pinnacle,API-Football-closing,true,false,2014-05-02 16:30:00
214051,2.05,3.5,3.5,Bet365,CSV,false,true,2023-02-28 19:30:00
200795,2.11,3.12,4.39,Pinnacle,API-Football-closing,true,true,2020-10-03 16:30:00
239287,3.64,3.23,2.23,Pinnacle,API-Football-closing,true,true,2025-09-21 19:30:00
244520,2.24,3.52,3.4,Pinnacle,API-Football-closing,true,false,2016-11-25 17:00:00
577970,2.19,3.37,3.7,Pinnacle,API-Football-closing,true,false,2013-07-14 00:00:00
524227,2.89,3.59,2.5,Pinnacle,API-Football-closing,true,false,2016-05-29 00:00:00
49175,3.11,3.03,2.64,Pinnacle,API-Football-closing,true,false,2014-11-23 00:00:00
237748,2.8,3.1,2.6,Bet365,CSV,false,true,2019-10-25 19:30:00
214784,3.33,3.06,2.43,Pinnacle,API-Football-closing,true,true,2026-01-31 14:00:00
578933,2.02,3.48,4.08,Pinnacle,API-Football-closing,true,false,2014-11-01 00:00:00
188155,3.57,3.46,2.17,Pinnacle,API-Football-closing,true,false,2019-10-02 18:45:00
267382,1.81,3.79,4.63,Pinnacle,API-Football-closing,true,false,2018-05-28 17:00:00
245469,2.79,3.58,2.48,Pinnacle,API-Football-closing,true,false,2019-12-29 13:30:00
373826,3.4,3.72,2.12,Pinnacle,API-Football-closing,true,false,2026-03-22 01:05:00
218052,3.25,3.43,2.37,Pinnacle,API-Football-closing,true,false,2021-04-04 15:05:00
266909,2.99,3.55,2.44,Pinnacle,API-Football-closing,true,false,2016-05-20 17:00:00
591927,2.03,3.56,3.67,Pinnacle,API-Football-closing,true,false,2023-08-05 00:00:00
211204,1.82,3.42,5.23,Pinnacle,API-Football-closing,true,true,2025-10-29 19:45:00
580341,1.67,4.01,5.65,Pinnacle,API-Football-closing,true,false,2016-10-23 00:00:00
292718,1.93,3.46,4.19,Pinnacle,API-Football-closing,true,false,2024-06-07 18:45:00
564160,2.75,3.3,2.62,Pinnacle,API-Football-closing,true,false,2025-10-25 00:00:00
62396,2.89,3.32,2.64,Pinnacle,API-Football-closing,true,false,2014-02-23 00:00:00
239034,1.24,6.5,12.21,Pinnacle,API-Football-closing,true,true,2024-11-30 20:30:00
182803,1.23,7.28,14.2,Pinnacle,API-Football-closing,true,false,2017-01-31 19:45:00
209176,10.94,5.46,1.32,Pinnacle,API-Football-closing,true,false,2019-04-28 10:30:00
548703,1.46,4.92,6.39,Pinnacle,API-Football-closing,true,false,2025-08-02 00:00:00
188194,1.9,3.6,4.0,Bet365,CSV,false,true,2019-10-26 14:00:00
247223,2.48,3.56,2.74,Pinnacle,API-Football-closing,true,true,2025-11-02 14:00:00
568298,2.06,3.31,4.06,Pinnacle,API-Football-closing,true,false,2019-10-05 00:00:00
157365,1.65,4.25,3.75,888sport,The-Odds-API,true,true,2022-10-04 18:45:00
201440,3.4,3.2,2.25,Bet365,CSV,false,true,2022-04-09 12:00:00
252073,1.72,3.72,5.01,Pinnacle,API-Football-closing,true,false,2023-04-22 14:00:00
192486,1.75,3.75,4.75,Bet365,CSV,false,true,2022-01-22 15:00:00
596900,1.54,4.3,5.48,Pinnacle,API-Football-closing,true,false,2021-12-26 00:00:00
256108,3.31,3.21,2.38,Pinnacle,API-Football-closing,true,false,2021-11-14 21:15:00
201731,2.9,3.1,2.63,Bet365,CSV,false,true,2023-02-19 13:00:00
75310,1.86,3.84,4.38,Pinnacle,API-Football-closing,true,false,2014-09-25 00:00:00
194898,2.87,3.4,2.62,Bet365,CSV,false,true,2019-11-16 15:00:00
90363,1.75,3.56,5.96,Pinnacle,API-Football-closing,true,false,2012-06-22 00:00:00
593691,1.9,3.99,3.88,Pinnacle,API-Football-closing,true,false,2020-12-28 00:00:00
543082,1.57,4.44,5.53,Pinnacle,API-Football-closing,true,false,2025-08-30 00:00:00
68903,2.83,3.17,2.8,Pinnacle,API-Football-closing,true,false,2013-04-22 00:00:00
279627,2.93,2.8,2.85,Pinnacle,API-Football-closing,true,true,2026-01-22 23:00:00
190698,1.54,4.28,6.38,Pinnacle,API-Football-closing,true,true,2025-03-08 15:00:00
182775,2.58,3.11,3.21,Pinnacle,API-Football-closing,true,false,2017-01-21 15:00:00
213977,3.45,3.01,2.46,Pinnacle,API-Football-closing,true,true,2023-01-15 15:15:00
139519,1.04,1.01,1.04,Betfair,The-Odds-API,false,true,2023-06-25 02:30:00
453023,2.88,3.21,2.73,Pinnacle,API-Football-closing,true,false,2015-06-19 00:00:00
563794,2.3,3.14,3.58,Pinnacle,API-Football-closing,true,false,2025-06-12 00:00:00
248621,3.91,3.32,2.14,Pinnacle,API-Football-closing,true,false,2018-03-16 19:45:00
167458,6.08,3.99,1.62,Pinnacle,API-Football-closing,true,false,2022-10-10 00:00:00
371319,2.12,3.36,3.78,Pinnacle,API-Football-closing,true,false,2026-03-07 20:00:00
292174,1.42,4.4,8.6,1xBet,API-Football-closing,true,true,2021-04-30 16:45:00
194228,2.42,3.53,3.04,Pinnacle,API-Football-closing,true,false,2017-08-19 14:00:00
229392,4.97,3.79,1.79,Pinnacle,API-Football-closing,true,false,2017-05-05 16:30:00
275851,2.25,3.46,3.41,Pinnacle,API-Football-closing,true,false,2020-09-19 15:30:00
194210,1.97,3.65,4.1,Pinnacle,API-Football-closing,true,false,2017-08-05 14:00:00
246765,1.54,4.39,5.77,Pinnacle,API-Football-closing,true,true,2023-06-07 17:00:00
217925,2.21,3.35,3.67,Pinnacle,API-Football-closing,true,true,2021-01-20 20:00:00
234474,4.2,3.6,1.8,Bet365,CSV,false,true,2021-05-08 16:45:00
70,2.95,3.22,2.69,Pinnacle,API-Football-closing,true,true,2023-10-03 18:30:00
76495,1.36,5.5,8.07,Pinnacle,API-Football-closing,true,false,2019-09-01 00:00:00
532340,1.56,4.13,6.31,Pinnacle,API-Football-closing,true,false,2019-06-29 00:00:00
245821,1.33,5.25,8.0,Bet365,CSV,false,true,2021-01-20 16:00:00
217428,1.56,4.05,6.99,Pinnacle,API-Football-closing,true,false,2019-05-12 15:00:00
261512,2.19,3.54,3.49,Pinnacle,API-Football-closing,true,false,2013-10-05 06:30:00
585805,1.61,4.1,6.03,Pinnacle,API-Football-closing,true,false,2023-06-01 00:00:00
282567,3.27,3.44,2.33,Pinnacle,API-Football-closing,true,false,2015-08-10 17:00:00
356952,1.49,4.27,6.66,Pinnacle,The-Odds-API,true,true,2025-05-28 00:30:00
222740,3.0,3.2,2.4,Bet365,CSV,false,true,2021-07-24 13:00:00
5173,1.43,4.51,8.19,Pinnacle,API-Football-closing,true,true,2024-04-13 14:00:00
545945,3.48,3.56,2.09,Pinnacle,API-Football-closing,true,false,2019-07-12 00:00:00
183580,1.98,3.6,4.17,Pinnacle,API-Football-closing,true,false,2019-02-09 15:00:00
191856,2.31,3.67,3.11,Pinnacle,API-Football-closing,true,true,2021-01-09 14:00:00
196291,2.37,3.21,3.34,Pinnacle,API-Football-closing,true,true,2022-08-13 14:00:00
225311,2.16,3.37,3.84,Pinnacle,API-Football-closing,true,false,2016-10-22 13:30:00
546460,3.23,3.4,2.33,Pinnacle,API-Football-closing,true,false,2020-11-07 00:00:00
594884,3.55,3.54,2.11,Pinnacle,API-Football-closing,true,false,2019-03-05 00:00:00
226054,1.91,4.01,3.95,Pinnacle,API-Football-closing,true,false,2019-02-25 19:30:00
265962,1.55,4.24,7.04,Pinnacle,API-Football-closing,true,false,2018-04-14 02:00:00
262360,5.81,4.35,1.61,Pinnacle,API-Football-closing,true,false,2016-07-13 10:00:00
213462,2.22,3.05,4.0,Pinnacle,API-Football-closing,true,true,2021-10-03 14:15:00
248850,1.42,4.63,8.9,Pinnacle,API-Football-closing,true,false,2019-03-16 15:00:00
599132,2.65,3.68,2.62,Pinnacle,API-Football-closing,true,false,2017-11-11 00:00:00
559882,2.5,3.12,3.03,Pinnacle,API-Football-closing,true,false,2020-08-30 00:00:00
105,1.09,11.5,28.5,Pinnacle,API-Football-closing,true,true,2023-11-04 15:00:00
597691,2.05,3.63,3.75,Pinnacle,API-Football-closing,true,false,2017-01-02 00:00:00
29060,1.97,3.67,4.0,Pinnacle,API-Football-closing,true,true,2023-11-04 13:00:00
91346,1.18,8.09,18.83,Pinnacle,API-Football-closing,true,false,2017-05-19 00:00:00
249412,3.6,3.6,2.0,Bet365,CSV,false,true,2021-12-05 15:00:00
571936,1.7,3.2,5.25,Bet365,API-Football-closing,true,false,2025-11-22 00:00:00
167303,2.68,3.21,2.89,Pinnacle,API-Football-closing,true,false,2018-11-11 00:00:00
560103,1.42,4.84,7.86,Pinnacle,API-Football-closing,true,false,2020-10-24 00:00:00
523065,2.77,3.48,2.66,Pinnacle,API-Football-closing,true,false,2014-03-30 00:00:00
284192,1.41,4.84,8.04,Pinnacle,API-Football-closing,true,true,2022-11-06 15:00:00
246937,2.01,3.45,3.77,Pinnacle,API-Football-closing,true,true,2024-12-22 13:00:00
237784,1.1,10.09,26.18,Pinnacle,API-Football-closing,true,false,2019-11-30 18:00:00
601553,3.7,3.6,1.8,Bet365,API-Football-closing,true,false,2025-10-25 14:00:00
194767,2.22,3.65,3.21,Pinnacle,API-Football-closing,true,false,2019-08-31 14:00:00
291020,6.5,3.75,1.52,Unibet,API-Football-closing,true,false,2020-08-22 12:00:00
194202,3.62,3.73,2.08,Pinnacle,API-Football-closing,true,false,2017-08-12 14:00:00
7415,2.53,3.74,2.69,Pinnacle,API-Football-closing,true,true,2023-10-14 14:00:00
552347,2.71,3.25,2.85,Pinnacle,API-Football-closing,true,false,2021-10-23 00:00:00
37354,1.42,4.64,8.34,Pinnacle,API-Football-closing,true,false,2024-06-23 00:00:00
185358,2.75,3.48,2.66,Pinnacle,API-Football-closing,true,true,2024-11-30 15:00:00
249056,1.85,3.6,4.0,Bet365,CSV,false,true,2020-02-12 19:45:00
555678,2.54,3.35,3.0,Pinnacle,API-Football-closing,true,false,2014-09-21 00:00:00
272979,1.6,4.31,5.76,Pinnacle,API-Football-closing,true,false,2022-02-27 16:00:00
183745,1.08,10.0,26.0,Bet365,CSV,false,true,2019-08-31 14:00:00
149483,2.29,3.47,2.94,Pinnacle,The-Odds-API,true,true,2024-08-08 18:00:00
247128,2.45,3.21,3.19,Pinnacle,API-Football-closing,true,true,2025-08-10 18:30:00
184303,1.52,4.68,6.57,Pinnacle,API-Football-closing,true,true,2021-02-03 20:15:00
241876,7.5,5.0,1.36,Bet365,CSV,false,true,2021-01-28 17:45:00
266684,1.47,4.53,6.33,Pinnacle,The-Odds-API,false,true,2025-09-20 01:00:00
189140,2.3,3.3,3.2,Bet365,CSV,false,true,2021-05-08 11:30:00
223214,1.6,3.6,5.75,Bet365,CSV,false,true,2022-10-01 17:00:00
82480,1.76,3.55,5.39,Pinnacle,API-Football-closing,true,false,2020-11-22 00:00:00
16349,1.53,3.93,7.63,Pinnacle,API-Football-closing,true,true,2024-04-13 12:00:00
559181,1.74,3.5,5.65,Pinnacle,API-Football-closing,true,false,2019-06-13 00:00:00
272247,1.67,4.2,5.17,Pinnacle,API-Football-closing,true,false,2018-04-07 14:00:00
572654,6.05,4.29,1.58,Pinnacle,API-Football-closing,true,false,2015-10-31 00:00:00
178266,2.11,3.45,3.72,Pinnacle,API-Football-closing,true,false,2019-04-28 14:00:00
532940,3.75,4.02,1.93,Pinnacle,API-Football-closing,true,false,2020-10-04 00:00:00
5114,2.81,3.41,2.61,Pinnacle,API-Football-closing,true,true,2024-03-16 15:00:00
268971,2.48,3.35,3.02,Pinnacle,API-Football-closing,true,true,2025-08-03 15:00:00
213887,2.2,3.2,3.3,Bet365,CSV,false,true,2022-10-29 12:00:00
523362,1.66,4.13,5.5,Pinnacle,API-Football-closing,true,false,2014-08-16 00:00:00
184109,3.37,3.47,2.3,Pinnacle,API-Football-closing,true,true,2020-09-26 19:00:00
547493,3.51,3.65,2.05,Pinnacle,API-Football-closing,true,false,2023-04-26 00:00:00
597135,1.64,4.37,4.88,Pinnacle,API-Football-closing,true,false,2019-09-28 00:00:00
282002,1.68,3.95,5.7,Pinnacle,API-Football-closing,true,false,2012-09-16 15:00:00
216368,1.95,3.66,4.24,Pinnacle,API-Football-closing,true,false,2016-09-17 18:00:00
574752,3.17,3.8,2.2,Pinnacle,API-Football-closing,true,false,2020-09-13 00:00:00
219350,3.76,3.94,1.96,Pinnacle,API-Football-closing,true,true,2025-11-28 19:45:00
554223,2.25,3.44,3.41,Pinnacle,API-Football-closing,true,false,2012-09-23 00:00:00
139591,1.74,3.78,5.23,Pinnacle,The-Odds-API,false,true,2022-04-03 01:00:00
581240,2.18,3.73,3.37,Pinnacle,API-Football-closing,true,false,2018-03-31 00:00:00
19730,3.43,3.68,2.12,Pinnacle,API-Football-closing,true,true,2023-09-30 13:00:00
53682,1.19,8.08,15.64,Pinnacle,API-Football-closing,true,false,2015-05-30 00:00:00
73683,1.24,6.21,11.74,Pinnacle,API-Football-closing,true,false,2024-04-08 00:00:00
201612,2.33,3.44,3.3,Pinnacle,API-Football-closing,true,true,2022-10-18 17:00:00
32156,1.88,3.65,4.17,Pinnacle,API-Football-closing,true,true,2023-01-07 00:00:00
269115,2.2,3.04,4.15,Pinnacle,API-Football-closing,true,false,2016-08-21 12:30:00
14202,1.75,3.91,5.0,Pinnacle,API-Football-closing,true,true,2023-10-08 10:30:00
281250,2.86,3.42,2.6,Pinnacle,API-Football-closing,true,true,2022-08-07 15:30:00
264518,1.82,3.88,4.49,Pinnacle,API-Football-closing,true,true,2023-05-13 07:00:00
7564,4.27,3.64,1.9,Pinnacle,API-Football-closing,true,true,2024-01-01 15:00:00
189593,1.56,4.09,6.87,Pinnacle,API-Football-closing,true,true,2022-03-16 19:45:00
557576,1.76,3.83,5.14,Pinnacle,API-Football-closing,true,false,2017-06-04 00:00:00
183715,2.05,3.38,4.12,Pinnacle,API-Football-closing,true,false,2019-08-10 14:00:00
597409,3.71,4.11,1.89,Pinnacle,API-Football-closing,true,false,2019-04-27 00:00:00
53217,2.6,3.46,2.85,Pinnacle,API-Football-closing,true,false,2013-06-23 00:00:00
81068,1.75,3.67,5.23,Pinnacle,API-Football-closing,true,false,2014-09-14 00:00:00
245599,1.9,3.6,3.75,Bet365,CSV,false,true,2020-07-12 18:00:00
257789,1.64,3.87,6.34,Pinnacle,API-Football-closing,true,false,2012-10-07 01:22:00
588208,2.42,3.72,2.84,Pinnacle,API-Football-closing,true,false,2025-07-27 00:00:00
227118,1.82,3.99,4.45,Pinnacle,API-Football-closing,true,true,2022-09-03 13:30:00
149521,4.4,3.91,1.79,Pinnacle,The-Odds-API,true,true,2024-08-22 18:45:00
589453,1.78,3.33,5.72,Pinnacle,API-Football-closing,true,false,2021-07-19 00:00:00
599068,1.36,5.14,8.41,Pinnacle,API-Football-closing,true,false,2019-04-27 00:00:00
210490,2.0,3.5,3.8,Bet365,CSV,false,true,2022-11-06 17:00:00
238566,1.1,11.0,28.21,Pinnacle,API-Football-closing,true,true,2022-04-16 19:30:00
284017,2.79,3.5,2.61,Pinnacle,API-Football-closing,true,true,2022-02-27 13:00:00
58210,8.74,4.9,1.35,Pinnacle,API-Football-closing,true,false,2020-08-11 00:00:00
281686,2.2,3.64,3.29,Pinnacle,API-Football-closing,true,false,2024-10-26 15:30:00
206464,2.38,3.09,3.27,Pinnacle,API-Football-closing,true,true,2025-11-29 13:00:00
35277,1.9,3.28,4.92,Pinnacle,API-Football-closing,true,false,2018-10-28 00:00:00
579895,2.04,3.59,3.89,Pinnacle,API-Football-closing,true,false,2016-05-21 00:00:00
208563,2.24,3.64,3.3,Pinnacle,API-Football-closing,true,false,2017-11-18 17:00:00
575790,1.6,4.12,5.46,Pinnacle,API-Football-closing,true,false,2022-12-05 00:00:00
568122,2.19,3.77,3.24,Pinnacle,API-Football-closing,true,false,2019-05-18 00:00:00
209738,1.8,3.51,5.41,Pinnacle,API-Football-closing,true,true,2020-12-23 19:45:00
565219,4.13,3.41,2.04,Pinnacle,API-Football-closing,true,false,2014-08-01 00:00:00
205285,2.0,3.3,4.0,Bet365,CSV,false,true,2022-05-08 12:00:00
34776,1.65,3.89,6.25,Pinnacle,API-Football-closing,true,false,2017-08-06 00:00:00
581544,1.98,3.94,3.64,Pinnacle,API-Football-closing,true,false,2018-07-04 00:00:00
201016,3.16,2.87,2.8,Pinnacle,API-Football-closing,true,true,2021-03-06 13:00:00
534164,2.01,3.36,4.25,Pinnacle,API-Football-closing,true,false,2023-05-13 00:00:00
219005,4.14,4.04,1.85,Pinnacle,API-Football-closing,true,true,2024-10-27 19:45:00
25626,1.53,4.7,6.12,Pinnacle,API-Football-closing,true,true,2021-02-20 00:00:00
501406,1.62,3.25,7.0,Bet365,API-Football-closing,true,false,2026-02-14 00:00:00
196960,2.39,3.41,2.97,Pinnacle,API-Football-closing,true,true,2024-10-22 18:45:00
193349,3.72,3.49,2.07,Pinnacle,API-Football-closing,true,true,2024-08-31 14:00:00
62302,1.72,3.92,5.26,Pinnacle,API-Football-closing,true,false,2013-07-28 00:00:00
591618,2.81,3.02,2.76,Pinnacle,API-Football-closing,true,false,2024-12-10 00:00:00
242503,1.71,4.13,4.78,Pinnacle,API-Football-closing,true,true,2023-01-14 17:15:00
438439,11.67,6.84,1.26,Pinnacle,API-Football-closing,true,false,2017-04-15 00:00:00
161779,3.14,3.49,2.34,Pinnacle,The-Odds-API,true,true,2022-12-21 19:45:00
272963,1.68,3.99,5.46,Pinnacle,API-Football-closing,true,false,2022-02-12 16:00:00
217778,2.39,3.4,3.23,Pinnacle,API-Football-closing,true,true,2020-09-20 13:00:00
257157,1.59,4.05,6.18,Pinnacle,API-Football-closing,true,true,2025-05-10 19:00:00
223217,3.66,3.11,2.26,Pinnacle,API-Football-closing,true,true,2022-10-01 17:00:00
256519,2.74,3.18,2.87,Pinnacle,The-Odds-API,true,true,2022-11-02 19:00:00
283049,1.92,4.07,3.87,Pinnacle,API-Football-closing,true,false,2017-09-22 17:00:00
534527,1.64,4.03,5.23,Pinnacle,API-Football-closing,true,false,2023-11-26 00:00:00
188449,2.22,3.42,3.43,Pinnacle,API-Football-closing,true,false,2020-02-25 19:45:00
53298,2.2,3.63,3.38,Pinnacle,API-Football-closing,true,false,2013-09-15 00:00:00
275544,2.81,3.41,2.59,Pinnacle,API-Football-closing,true,false,2019-08-03 18:00:00
245862,3.2,3.25,2.25,Bet365,CSV,false,true,2021-02-08 16:00:00
246725,2.3,3.3,2.88,Bet365,CSV,false,true,2023-05-17 17:00:00
579120,1.75,3.9,5.11,Pinnacle,API-Football-closing,true,false,2015-05-03 00:00:00
557644,2.32,3.32,3.42,Pinnacle,API-Football-closing,true,false,2017-06-17 00:00:00
191851,3.57,3.6,2.12,Pinnacle,API-Football-closing,true,true,2021-01-02 15:00:00
567662,2.06,3.54,3.8,Pinnacle,API-Football-closing,true,false,2018-09-15 00:00:00
595985,2.41,3.51,3.07,Pinnacle,API-Football-closing,true,false,2017-03-04 00:00:00
524394,2.34,3.25,3.45,Pinnacle,API-Football-closing,true,false,2016-09-18 00:00:00
84065,3.18,3.21,2.48,Pinnacle,API-Football-closing,true,false,2013-09-29 00:00:00
543505,1.31,5.82,10.27,Pinnacle,API-Football-closing,true,false,2014-05-21 00:00:00
274156,1.36,5.55,7.98,Pinnacle,API-Football-closing,true,false,2019-09-25 18:00:00
88846,3.67,3.29,2.23,Pinnacle,API-Football-closing,true,false,2017-08-09 00:00:00
225965,7.83,5.73,1.37,Pinnacle,API-Football-closing,true,false,2018-12-01 14:30:00
283387,5.31,3.85,1.7,Pinnacle,API-Football-closing,true,false,2019-02-24 15:00:00
221088,2.38,3.15,3.48,Pinnacle,API-Football-closing,true,false,2016-11-18 19:00:00
4685,2.13,3.58,3.5,Pinnacle,API-Football-closing,true,true,2023-08-15 18:45:00
210027,1.55,4.2,5.5,Bet365,CSV,false,true,2021-09-23 18:45:00
205701,2.38,3.0,3.4,Bet365,CSV,false,true,2023-04-09 12:00:00
88898,1.81,4.02,4.51,Pinnacle,API-Football-closing,true,false,2017-09-30 00:00:00
217218,1.53,4.02,7.71,Pinnacle,API-Football-closing,true,false,2018-12-02 16:00:00
257145,2.32,3.14,3.51,Pinnacle,API-Football-closing,true,true,2025-05-04 19:00:00
214282,1.72,3.62,5.59,Pinnacle,API-Football-closing,true,true,2024-10-27 14:00:00
155696,2.77,3.19,2.79,Pinnacle,The-Odds-API,true,true,2023-06-27 22:00:00
201734,5.62,3.81,1.71,Pinnacle,API-Football-closing,true,true,2023-02-18 20:00:00
258283,2.11,3.6,3.67,Pinnacle,API-Football-closing,true,false,2014-06-08 02:00:00
258361,1.89,3.81,4.28,Pinnacle,API-Football-closing,true,false,2014-08-16 01:00:00
280047,2.85,3.43,2.61,Pinnacle,API-Football-closing,true,false,2017-07-22 16:00:00
569037,1.91,3.36,4.78,Pinnacle,API-Football-closing,true,false,2021-03-07 00:00:00
261168,1.92,3.4,4.78,Pinnacle,API-Football-closing,true,false,2012-08-25 10:00:00
252979,2.74,3.21,2.87,Pinnacle,API-Football-closing,true,false,2013-09-15 19:00:00
31960,1.53,4.22,6.32,Pinnacle,API-Football-closing,true,true,2023-12-29 19:45:00
161382,4.96,3.87,1.68,Pinnacle,API-Football-closing,true,true,2021-01-24 14:30:00
554672,2.02,3.61,3.91,Pinnacle,API-Football-closing,true,false,2013-08-02 00:00:00
257287,2.65,3.05,2.8,Unibet (NL),The-Odds-API,true,true,2025-08-31 21:30:00
285883,3.33,3.31,2.26,Pinnacle,API-Football-closing,true,true,2022-01-04 07:30:00
192594,1.88,3.66,4.36,Pinnacle,API-Football-closing,true,true,2022-03-05 15:00:00
188636,1.72,3.6,5.0,Bet365,CSV,false,true,2020-10-03 14:00:00
80920,3.32,3.02,2.49,Pinnacle,API-Football-closing,true,false,2014-04-11 00:00:00
594463,1.66,3.89,5.33,Pinnacle,API-Football-closing,true,false,2020-03-14 00:00:00
28996,2.0,3.51,4.11,Pinnacle,API-Football-closing,true,true,2023-09-16 14:00:00
82498,1.87,3.59,4.48,Pinnacle,API-Football-closing,true,false,2021-05-02 00:00:00
203625,1.55,4.01,7.0,Pinnacle,API-Football-closing,true,false,2018-12-02 15:00:00
197617,1.86,3.6,3.6,Bet365,API-Football-closing,true,true,2025-12-20 15:00:00
593719,1.96,3.59,3.89,Pinnacle,API-Football-closing,true,false,2021-01-23 00:00:00
559127,2.45,2.83,3.71,Pinnacle,API-Football-closing,true,false,2019-05-26 00:00:00
259872,1.7,4.09,5.08,Pinnacle,API-Football-closing,true,false,2018-08-19 20:00:00
283845,2.51,3.65,2.82,Pinnacle,API-Football-closing,true,false,2021-03-21 16:00:00
2000,1.59,4.06,6.43,Pinnacle,API-Football-closing,true,true,2023-09-30 14:00:00
278289,1.79,3.39,5.89,Pinnacle,API-Football-closing,true,false,2017-12-02 20:00:00
276132,4.57,3.63,1.87,Pinnacle,API-Football-closing,true,false,2021-09-24 18:30:00
227173,2.0,3.81,3.83,Pinnacle,API-Football-closing,true,true,2022-10-22 13:30:00
582535,2.27,3.72,3.06,Pinnacle,API-Football-closing,true,false,2019-08-04 00:00:00
238275,1.83,3.6,4.33,Bet365,CSV,false,true,2021-05-10 17:00:00
156754,1.23,5.4,8.75,888sport,The-Odds-API,true,true,2022-08-30 18:45:00
176897,7.13,4.7,1.49,Pinnacle,API-Football-closing,true,false,2017-01-02 15:00:00
11898,2.59,3.22,3.02,Pinnacle,API-Football-closing,true,true,2023-09-30 19:00:00
64943,2.2,3.41,3.58,Pinnacle,API-Football-closing,true,false,2013-08-05 00:00:00
526461,2.01,3.63,3.9,Pinnacle,API-Football-closing,true,false,2021-05-24 00:00:00
95122,1.57,4.03,6.28,Pinnacle,API-Football-closing,true,true,2024-07-21 18:00:00
322961,1.79,3.5,4.1,Unibet,The-Odds-API,true,true,2025-04-26 19:00:00
291139,2.17,3.34,3.74,Pinnacle,API-Football-closing,true,true,2021-06-14 15:30:00
81177,2.7,3.66,2.56,Pinnacle,API-Football-closing,true,false,2015-05-02 00:00:00
259098,2.44,3.44,3.08,Pinnacle,API-Football-closing,true,false,2016-08-25 01:00:00
251107,2.93,3.39,2.54,Pinnacle,API-Football-closing,true,false,2017-08-05 14:00:00
65832,2.25,3.32,3.59,Pinnacle,API-Football-closing,true,false,2016-08-05 00:00:00
264986,2.38,3.2,3.32,Pinnacle,API-Football-closing,true,false,2025-03-02 06:00:00
52073,2.0,3.29,3.39,Suprabets,The-Odds-API,false,true,2023-09-24 01:00:00
260299,1.56,4.59,5.59,Pinnacle,API-Football-closing,true,false,2019-08-15 00:00:00
267076,1.68,4.2,5.16,Pinnacle,API-Football-closing,true,false,2017-04-02 13:30:00
61,6.06,4.62,1.55,Pinnacle,API-Football-closing,true,true,2023-09-30 14:00:00
203127,1.82,3.3,5.78,Pinnacle,API-Football-closing,true,false,2017-11-19 11:00:00
590288,2.9,3.7,2.2,Bet365,API-Football-closing,true,false,2026-03-15 00:00:00
371149,2.49,3.02,3.4,Pinnacle,API-Football-closing,true,false,2026-02-23 20:00:00
67001,2.92,3.69,2.4,Pinnacle,API-Football-closing,true,false,2020-08-28 00:00:00
443696,1.83,3.63,4.9,Pinnacle,API-Football-closing,true,false,2017-08-05 00:00:00
547257,1.05,14.56,49.74,Pinnacle,API-Football-closing,true,false,2022-11-07 00:00:00
213069,2.31,3.2,3.53,Pinnacle,API-Football-closing,true,true,2020-11-07 15:00:00
199873,1.81,3.67,4.97,Pinnacle,API-Football-closing,true,false,2018-02-25 11:00:00
14291,5.5,3.7,1.74,Pinnacle,API-Football-closing,true,true,2023-12-23 11:30:00
593070,3.58,3.51,2.08,Pinnacle,API-Football-closing,true,false,2021-09-04 00:00:00
452003,2.45,3.41,3.08,Pinnacle,API-Football-closing,true,false,2013-11-03 00:00:00
140184,2.67,3.37,2.81,Pinnacle,The-Odds-API,true,true,2021-07-21 23:30:00
260973,2.4,3.2,3.37,Pinnacle,API-Football-closing,true,false,2012-03-17 05:00:00
69559,2.2,3.43,3.59,Pinnacle,API-Football-closing,true,false,2014-12-01 00:00:00
52244,2.07,3.66,3.66,Pinnacle,API-Football-closing,true,true,2024-02-26 00:00:00
597123,2.85,3.62,2.42,Pinnacle,API-Football-closing,true,false,2019-08-31 00:00:00
267142,2.44,3.38,3.13,Pinnacle,API-Football-closing,true,false,2017-06-04 18:00:00
217371,7.27,4.91,1.45,Pinnacle,API-Football-closing,true,false,2019-03-31 19:00:00
48711,1.79,3.77,4.92,Pinnacle,API-Football-closing,true,false,2013-08-01 00:00:00
189357,1.29,5.7,11.31,Pinnacle,API-Football-closing,true,true,2021-11-20 15:00:00
226593,1.53,4.38,6.88,Pinnacle,API-Football-closing,true,true,2021-01-09 14:30:00
246186,3.5,3.75,1.95,Bet365,CSV,false,true,2021-12-03 17:00:00
210730,1.93,3.68,4.27,Pinnacle,API-Football-closing,true,true,2023-05-28 10:30:00
408926,1.75,3.89,5.2,Pinnacle,API-Football-closing,true,false,2017-09-20 00:00:00
137458,2.36,3.23,3.17,Pinnacle,The-Odds-API,true,true,2024-10-19 23:00:00
155384,1.17,8.26,13.28,Pinnacle,The-Odds-API,true,true,2023-11-04 15:00:00
242206,1.92,3.68,4.14,Pinnacle,API-Football-closing,true,true,2022-01-25 20:00:00
537302,1.86,3.63,4.69,Pinnacle,API-Football-closing,true,false,2015-10-24 00:00:00
279574,1.3,5.19,10.48,Pinnacle,API-Football-closing,true,true,2025-11-02 23:30:00
229811,2.54,3.46,2.88,Pinnacle,API-Football-closing,true,false,2018-09-29 11:00:00
577894,2.02,3.68,3.87,Pinnacle,API-Football-closing,true,false,2013-06-20 00:00:00
23054,2.28,3.54,3.25,Pinnacle,API-Football-closing,true,true,2023-10-06 16:30:00
229882,2.36,3.41,3.18,Pinnacle,API-Football-closing,true,false,2018-12-08 12:00:00
264312,2.21,3.62,3.33,Pinnacle,The-Odds-API,true,true,2022-08-07 09:00:00
195640,2.3,3.2,3.3,Bet365,CSV,false,true,2021-04-17 11:30:00
191372,4.31,4.01,1.8,Pinnacle,API-Football-closing,true,false,2019-10-22 18:45:00
584216,2.96,3.52,2.46,Pinnacle,API-Football-closing,true,false,2021-10-10 00:00:00
375950,2.3,3.0,3.25,Betfair,API-Football,true,false,2026-02-25 19:30:00
262837,2.71,3.55,2.67,Pinnacle,API-Football-closing,true,false,2018-03-11 07:00:00
91057,1.28,6.49,11.37,Pinnacle,API-Football-closing,true,false,2015-10-30 00:00:00
139818,2.68,3.49,2.72,Pinnacle,API-Football-closing,true,false,2022-07-24 02:00:00
588000,1.43,4.95,7.43,Pinnacle,API-Football-closing,true,false,2025-06-09 00:00:00
594888,2.29,3.53,3.15,Pinnacle,API-Football-closing,true,false,2019-03-05 00:00:00
283567,2.33,3.58,3.07,Pinnacle,API-Football-closing,true,false,2019-10-27 10:00:00
270459,3.73,3.38,2.13,Pinnacle,API-Football-closing,true,false,2022-04-02 11:00:00
233565,1.42,4.98,7.91,Pinnacle,API-Football-closing,true,false,2018-03-03 17:30:00
191368,1.64,4.31,5.13,Pinnacle,API-Football-closing,true,false,2019-10-23 18:45:00
373586,3.18,3.61,2.23,Pinnacle,API-Football-closing,true,false,2026-02-22 00:30:00
130430,2.22,3.94,3.04,Pinnacle,The-Odds-API,true,true,2023-04-16 03:00:00
177860,2.39,3.35,3.18,Pinnacle,API-Football-closing,true,false,2018-10-02 18:45:00
597568,3.66,3.66,2.05,Pinnacle,API-Football-closing,true,false,2018-03-24 00:00:00
533932,2.17,3.75,3.34,Pinnacle,API-Football-closing,true,false,2022-09-11 00:00:00
192866,2.6,3.5,2.62,Bet365,CSV,false,true,2022-10-08 14:00:00
269913,2.36,3.32,3.23,Pinnacle,API-Football-closing,true,false,2019-10-26 13:30:00
245708,2.37,3.25,3.0,Bet365,CSV,false,true,2020-11-22 10:30:00
543478,4.9,3.34,1.88,Pinnacle,API-Football-closing,true,false,2014-05-03 00:00:00
210456,2.2,3.5,3.25,Bet365,CSV,false,true,2022-10-16 13:00:00
222422,1.9,3.25,4.33,Bet365,CSV,false,true,2020-10-17 17:00:00
63249,1.84,4.05,4.1,Pinnacle,API-Football-closing,true,false,2018-11-03 00:00:00
549221,1.51,4.55,6.95,Pinnacle,API-Football-closing,true,false,2013-04-19 00:00:00
581545,2.83,3.7,2.44,Pinnacle,API-Football-closing,true,false,2018-07-05 00:00:00
195432,2.6,3.25,2.8,Bet365,CSV,false,true,2021-01-26 19:00:00
31570,1.87,3.76,4.38,Pinnacle,API-Football-closing,true,true,2020-12-19 00:00:00
217605,1.4,4.87,8.88,Pinnacle,API-Football-closing,true,false,2019-11-29 19:45:00
83771,1.44,4.38,9.39,Pinnacle,API-Football-closing,true,false,2012-09-30 00:00:00
221798,2.13,3.16,4.07,Pinnacle,API-Football-closing,true,false,2018-10-19 18:00:00
34673,1.46,4.7,7.75,Pinnacle,API-Football-closing,true,false,2017-06-22 00:00:00
241658,1.36,5.0,8.5,Bet365,CSV,false,true,2020-03-07 19:00:00
205673,2.45,3.0,3.2,Bet365,CSV,false,true,2023-03-19 17:30:00
219279,2.35,3.54,3.12,Pinnacle,API-Football-closing,true,true,2025-09-28 15:15:00
130167,2.21,3.86,3.15,Pinnacle,The-Odds-API,true,true,2023-12-18 08:00:00
197689,1.91,3.5,3.6,Bet365,API-Football-closing,true,true,2026-01-24 12:30:00
57325,3.5,3.19,2.35,Pinnacle,API-Football-closing,true,false,2016-10-30 00:00:00
269959,2.65,2.94,3.11,Pinnacle,API-Football-closing,true,false,2020-02-29 13:30:00
226578,4.98,3.96,1.75,Pinnacle,API-Football-closing,true,true,2020-12-18 19:30:00
210003,2.26,3.58,3.32,Pinnacle,API-Football-closing,true,true,2021-09-13 18:45:00
81863,1.2,7.53,14.64,Pinnacle,API-Football-closing,true,false,2018-03-30 00:00:00
139303,2.48,3.4,3.04,Pinnacle,The-Odds-API,false,true,2023-03-26 00:30:00
7377,2.14,3.45,3.6,Pinnacle,API-Football-closing,true,true,2023-09-30 14:00:00
534916,1.99,3.76,3.75,Pinnacle,API-Football-closing,true,false,2024-09-22 00:00:00
445081,4.57,4.15,1.67,Pinnacle,API-Football-closing,true,false,2025-06-01 00:00:00
634175,2.67,3.28,2.71,Pinnacle,API-Football-closing,true,false,2025-08-09 00:00:00
438268,2.64,3.32,2.86,Pinnacle,API-Football-closing,true,false,2016-11-05 00:00:00
90937,4.4,3.61,1.92,Pinnacle,API-Football-closing,true,false,2015-05-15 00:00:00
86893,1.81,3.54,4.68,Pinnacle,API-Football-closing,true,false,2023-05-14 00:00:00
201520,1.24,6.8,13.5,Pinnacle,API-Football-closing,true,true,2022-08-13 19:00:00
210119,3.0,3.5,2.3,Bet365,CSV,false,true,2021-11-28 14:00:00
231240,2.3,3.4,3.1,Bet365,CSV,false,true,2023-04-29 18:30:00
544102,2.58,3.48,2.78,Pinnacle,API-Football-closing,true,false,2015-08-11 00:00:00
541505,2.01,3.38,4.15,Pinnacle,API-Football-closing,true,false,2023-02-18 00:00:00
72169,1.26,5.96,13.07,Pinnacle,The-Odds-API,false,true,2021-09-20 00:00:00
530356,1.73,4.04,5.03,Pinnacle,API-Football-closing,true,false,2015-05-16 00:00:00
274684,3.04,3.8,2.26,Pinnacle,API-Football-closing,true,true,2022-08-07 14:30:00
222428,1.86,3.45,5.2,Betfair,API-Football-closing,true,false,2020-10-24 17:00:00
265481,2.35,3.3,3.38,Pinnacle,API-Football-closing,true,false,2016-11-28 00:06:00
195621,3.2,3.3,2.3,Bet365,CSV,false,true,2021-04-10 14:00:00
277021,2.7,3.3,2.73,Pinnacle,API-Football-closing,true,true,2025-05-09 16:00:00
237073,1.82,3.58,5.13,Pinnacle,API-Football-closing,true,false,2017-08-18 19:30:00
239090,1.94,3.28,4.67,Pinnacle,API-Football-closing,true,true,2025-01-19 15:30:00
251723,1.62,3.82,5.91,Pinnacle,API-Football-closing,true,false,2021-08-02 18:45:00
42369,2.07,3.64,3.7,Pinnacle,API-Football-closing,true,false,2023-04-23 00:00:00
91125,2.61,3.2,3.04,Pinnacle,API-Football-closing,true,false,2016-05-06 00:00:00
375295,3.84,3.62,1.96,Pinnacle,API-Football-closing,true,false,2026-03-16 19:45:00
585003,1.91,4.04,3.86,Pinnacle,API-Football-closing,true,false,2022-07-24 00:00:00
378021,3.1,3.73,2.23,Pinnacle,API-Football-closing,true,false,2026-03-14 04:00:00
74907,2.82,3.42,2.64,Pinnacle,API-Football-closing,true,false,2013-04-22 00:00:00
542792,2.45,3.55,2.86,Pinnacle,API-Football-closing,true,false,2025-03-09 00:00:00
597979,3.9,3.57,1.89,Pinnacle,API-Football-closing,true,false,2024-11-02 00:00:00
86623,3.02,3.23,2.48,Pinnacle,API-Football-closing,true,false,2022-08-12 00:00:00
577763,2.39,3.32,3.27,Pinnacle,API-Football-closing,true,false,2013-04-13 00:00:00
263486,3.35,3.46,2.21,Pinnacle,API-Football-closing,true,true,2020-08-01 10:00:00
570228,1.19,6.9,16.98,Pinnacle,API-Football-closing,true,false,2023-03-10 00:00:00
193901,1.79,3.44,5.22,Pinnacle,API-Football-closing,true,true,2025-08-19 18:45:00
591098,3.74,3.47,1.95,Pinnacle,API-Football-closing,true,false,2025-10-25 00:00:00
189130,2.05,3.56,3.84,Pinnacle,API-Football-closing,true,true,2021-05-01 11:30:00
212915,4.24,3.35,1.99,Pinnacle,API-Football-closing,true,false,2020-03-08 14:00:00
189399,2.1,3.16,4.24,Pinnacle,API-Football-closing,true,true,2021-12-04 15:00:00
537893,1.6,4.22,6.15,Pinnacle,API-Football-closing,true,false,2016-10-23 00:00:00
184622,2.27,3.25,3.66,Pinnacle,API-Football-closing,true,true,2021-12-12 16:30:00
19872,3.45,3.53,2.17,Pinnacle,API-Football-closing,true,true,2024-02-03 14:00:00
253804,1.96,3.41,4.5,Pinnacle,API-Football-closing,true,false,2015-10-04 14:00:00
548665,2.85,3.68,2.4,Pinnacle,API-Football-closing,true,false,2025-06-30 00:00:00
274376,3.65,3.55,2.1,Betfair,API-Football-closing,true,true,2021-01-28 19:30:00
564440,1.31,5.57,11.22,Pinnacle,API-Football-closing,true,false,2012-09-03 00:00:00
530206,2.21,3.77,3.26,Pinnacle,API-Football-closing,true,false,2014-11-09 00:00:00
579413,1.46,4.68,8.01,Pinnacle,API-Football-closing,true,false,2015-08-09 00:00:00
34324,2.44,3.23,3.27,Pinnacle,API-Football-closing,true,false,2016-06-30 00:00:00
137966,1.78,3.68,5.15,Pinnacle,API-Football-closing,true,true,2023-03-18 23:00:00
233533,2.42,3.79,2.83,Pinnacle,API-Football-closing,true,false,2018-02-24 18:45:00
221452,1.81,3.57,5.18,Pinnacle,API-Football-closing,true,false,2017-10-27 18:00:00
196145,2.8,3.1,2.7,Bet365,CSV,false,true,2022-03-22 19:00:00
201263,4.5,3.2,1.95,Bet365,CSV,false,true,2021-11-07 15:15:00
188176,2.9,3.4,2.45,Bet365,CSV,false,true,2019-10-19 14:00:00
184166,1.9,3.96,4.12,Pinnacle,API-Football-closing,true,true,2020-11-07 20:00:00
254957,2.77,3.17,2.83,Pinnacle,API-Football-closing,true,false,2018-10-20 22:00:00
260597,1.91,3.71,3.88,Pinnacle,The-Odds-API,false,true,2025-05-11 01:30:00
199598,1.18,8.75,17.7,Pinnacle,API-Football-closing,true,false,2017-04-29 11:00:00
248394,2.05,3.57,3.89,Pinnacle,API-Football-closing,true,false,2017-04-01 14:00:00
242667,2.07,3.58,3.67,Pinnacle,API-Football-closing,true,false,2024-01-24 18:15:00
435220,2.08,3.59,3.7,Pinnacle,API-Football-closing,true,false,2018-01-24 00:00:00
214284,2.03,3.13,4.48,Pinnacle,API-Football-closing,true,true,2024-10-25 18:30:00
451449,2.62,3.38,2.87,Pinnacle,API-Football-closing,true,false,2012-11-11 00:00:00
556306,2.23,3.37,3.58,Pinnacle,API-Football-closing,true,false,2015-08-02 00:00:00
268519,1.4,5.18,8.07,Pinnacle,API-Football-closing,true,true,2023-04-23 15:00:00
573725,2.07,3.58,3.66,Pinnacle,API-Football-closing,true,false,2018-04-20 00:00:00
194070,2.75,3.2,2.4,Bet365,API-Football-closing,true,true,2025-12-09 19:45:00
241765,1.74,3.85,4.4,Betfair,API-Football-closing,true,true,2020-11-25 16:00:00
268664,4.22,4.36,1.75,Pinnacle,API-Football-closing,true,true,2024-05-16 16:00:00
579560,3.66,3.63,2.1,Pinnacle,API-Football-closing,true,false,2015-09-27 00:00:00
236956,1.13,10.02,25.12,Pinnacle,API-Football-closing,true,false,2017-02-17 20:30:00
544769,1.85,3.64,4.53,Pinnacle,API-Football-closing,true,false,2017-04-02 00:00:00
139866,1.83,4.0,4.3,Pinnacle,API-Football-closing,true,false,2022-08-15 01:00:00
271505,1.86,3.56,4.84,Pinnacle,API-Football-closing,true,false,2014-03-22 18:00:00
210925,3.14,3.01,2.58,Pinnacle,API-Football-closing,true,true,2025-01-04 19:45:00
194954,2.52,3.24,3.0,Pinnacle,API-Football-closing,true,false,2019-12-21 15:00:00
53213,2.75,3.59,2.66,Pinnacle,API-Football-closing,true,false,2013-06-22 00:00:00
251177,2.33,3.43,3.23,Pinnacle,API-Football-closing,true,false,2018-01-02 15:00:00
52111,1.96,3.62,4.14,Pinnacle,The-Odds-API,false,true,2023-10-25 01:00:00
184234,2.3,3.4,3.1,Bet365,CSV,false,true,2020-12-27 14:15:00
205489,2.37,3.1,3.2,Bet365,CSV,false,true,2022-11-06 15:15:00
217670,2.02,2.92,5.15,Pinnacle,API-Football-closing,true,false,2020-01-25 19:00:00
447127,13.5,7.2,1.22,Pinnacle,API-Football-closing,true,false,2018-03-03 00:00:00
602094,2.08,3.51,3.29,Pinnacle,API-Football-closing,true,false,2025-10-04 14:00:00
226878,4.55,4.12,1.78,Pinnacle,API-Football-closing,true,true,2021-11-20 14:30:00
548337,1.17,7.43,14.36,Pinnacle,API-Football-closing,true,false,2024-09-21 00:00:00
140761,1.33,5.82,9.14,Pinnacle,API-Football-closing,true,false,2020-11-08 20:30:00
281871,2.3,3.5,3.05,Pinnacle,The-Odds-API,true,true,2025-08-25 17:00:00
193389,2.8,3.43,2.56,Pinnacle,API-Football-closing,true,true,2024-09-28 14:00:00
568144,2.33,3.5,3.12,Pinnacle,API-Football-closing,true,false,2019-07-21 00:00:00
525522,3.21,3.63,2.25,Pinnacle,API-Football-closing,true,false,2019-04-22 00:00:00
277720,1.69,3.49,6.73,Pinnacle,API-Football-closing,true,false,2016-09-11 19:15:00
65806,1.25,6.2,15.53,Pinnacle,API-Football-closing,true,false,2016-05-15 00:00:00
196791,2.38,3.3,3.0,Bet365,CSV,false,true,2023-04-29 14:00:00
161620,1.81,3.8,4.32,Pinnacle,The-Odds-API,true,true,2023-08-08 18:45:00
244653,2.46,3.17,3.29,Pinnacle,API-Football-closing,true,false,2017-04-22 16:00:00
205424,1.97,3.49,4.14,Pinnacle,API-Football-closing,true,true,2022-10-12 12:00:00
282589,2.01,3.48,4.16,Pinnacle,API-Football-closing,true,false,2015-09-13 11:30:00
230208,2.65,3.29,2.79,Pinnacle,API-Football-closing,true,false,2019-12-21 12:00:00
85112,3.4,3.27,2.32,Pinnacle,API-Football-closing,true,false,2017-04-30 00:00:00
34912,2.49,3.16,3.25,Pinnacle,API-Football-closing,true,false,2017-11-08 00:00:00
266049,1.86,3.77,4.33,Pinnacle,API-Football-closing,true,false,2018-08-22 00:00:00
258347,2.2,3.52,3.48,Pinnacle,API-Football-closing,true,false,2014-08-03 00:30:00
355150,2.39,3.35,3.15,Pinnacle,The-Odds-API,true,true,2025-12-10 20:00:00
599225,1.99,3.58,3.95,Pinnacle,API-Football-closing,true,false,2018-03-27 00:00:00
562190,1.7,3.77,5.63,Pinnacle,API-Football-closing,true,false,2023-05-27 00:00:00
592194,2.28,3.47,3.14,Pinnacle,API-Football-closing,true,false,2023-12-16 00:00:00
149797,4.05,4.46,1.77,Pinnacle,The-Odds-API,true,true,2023-11-09 17:45:00
554824,1.75,3.76,5.33,Pinnacle,API-Football-closing,true,false,2013-09-05 00:00:00
68785,1.96,3.33,4.66,Pinnacle,API-Football-closing,true,false,2012-12-01 00:00:00
52192,1.55,4.5,6.13,Pinnacle,API-Football-closing,true,true,2024-01-28 01:00:00
595583,1.74,3.72,5.51,Pinnacle,API-Football-closing,true,false,2016-08-09 00:00:00
138770,3.41,3.61,2.19,Pinnacle,API-Football-closing,true,false,2024-03-17 00:30:00
222951,3.15,3.05,2.58,Pinnacle,API-Football-closing,true,true,2022-01-22 18:00:00
371928,2.76,3.28,2.58,Pinnacle,API-Football-closing,true,false,2026-03-21 13:00:00
188615,2.87,3.25,2.55,Bet365,CSV,false,true,2020-09-19 14:00:00
147179,2.2,2.92,4.12,Pinnacle,The-Odds-API,true,true,2024-09-28 17:00:00
245460,2.18,3.63,3.29,Pinnacle,API-Football-closing,true,false,2019-12-22 16:00:00
213079,2.18,3.16,3.95,Pinnacle,API-Football-closing,true,true,2020-11-22 20:00:00
527666,1.59,4.53,5.48,Pinnacle,API-Football-closing,true,false,2023-08-19 00:00:00
94265,2.28,3.08,3.55,Pinnacle,The-Odds-API,true,true,2022-10-29 00:30:00
36710,1.24,6.42,12.63,Pinnacle,API-Football-closing,true,false,2022-08-20 00:00:00
68016,1.79,3.66,4.91,Pinnacle,API-Football-closing,true,false,2024-02-10 19:00:00
246098,2.89,3.18,2.72,Pinnacle,API-Football-closing,true,true,2021-09-21 17:00:00
137610,4.05,3.52,1.99,Pinnacle,API-Football-closing,true,true,2025-02-23 03:05:00
34601,4.42,3.52,1.94,Pinnacle,API-Football-closing,true,false,2017-05-20 00:00:00
218129,5.25,3.4,1.72,Bet365,CSV,false,true,2021-08-08 15:00:00
257435,3.24,3.45,2.3,Pinnacle,API-Football-closing,true,true,2025-11-28 22:00:00
239343,1.2,6.82,15.3,Pinnacle,API-Football-closing,true,true,2025-11-30 20:30:00
69281,1.68,3.76,6.18,Pinnacle,API-Football-closing,true,false,2014-03-29 00:00:00
257284,2.25,3.23,3.58,Pinnacle,API-Football-closing,true,true,2025-08-31 21:30:00
548901,1.68,4.2,3.9,Bet365,API-Football-closing,true,false,2026-03-07 00:00:00
223714,2.72,2.79,3.21,Pinnacle,API-Football-closing,true,true,2025-02-14 19:00:00
187482,1.56,4.38,6.3,Pinnacle,API-Football-closing,true,false,2018-08-04 14:00:00
185434,5.7,4.3,1.62,Pinnacle,API-Football-closing,true,true,2025-01-14 20:00:00
265453,1.6,4.21,6.15,Pinnacle,API-Football-closing,true,false,2016-10-22 22:00:00
371474,3.28,2.86,2.64,Pinnacle,API-Football-closing,true,false,2026-02-15 14:00:00
176845,2.83,3.33,2.69,Pinnacle,API-Football-closing,true,false,2016-11-26 15:00:00
286646,2.67,3.39,2.72,Pinnacle,API-Football-closing,true,false,2025-04-20 11:35:00
155626,2.17,3.4,3.6,Pinnacle,The-Odds-API,true,true,2023-05-24 00:00:00
291031,3.3,3.35,2.34,Betfair,API-Football-closing,true,false,2020-08-26 15:30:00
534548,4.29,3.91,1.79,Pinnacle,API-Football-closing,true,false,2023-12-03 00:00:00
193324,2.23,3.58,3.21,Pinnacle,API-Football-closing,true,true,2024-08-17 14:00:00
183954,2.12,3.5,3.68,Pinnacle,API-Football-closing,true,false,2020-02-01 17:30:00
569883,2.29,3.12,3.7,Pinnacle,API-Football-closing,true,false,2022-08-13 00:00:00
287811,1.78,3.74,4.72,Pinnacle,API-Football-closing,true,false,2020-02-23 14:30:00
246712,1.57,4.85,5.35,Pinnacle,API-Football-closing,true,true,2023-05-06 18:00:00
