id,api_football_id,name,firstname,lastname,age,nationality,height,weight,photo,in_csv,in_pq
105998,493642,Marek Halda,,,,,,,https://media.api-sports.io/football/players/493642.png,true,true
217710,274543,B. Lemmen,,,,,,,,true,true
72295,49848,S. Aydoğdu,,,,,,,https://media.api-sports.io/football/players/49848.png,true,true
112659,101599,Abdulla Al Jaberi,,,,,,,,true,true
101175,83462,M. Manninen,,,,,,,,true,true
103330,508787,Conall Cronin,,,,,,,https://media.api-sports.io/football/players/508787.png,true,true
68651,15341,Anderson Correia,,,,,,,https://media.api-sports.io/football/players/15341.png,true,true
59499,1478,A. Conte,,,,,,,https://media.api-sports.io/football/players/1478.png,true,true
94349,323787,F. Caceres,,,,,,,https://media.api-sports.io/football/players/323787.png,true,true
153522,460261,S. Diouf,,,,,,,,true,true
215050,581790,A. Reis,,,,,,,,true,true
51089,105097,Marc Carbó,,,,,,,https://media.api-sports.io/football/players/105097.png,true,true
164594,180348,Chungnunga Lal,,,,,,,https://media.api-sports.io/football/players/180348.png,true,true
173515,335135,I. Maïga,,,,,,,,true,true
101240,174227,M. Joenmäki,,,,,,,,true,true
73281,13596,Michael Rangel,,,,,,,https://media.api-sports.io/football/players/13596.png,true,true
180931,181304,Adrián Güemes,,,,,,,https://media.api-sports.io/football/players/181304.png,true,true
93308,6238,Fernando Juárez,,,,,,,https://media.api-sports.io/football/players/6238.png,true,true
155618,24778,L. Zviadadze,,,,,,,,true,true
81208,103353,C. Missimo,,,,,,,,true,true
150308,127536,D. Martínez,,,,,,,,true,true
46893,274225,J. Young,,,,,,,https://media.api-sports.io/football/players/274225.png,true,true
60246,42982,K. Boli,,,,,,,https://media.api-sports.io/football/players/42982.png,true,true
63368,2383,Dimitris Limnios,,,,,,,https://media.api-sports.io/football/players/2383.png,true,true
120634,306736,J. Laszo,,,,,,,,true,true
143929,428315,Roman Andrieshyn,,,,,,,https://media.api-sports.io/football/players/428315.png,true,true
166448,111734,S. Smakov,,,,,,,,true,true
173071,105647,J. Mulgrew,,,,,,,,true,true
209526,175170,T. Vives,,,,,,,,true,true
92181,447406,Adam Chojecki,,,,,,,https://media.api-sports.io/football/players/447406.png,true,true
63695,48574,Cedric Zesiger,,,,,,,https://media.api-sports.io/football/players/48574.png,true,true
71036,76568,R. Lecomte,,,,,,,,true,true
114527,42210,G. Gomis,,,,,,,,true,true
123267,74782,F. Mellouli,,,,,,,,true,true
177006,295303,D. Ahmeti,,,,,,,,true,true
172080,524218,B. Mfoumou,,,,,,,,true,true
109333,182120,A. Rhazouat,,,,,,,,true,true
41991,234110,T. Chamberlain,,,,,,,,true,true
171400,214259,J. Cumberbatch,,,,,,,,true,true
158148,357145,R. Morillo,,,,,,,,true,true
119544,13579,James Sánchez,,,,,,,https://media.api-sports.io/football/players/13579.png,true,true
174157,10664,P. Genchev,,,,,,,,true,true
153832,533170,M. Camara,,,,,,,,true,true
208437,398384,A. Leganase,,,,,,,https://media.api-sports.io/football/players/398384.png,true,true
89507,7399,N. Zivotic,,,,,,,https://media.api-sports.io/football/players/7399.png,true,true
129875,69175,R. Mencia,,,,,,,,true,true
75182,44972,L. Sowah,,,,,,,,true,true
110434,482839,A. Sanogo,,,,,,,,true,true
107264,381177,Al Mutasim Sediq,,,,,,,https://media.api-sports.io/football/players/381177.png,true,true
36089,20204,D. Moore,,,,,,,https://media.api-sports.io/football/players/20204.png,true,true
63307,178793,R. Voloder,,,,,,,https://media.api-sports.io/football/players/178793.png,true,true
179411,154213,N. Symons,,,,,,,,true,true
82116,407993,G. Vivi,,,,,,,https://media.api-sports.io/football/players/407993.png,true,true
192785,260137,F. Wernet,,,,,,,,true,true
208831,398713,Gregoire Lair,,,,,,,,true,true
155654,24757,S. Shekiladze,,,,,,,,true,true
137870,76841,J. Sánchez,,,,,,,,true,true
176976,82347,P. Rutherford,,,,,,,https://media.api-sports.io/football/players/82347.png,true,true
161603,71325,R. James,,,,,,,,true,true
211437,500323,N. De Brabant,,,,,,,,true,true
107686,578970,N. Masoud,,,,,,,,true,true
85413,290651,M. Palma,,,,,,,,true,true
96416,160959,J. Stenberg,,,,,,,https://media.api-sports.io/football/players/160959.png,true,true
134900,532939,A. Mortazavi,,,,,,,,true,true
108811,206587,P. Arhan,,,,,,,https://media.api-sports.io/football/players/206587.png,true,true
126339,449040,Fredy Colmán,,,,,,,https://media.api-sports.io/football/players/449040.png,true,true
130400,541197,A. Hernandez,,,,,,,,true,true
111482,182020,Mohamed Samir,,,,,,,https://media.api-sports.io/football/players/182020.png,true,true
121065,449116,Simon Garcia,,,,,,,https://media.api-sports.io/football/players/449116.png,true,true
180740,135988,Javi López,,,,,,,,true,true
213254,292188,F. Estanga,,,,,,,,true,true
132447,446666,Christos Makrygiannis,,,,,,,https://media.api-sports.io/football/players/446666.png,true,true
180793,181161,César Suárez,,,,,,,,true,true
100942,325199,Szabolcs Szilágyi,,,,,,,https://media.api-sports.io/football/players/325199.png,true,true
188929,349780,A. Alamu-Tajudeen,,,,,,,,true,true
206401,274307,Oussama Fahmani,,,,,,,https://media.api-sports.io/football/players/274307.png,true,true
53470,50859,Maxi Moralez,,,,,,,https://media.api-sports.io/football/players/50859.png,true,true
113346,242505,Mohamed Al Hammadi,,,,,,,https://media.api-sports.io/football/players/242505.png,true,true
67815,502512,Uriel van Aalst,,,,,,,https://media.api-sports.io/football/players/502512.png,true,true
135492,160608,Rafinha,,,,,,,,true,true
77283,114476,Leonardo,,,,,,,,true,true
49291,2615,M. Gómez,,,,,,,https://media.api-sports.io/football/players/2615.png,true,true
96898,16044,Andreas Oggesen,,,,,,,https://media.api-sports.io/football/players/16044.png,true,true
218792,487272,Z. van Ooijen,,,,,,,,true,true
98783,311714,He Siwei,,,,,,,https://media.api-sports.io/football/players/311714.png,true,true
72489,117111,T. Ujfalusi,,,,,,,,true,true
51079,105096,Jaume Valens Cardell,,,,,,,https://media.api-sports.io/football/players/105096.png,true,true
200766,86229,N. Parisot,,,,,,,,true,true
185593,154671,G. Sanders,,,,,,,,true,true
72790,39707,Hernán Rengifo,,,,,,,https://media.api-sports.io/football/players/39707.png,true,true
83211,48708,Nikki Havenaar,,,,,,,https://media.api-sports.io/football/players/48708.png,true,true
180767,181231,Pinto,,,,,,,,true,true
189523,285485,Jesús Boigues,,,,,,,https://media.api-sports.io/football/players/285485.png,true,true
83740,33541,Shunya Mori,,,,,,,https://media.api-sports.io/football/players/33541.png,true,true
133479,613799,B. P. Kerma,,,,,,,,true,true
177749,351108,Oriol Gómez,,,,,,,,true,true
143233,1516,Artem Gabelok,,,,,,,https://media.api-sports.io/football/players/1516.png,true,true
213847,363975,D. Rodrigues,,,,,,,,true,true
72879,61805,E. Şalk,,,,,,,,true,true
186751,118379,E. Forde,,,,,,,,true,true
48819,1707,Gerard Moreno,,,,,,,https://media.api-sports.io/football/players/1707.png,true,true
160535,72513,R. Žaldovskis,,,,,,,,true,true
51604,131528,Alberto Fernández,,,,,,,https://media.api-sports.io/football/players/131528.png,true,true
207772,349295,Y. Atlan,,,,,,,,true,true
129594,79761,E. Dìaz,,,,,,,,true,true
202793,84199,M. Doumbouya,,,,,,,,true,true
147375,101581,K. Riojas,,,,,,,,true,true
81020,116806,Paulo Renato,,,,,,,https://media.api-sports.io/football/players/116806.png,true,true
94739,406489,Santiago Fernandez,,,,,,,https://media.api-sports.io/football/players/406489.png,true,true
201455,86646,M. Likayi Ebonda,,,,,,,,true,true
151250,77062,A. Hadžanović,,,,,,,,true,true
57253,402326,Marco Tremolada,,,,,,,https://media.api-sports.io/football/players/402326.png,true,true
193722,25488,Max Kessler,,,,,,,https://media.api-sports.io/football/players/25488.png,true,true
87195,410596,S. Kristiansen,,,,,,,https://media.api-sports.io/football/players/410596.png,true,true
109536,296302,A. Sabile,,,,,,,,true,true
214379,482953,Mini,,,,,,,,true,true
63610,203182,J. Schwirten,,,,,,,https://media.api-sports.io/football/players/203182.png,true,true
82172,63439,Y. Cheberko,,,,,,,https://media.api-sports.io/football/players/63439.png,true,true
200302,87119,B. Bretaud,,,,,,,,true,true
57027,91328,S. Visentin,,,,,,,https://media.api-sports.io/football/players/91328.png,true,true
168930,123955,Dudu,,,,,,,,true,true
134203,136882,M. Mashayekh,,,,,,,,true,true
111536,135364,Seif Farouk Gaafar,,,,,,,https://media.api-sports.io/football/players/135364.png,true,true
57696,56427,R. Russo,,,,,,,https://media.api-sports.io/football/players/56427.png,true,true
154235,38718,Gregory Kuisch,,,,,,,https://media.api-sports.io/football/players/38718.png,true,true
19061,17410,D. Telford,,,,,,,https://media.api-sports.io/football/players/17410.png,true,true
172998,53173,A. Edwards,,,,,,,,true,true
90016,169446,Nicolas Binder,,,,,,,https://media.api-sports.io/football/players/169446.png,true,true
193142,260022,M. Hohn,,,,,,,,true,true
115105,96736,Tilal Ali Ali,,,,,,,,true,true
167257,124001,J. Marrero,,,,,,,,true,true
150865,519586,R. Espinoza,,,,,,,,true,true
154142,76642,M. Khchab,,,,,,,,true,true
112906,50588,Rashid Mohamed Ghuloom Abbas,,,,,,,,true,true
121219,280980,Kevin Armesto,,,,,,,https://media.api-sports.io/football/players/280980.png,true,true
49149,1576,W. Kaptoum,,,,,,,https://media.api-sports.io/football/players/1576.png,true,true
44244,340135,M. O'Mahony,,,,,,,https://media.api-sports.io/football/players/340135.png,true,true
161104,309300,S. Jeudi,,,,,,,,true,true
187707,341319,K. Farrugia,,,,,,,,true,true
149522,613420,Sevi Idriz,,,,,,,https://media.api-sports.io/football/players/613420.png,true,true
131846,61382,T. Ďubek,,,,,,,https://media.api-sports.io/football/players/61382.png,true,true
173602,195978,Kauan,,,,,,,https://media.api-sports.io/football/players/195978.png,true,true
159484,408963,Wilmer Olofsson,,,,,,,https://media.api-sports.io/football/players/408963.png,true,true
108941,518076,Jin-hyeok Hong,,,,,,,https://media.api-sports.io/football/players/518076.png,true,true
131432,419765,Francisco Pena,,,,,,,https://media.api-sports.io/football/players/419765.png,true,true
70335,135839,Giorgos Vagiannidis,,,,,,,https://media.api-sports.io/football/players/135839.png,true,true
83230,33381,Shun Nagasawa,,,,,,,https://media.api-sports.io/football/players/33381.png,true,true
129026,269516,M. Martin,,,,,,,,true,true
80477,51017,Teal Bunbury,,,,,,,https://media.api-sports.io/football/players/51017.png,true,true
160745,125195,A. Doumbia,,,,,,,,true,true
101780,55803,S. Mahlamäki,,,,,,,,true,true
50212,336590,Aitor Gismera,,,,,,,https://media.api-sports.io/football/players/336590.png,true,true
167476,214108,Darren Ríos,,,,,,,https://media.api-sports.io/football/players/214108.png,true,true
175971,74102,J. Gërxho,,,,,,,,true,true
57079,56433,Raffaele Celia,,,,,,,https://media.api-sports.io/football/players/56433.png,true,true
183525,186383,Aitor Merino,,,,,,,,true,true
111817,334713,Mostafa Mahmoud Al Aash,,,,,,,https://media.api-sports.io/football/players/334713.png,true,true
194675,376525,Christopher Barkmann,,,,,,,https://media.api-sports.io/football/players/376525.png,true,true
54389,32162,R. Ranieri,,,,,,,,true,true
186483,154543,J. Longford,,,,,,,,true,true
94470,65968,Franz Gonzales,,,,,,,https://media.api-sports.io/football/players/65968.png,true,true
206512,346047,J. Durand,,,,,,,,true,true
171021,410355,J. Rocastle,,,,,,,,true,true
216348,38650,D. Lovecchio,,,,,,,,true,true
147158,39571,J. Hilario,,,,,,,https://media.api-sports.io/football/players/39571.png,true,true
114368,586022,Mame Niang,,,,,,,https://media.api-sports.io/football/players/586022.png,true,true
120911,92344,Yamil Romero,,,,,,,https://media.api-sports.io/football/players/92344.png,true,true
196712,209446,L. Menini,,,,,,,,true,true
86117,57300,Christian Landu-Landu,,,,,,,https://media.api-sports.io/football/players/57300.png,true,true
216273,36958,N. Hardenberg,,,,,,,,true,true
154247,131776,E. Senakuku,,,,,,,,true,true
119501,39740,L. Peralta,,,,,,,https://media.api-sports.io/football/players/39740.png,true,true
210592,453225,Axel Darnaud,,,,,,,https://media.api-sports.io/football/players/453225.png,true,true
156133,476743,D. Tsetskhladze,,,,,,,,true,true
91154,368237,T. Bergvall,,,,,,,https://media.api-sports.io/football/players/368237.png,true,true
198172,250827,E. Kalkoul,,,,,,,,true,true
69333,41134,Lucas Silva,,,,,,,https://media.api-sports.io/football/players/41134.png,true,true
86081,441051,Bayron Duarte,,,,,,,https://media.api-sports.io/football/players/441051.png,true,true
176740,163181,A. Ndreca,,,,,,,,true,true
202097,21222,N. Zaccarelli,,,,,,,,true,true
159364,325720,W. Hoffrogge,,,,,,,https://media.api-sports.io/football/players/325720.png,true,true
204609,193021,N. Lopez,,,,,,,,true,true
158067,316110,E. Gallego,,,,,,,,true,true
74807,117359,G. Rae,,,,,,,,true,true
109731,336147,C. El Bahri,,,,,,,https://media.api-sports.io/football/players/336147.png,true,true
131063,125877,Gustavo Fuentealba,,,,,,,https://media.api-sports.io/football/players/125877.png,true,true
113978,320211,Mohammad Abdulaziz Abbas,,,,,,,https://media.api-sports.io/football/players/320211.png,true,true
146394,342227,Mateja Radonjić,,,,,,,https://media.api-sports.io/football/players/342227.png,true,true
138709,366083,D. Villarroel,,,,,,,,true,true
111976,365848,Valentine Odoh,,,,,,,https://media.api-sports.io/football/players/365848.png,true,true
161140,216928,R. Sāmietis,,,,,,,,true,true
49374,46937,Aly Abeid,,,,,,,https://media.api-sports.io/football/players/46937.png,true,true
52936,20946,Clément Michelin,,,,,,,https://media.api-sports.io/football/players/20946.png,true,true
61050,86224,J. Gobron,,,,,,,https://media.api-sports.io/football/players/86224.png,true,true
206021,193856,V. Lopez,,,,,,,,true,true
166432,106081,Carlo Valentini,,,,,,,,true,true
167810,131582,M. Cartagena,,,,,,,https://media.api-sports.io/football/players/131582.png,true,true
76395,127408,A. Easdale,,,,,,,,true,true
127266,294337,M. Traoré,,,,,,,,true,true
168299,620412,D. Ferguson,,,,,,,,true,true
197869,84594,H. Peys,,,,,,,,true,true
69951,330286,Pedro Santos,,,,,,,https://media.api-sports.io/football/players/330286.png,true,true
214069,279342,David Semedo,,,,,,,,true,true
186621,118653,T. Coxall,,,,,,,,true,true
214525,580703,R. Silvestre,,,,,,,,true,true
125161,533544,M. A. Gherbi,,,,,,,,true,true
210026,450199,S. Conde,,,,,,,,true,true
116593,501856,Vito Kovač,,,,,,,https://media.api-sports.io/football/players/501856.png,true,true
47116,600926,Harry Fox,,,,,,,https://media.api-sports.io/football/players/600926.png,true,true
110976,16956,Omar El Wahsh,,,,,,,https://media.api-sports.io/football/players/16956.png,true,true
199524,193725,R. Girod,,,,,,,,true,true
35051,117497,A. McHugh,,,,,,,,true,true
18228,49284,J. Emmanuel-Thomas,,,,,,,https://media.api-sports.io/football/players/49284.png,true,true
35011,82484,B. Chorley,,,,,,,,true,true
96807,328364,Emmanuel Yeboah,,,,,,,https://media.api-sports.io/football/players/328364.png,true,true
110810,17189,Ali Farag,,,,,,,,true,true
196291,30680,P. Migliavacca,,,,,,,,true,true
36362,19173,M. Šarkić,,,,,,,https://media.api-sports.io/football/players/19173.png,true,true
199076,250629,A. Tlemcani,,,,,,,,true,true
100043,59326,J. Passaglia,,,,,,,,true,true
152981,199465,F. Kayramani,,,,,,,https://media.api-sports.io/football/players/199465.png,true,true
190651,609980,E. Tejedor,,,,,,,,true,true
217364,282199,B. de Bruijn,,,,,,,,true,true
182081,296001,Haruka,,,,,,,https://media.api-sports.io/football/players/296001.png,true,true
54229,115199,F. Boni,,,,,,,,true,true
177257,112482,J. Scicluna,,,,,,,,true,true
36318,20400,G. Carey,,,,,,,https://media.api-sports.io/football/players/20400.png,true,true
146759,39910,Juan Morales,,,,,,,https://media.api-sports.io/football/players/39910.png,true,true
97247,190643,K. Jensen,,,,,,,,true,true
216175,38093,M. Jager,,,,,,,,true,true
160756,146744,N. Dusalijevs,,,,,,,,true,true
79285,13376,Jaminton Campaz,,,,,,,https://media.api-sports.io/football/players/13376.png,true,true
104848,522285,Apostolos Savvidis,,,,,,,https://media.api-sports.io/football/players/522285.png,true,true
75977,117482,J. McShane,,,,,,,,true,true
98394,80937,Li Lei,,,,,,,,true,true
189337,309682,Borja Garcia,,,,,,,,true,true
81698,51268,T. Freeman,,,,,,,https://media.api-sports.io/football/players/51268.png,true,true
204736,178649,M. Salim,,,,,,,,true,true
49251,104845,Jean Carlos,,,,,,,https://media.api-sports.io/football/players/104845.png,true,true
212789,199756,Flávio Santos,,,,,,,,true,true
63909,496738,Wisdom Mike,,,,,,,https://media.api-sports.io/football/players/496738.png,true,true
122480,89130,D. Szőke,,,,,,,,true,true
150172,88973,J. Iscano,,,,,,,,true,true
128036,101893,E. Figueroa,,,,,,,,true,true
97534,277141,Roni Arabaci,,,,,,,https://media.api-sports.io/football/players/277141.png,true,true
195580,209462,A. Massei,,,,,,,,true,true
201954,85927,L. Bordage,,,,,,,,true,true
36657,19935,A. Greaves,,,,,,,https://media.api-sports.io/football/players/19935.png,true,true
89436,78342,O. Pranjic,,,,,,,,true,true
212346,629654,Lucas Albert,,,,,,,https://media.api-sports.io/football/players/629654.png,true,true
138721,368224,A. Davalos,,,,,,,,true,true
146773,40034,C. Pérez,,,,,,,,true,true
18333,114854,J. Woodgate,,,,,,,,true,true
89698,78387,F. Schuh,,,,,,,,true,true
114839,230723,Hussain Pisheh,,,,,,,,true,true
92651,6406,Rodrigo Braña,,,,,,,https://media.api-sports.io/football/players/6406.png,true,true
196294,30522,S. Ferraresi,,,,,,,,true,true
205253,191698,A. Deleuze,,,,,,,,true,true
164411,60153,Dhanapal Ganesh,,,,,,,https://media.api-sports.io/football/players/60153.png,true,true
155489,111817,B. Demel,,,,,,,,true,true
64459,259290,M. Brzenska,,,,,,,,true,true
98255,14435,J. Mendy,,,,,,,https://media.api-sports.io/football/players/14435.png,true,true
77449,54294,Rodrigo Biro,,,,,,,,true,true
199575,249599,A. Chaverot,,,,,,,,true,true
51418,47071,Ignacio Otaño,,,,,,,,true,true
59066,21492,Johan Larsson,,,,,,,https://media.api-sports.io/football/players/21492.png,true,true
191553,609989,Víctor Esteban,,,,,,,https://media.api-sports.io/football/players/609989.png,true,true
45754,350083,Charlie Lennon,,,,,,,https://media.api-sports.io/football/players/350083.png,true,true
45614,431884,Kai Andrews,,,,,,,https://media.api-sports.io/football/players/431884.png,true,true
93478,75530,Cristian Gorgerino,,,,,,,https://media.api-sports.io/football/players/75530.png,true,true
98051,80860,Songyi Li,,,,,,,https://media.api-sports.io/football/players/80860.png,true,true
106069,406286,A. Shobowale,,,,,,,https://media.api-sports.io/football/players/406286.png,true,true
75269,44876,C. Smith,,,,,,,https://media.api-sports.io/football/players/44876.png,true,true
173314,61625,A. Ingason,,,,,,,,true,true
49118,922,F. Roncaglia,,,,,,,https://media.api-sports.io/football/players/922.png,true,true
73513,63283,R. Karadaş,,,,,,,,true,true
215609,38622,P. Scheerlinck,,,,,,,,true,true
199369,250073,J. Eustache,,,,,,,,true,true
49435,47492,Toni Villa,,,,,,,https://media.api-sports.io/football/players/47492.png,true,true
80951,103149,R. Balchan,,,,,,,,true,true
196773,129587,S.Tomassini,,,,,,,,true,true
203635,83784,M. Diane,,,,,,,,true,true
216390,93440,I. Blackshaw,,,,,,,,true,true
116471,79970,D. Mihaljević,,,,,,,https://media.api-sports.io/football/players/79970.png,true,true
115262,166560,Ali Yahya,,,,,,,,true,true
1189,18908,Joe Hart,,,,,,,https://media.api-sports.io/football/players/18908.png,true,true
70474,451933,E. Opara,,,,,,,https://media.api-sports.io/football/players/451933.png,true,true
62051,385162,S. Lebouath,,,,,,,https://media.api-sports.io/football/players/385162.png,true,true
145868,304558,N. Panić,,,,,,,,true,true
44614,38750,Brian Brobbey,,,,,,,https://media.api-sports.io/football/players/38750.png,true,true
186270,155085,S. Salisbury,,,,,,,,true,true
92190,148207,Tomasz Wojcinowicz,,,,,,,https://media.api-sports.io/football/players/148207.png,true,true
202934,22203,S. Alno,,,,,,,,true,true
72974,143743,Hasan Das,,,,,,,https://media.api-sports.io/football/players/143743.png,true,true
74613,465290,Kerem Kayaarasi,,,,,,,https://media.api-sports.io/football/players/465290.png,true,true
218393,432901,A. Blekkink,,,,,,,,true,true
161313,553088,J. Toba,,,,,,,,true,true
84123,96733,Nam Tae-Hee,,,,,,,https://media.api-sports.io/football/players/96733.png,true,true
122003,227712,P. Bönig,,,,,,,,true,true
165356,111722,A. Ulshin,,,,,,,https://media.api-sports.io/football/players/111722.png,true,true
84384,491467,Shimon Kobayashi,,,,,,,https://media.api-sports.io/football/players/491467.png,true,true
51014,47055,Diego Aguirre,,,,,,,https://media.api-sports.io/football/players/47055.png,true,true
194062,26023,K. Atici,,,,,,,,true,true
195509,56514,G. Formiconi,,,,,,,,true,true
76153,117704,C. Hogg,,,,,,,,true,true
75414,286341,K. Ngwenya,,,,,,,https://media.api-sports.io/football/players/286341.png,true,true
116650,342218,Roko Perković,,,,,,,https://media.api-sports.io/football/players/342218.png,true,true
52487,31242,Mattia Vitale,,,,,,,https://media.api-sports.io/football/players/31242.png,true,true
142859,63870,V. Odariuk,,,,,,,https://media.api-sports.io/football/players/63870.png,true,true
110252,502979,L. El Moussaoui,,,,,,,,true,true
190041,488718,Gerard González,,,,,,,,true,true
197516,250348,F. Chiffre,,,,,,,,true,true
71850,375979,Noah Dodeigne,,,,,,,https://media.api-sports.io/football/players/375979.png,true,true
65212,281920,Bent Andresen,,,,,,,https://media.api-sports.io/football/players/281920.png,true,true
96660,413663,Mario Butros,,,,,,,https://media.api-sports.io/football/players/413663.png,true,true
87097,378174,Daniel Skaarud,,,,,,,https://media.api-sports.io/football/players/378174.png,true,true
145483,45901,M. Vesić,,,,,,,,true,true
120599,52457,Henry Plazas,,,,,,,https://media.api-sports.io/football/players/52457.png,true,true
172664,347979,Alick Lungu,,,,,,,,true,true
198587,136514,T. Garcin,,,,,,,,true,true
192425,259391,M. Kurth,,,,,,,,true,true
86566,39321,K. Ødemarksbakken,,,,,,,https://media.api-sports.io/football/players/39321.png,true,true
134322,342495,F. Yousefi,,,,,,,,true,true
79205,283833,Alessandro,,,,,,,https://media.api-sports.io/football/players/283833.png,true,true
58757,20925,Vincent Marchetti,,,,,,,https://media.api-sports.io/football/players/20925.png,true,true
152444,101221,Chiheb Jbéli,,,,,,,https://media.api-sports.io/football/players/101221.png,true,true
186194,167632,J. Clark,,,,,,,,true,true
50711,297243,Miguel Narváez,,,,,,,https://media.api-sports.io/football/players/297243.png,true,true
152897,101216,A. Lakoud,,,,,,,,true,true
157523,53080,E. Torrealba,,,,,,,,true,true
43265,19508,L. Sorensen,,,,,,,https://media.api-sports.io/football/players/19508.png,true,true
43090,18833,Lucas Pérez,,,,,,,https://media.api-sports.io/football/players/18833.png,true,true
1816,20539,Emmanuel Rivière,,,,,,,https://media.api-sports.io/football/players/20539.png,true,true
184408,122184,R.  De Sousa,,,,,,,,true,true
123692,4481,A. Nemdil,,,,,,,,true,true
127617,510977,N. Shemesh,,,,,,,https://media.api-sports.io/football/players/510977.png,true,true
126018,119127,A. Cubilla,,,,,,,,true,true
155182,24759,G. Kulua,,,,,,,,true,true
80652,172192,S. Ubiparipović,,,,,,,,true,true
109086,36657,M. Aziz,,,,,,,,true,true
65455,432323,Travis de Jong,,,,,,,https://media.api-sports.io/football/players/432323.png,true,true
132260,337208,M. Lenčeš,,,,,,,,true,true
88247,1196,Mikhail Kizeev,,,,,,,https://media.api-sports.io/football/players/1196.png,true,true
164527,197151,Biswa Kumar,,,,,,,https://media.api-sports.io/football/players/197151.png,true,true
152329,206201,I. Dridi,,,,,,,,true,true
150869,520566,N. Rubi,,,,,,,,true,true
199346,250068,F. Gondouin,,,,,,,,true,true
191065,609637,I. Vales,,,,,,,,true,true
186026,167186,J. Hood,,,,,,,,true,true
150844,128371,S. Baptista,,,,,,,,true,true
51505,119883,S. Obeng,,,,,,,https://media.api-sports.io/football/players/119883.png,true,true
214109,444570,Bernardo Silva,,,,,,,,true,true
79776,456213,Vitinho,,,,,,,https://media.api-sports.io/football/players/456213.png,true,true
54440,30408,Gerson,,,,,,,https://media.api-sports.io/football/players/30408.png,true,true
62676,37943,M. Lorenzen,,,,,,,https://media.api-sports.io/football/players/37943.png,true,true
155087,170899,L. Chapidze,,,,,,,,true,true
100350,292454,Costin Marian Petre,,,,,,,,true,true
128935,354653,T. Correa,,,,,,,,true,true
163571,359959,V. Calderon,,,,,,,,true,true
208846,398455,Valentin Chapiseau,,,,,,,https://media.api-sports.io/football/players/398455.png,true,true
105442,66473,O. Rudzan,,,,,,,https://media.api-sports.io/football/players/66473.png,true,true
212662,629968,Logan Assignon,,,,,,,https://media.api-sports.io/football/players/629968.png,true,true
53204,486498,O. Llorente,,,,,,,https://media.api-sports.io/football/players/486498.png,true,true
85961,516946,Mateo Gonzalez,,,,,,,https://media.api-sports.io/football/players/516946.png,true,true
75875,415392,Owen Elding,,,,,,,https://media.api-sports.io/football/players/415392.png,true,true
1721,19505,T. Ince,,,,,,,https://media.api-sports.io/football/players/19505.png,true,true
174498,66831,R. Živković,,,,,,,,true,true
119183,480416,Luis Quiñonez,,,,,,,https://media.api-sports.io/football/players/480416.png,true,true
97730,326444,Frederik Rieper,,,,,,,https://media.api-sports.io/football/players/326444.png,true,true
1855,313,D. Ospina,,,,,,,https://media.api-sports.io/football/players/313.png,true,true
199860,85806,D. Diarra,,,,,,,,true,true
176337,106003,D. Rogac,,,,,,,,true,true
63472,25158,David Raum,,,,,,,https://media.api-sports.io/football/players/25158.png,true,true
120108,81046,J. Jaimes,,,,,,,,true,true
79342,6080,Fabricio Bustos,,,,,,,https://media.api-sports.io/football/players/6080.png,true,true
73504,61830,Hüseyin Altıntaş,,,,,,,https://media.api-sports.io/football/players/61830.png,true,true
153326,331783,Mohammad Al Journi,,,,,,,,true,true
140324,378867,A. Shuaibu,,,,,,,,true,true
123658,212648,N. Aklil,,,,,,,,true,true
128585,51510,N. Rodríguez,,,,,,,,true,true
132787,109792,R. Bužinel,,,,,,,,true,true
190516,184771,Alex Reyes,,,,,,,,true,true
126692,110588,E. Gabai,,,,,,,,true,true
35139,103163,J. Stewart,,,,,,,https://media.api-sports.io/football/players/103163.png,true,true
146208,451742,Lazar Balević,,,,,,,https://media.api-sports.io/football/players/451742.png,true,true
156661,224379,Javier González,,,,,,,,true,true
61023,85861,T. Aupic,,,,,,,,true,true
146682,39874,Jersson Vásquez,,,,,,,https://media.api-sports.io/football/players/39874.png,true,true
191122,609622,P. Rodriguez,,,,,,,,true,true
124758,354871,O. Bouaoune,,,,,,,,true,true
119398,13188,Avimiled Rivas,,,,,,,https://media.api-sports.io/football/players/13188.png,true,true
181787,185199,Rubén Sanchidrián,,,,,,,https://media.api-sports.io/football/players/185199.png,true,true
55768,199309,Cheick Oumar Conde,,,,,,,https://media.api-sports.io/football/players/199309.png,true,true
168954,124114,F. Mlimbika,,,,,,,,true,true
159904,613203,Quintin Hunting,,,,,,,https://media.api-sports.io/football/players/613203.png,true,true
197510,175227,A. Villa,,,,,,,,true,true
129751,13973,M. Hernández,,,,,,,,true,true
47501,159007,K. Ferguson,,,,,,,https://media.api-sports.io/football/players/159007.png,true,true
190104,182771,Pana,,,,,,,,true,true
146261,471314,Mateja Prokopijević,,,,,,,https://media.api-sports.io/football/players/471314.png,true,true
135464,234547,Indio,,,,,,,,true,true
73734,296486,Ahmet Kağan Malatyalı,,,,,,,https://media.api-sports.io/football/players/296486.png,true,true
63566,24890,Manuel Wintzheimer,,,,,,,https://media.api-sports.io/football/players/24890.png,true,true
77620,9582,Hyuri,,,,,,,https://media.api-sports.io/football/players/9582.png,true,true
112756,35369,Serginho,,,,,,,https://media.api-sports.io/football/players/35369.png,true,true
184143,204393,M. Coulibaly,,,,,,,,true,true
77074,114706,Maranhão,,,,,,,,true,true
104719,106984,V. Stina,,,,,,,https://media.api-sports.io/football/players/106984.png,true,true
157198,52929,M. Figueroa,,,,,,,,true,true
76405,145471,D. Watson,,,,,,,,true,true
186577,118840,A. Hopkinson,,,,,,,,true,true
113771,291917,Abdulla Al Shamsi,,,,,,,https://media.api-sports.io/football/players/291917.png,true,true
204553,191167,Y. Labyad,,,,,,,,true,true
191810,610365,D. Ochoa,,,,,,,,true,true
78091,9656,Léo Gamalho,,,,,,,https://media.api-sports.io/football/players/9656.png,true,true
101013,594410,Iulian Moldovan,,,,,,,https://media.api-sports.io/football/players/594410.png,true,true
106691,44754,Ali Al-Asmari,,,,,,,https://media.api-sports.io/football/players/44754.png,true,true
69615,187921,Bruno Rodrigues,,,,,,,https://media.api-sports.io/football/players/187921.png,true,true
50069,162545,Manuel Lama,,,,,,,https://media.api-sports.io/football/players/162545.png,true,true
98228,80847,Xiaofeng Geng,,,,,,,https://media.api-sports.io/football/players/80847.png,true,true
70089,181802,Gerson Sousa,,,,,,,https://media.api-sports.io/football/players/181802.png,true,true
200531,86069,D. Jonnart,,,,,,,,true,true
157579,52798,A. Rondón,,,,,,,,true,true
93357,6277,Javier Iritier,,,,,,,https://media.api-sports.io/football/players/6277.png,true,true
115816,48665,P. Mišić,,,,,,,https://media.api-sports.io/football/players/48665.png,true,true
115166,42398,Nasir Abbas,,,,,,,,true,true
70503,76601,K. Weuts,,,,,,,,true,true
201033,23181,J. Lembo,,,,,,,,true,true
1639,19400,G. Hooper,,,,,,,https://media.api-sports.io/football/players/19400.png,true,true
149857,227369,R. López,,,,,,,,true,true
73269,105268,S. Mutlu,,,,,,,,true,true
83539,92907,K. Yamauchi,,,,,,,,true,true
82728,225175,G. Kondo,,,,,,,,true,true
88349,43351,K. Zaika,,,,,,,https://media.api-sports.io/football/players/43351.png,true,true
98969,378936,Wentao Lu,,,,,,,https://media.api-sports.io/football/players/378936.png,true,true
83426,33948,Hisashi Jogo,,,,,,,https://media.api-sports.io/football/players/33948.png,true,true
181059,170716,Javier Salinas,,,,,,,https://media.api-sports.io/football/players/170716.png,true,true
121570,611149,L. Rueda,,,,,,,,true,true
188192,319658,A. Fleming,,,,,,,,true,true
165493,104075,K. Agbegniadan,,,,,,,,true,true
166178,143690,G. Batyrow,,,,,,,,true,true
124360,293586,A. Berrouche,,,,,,,,true,true
102470,558944,L. Essomba,,,,,,,,true,true
158190,377015,Luis Arenas,,,,,,,https://media.api-sports.io/football/players/377015.png,true,true
71318,122207,Jordy Soladio,,,,,,,https://media.api-sports.io/football/players/122207.png,true,true
77023,9248,Marino,,,,,,,https://media.api-sports.io/football/players/9248.png,true,true
131452,455872,Flavio Moya,,,,,,,https://media.api-sports.io/football/players/455872.png,true,true
163175,203510,H. Ashworth,,,,,,,,true,true
160473,72471,A. Mordatenko,,,,,,,,true,true
85729,424399,P. Martínez,,,,,,,https://media.api-sports.io/football/players/424399.png,true,true
75758,72479,D. Balodis,,,,,,,https://media.api-sports.io/football/players/72479.png,true,true
102586,558974,T. Mohammed,,,,,,,,true,true
138713,367503,J. Cruz,,,,,,,,true,true
80393,105446,Chris Rolfe,,,,,,,https://media.api-sports.io/football/players/105446.png,true,true
141424,126906,Ntsako Makhubela,,,,,,,https://media.api-sports.io/football/players/126906.png,true,true
123909,212393,Y. Bessaha,,,,,,,,true,true
96210,55454,Albion Ademi,,,,,,,https://media.api-sports.io/football/players/55454.png,true,true
73579,40452,K. Michalak,,,,,,,https://media.api-sports.io/football/players/40452.png,true,true
57345,342070,Marco Delle Monache,,,,,,,https://media.api-sports.io/football/players/342070.png,true,true
90175,394986,John Mellberg,,,,,,,https://media.api-sports.io/football/players/394986.png,true,true
165946,72121,Eldorbek Suyunov,,,,,,,,true,true
151873,378816,T. Mrakovic,,,,,,,,true,true
58333,22140,F. Moubandje,,,,,,,https://media.api-sports.io/football/players/22140.png,true,true
189518,287128,Angelito,,,,,,,,true,true
53449,1634,C. Zapata,,,,,,,https://media.api-sports.io/football/players/1634.png,true,true
165595,34088,J. Onyango,,,,,,,,true,true
69576,76622,T. Hall,,,,,,,https://media.api-sports.io/football/players/76622.png,true,true
100861,506563,Alexandru Matei,,,,,,,https://media.api-sports.io/football/players/506563.png,true,true
127631,519387,A. Yamaran,,,,,,,,true,true
134740,532828,H. Taherkhani,,,,,,,,true,true
185124,82555,L. George,,,,,,,,true,true
61892,421863,Ibrahim Traore,,,,,,,https://media.api-sports.io/football/players/421863.png,true,true
192744,260049,M. Skřehot,,,,,,,,true,true
201472,86657,J. Niaba,,,,,,,,true,true
1510,19016,C. Chambers,,,,,,,https://media.api-sports.io/football/players/19016.png,true,true
202037,85624,R. Izem,,,,,,,,true,true
80998,11586,Sebastián Jaime,,,,,,,https://media.api-sports.io/football/players/11586.png,true,true
192809,26135,Daniel Wein,,,,,,,https://media.api-sports.io/football/players/26135.png,true,true
175847,109677,D. Leskaroski,,,,,,,,true,true
173642,475493,S. Henriksen,,,,,,,https://media.api-sports.io/football/players/475493.png,true,true
211612,501236,N. Phejos,,,,,,,,true,true
69975,9935,Carlos Eduardo,,,,,,,https://media.api-sports.io/football/players/9935.png,true,true
95974,47704,Alibek Aliev,,,,,,,https://media.api-sports.io/football/players/47704.png,true,true
140858,46547,K. Lentjies,,,,,,,,true,true
153031,135052,N. Jerbi,,,,,,,,true,true
57728,30598,J. Lipani,,,,,,,https://media.api-sports.io/football/players/30598.png,true,true
79534,367957,Vitao,,,,,,,https://media.api-sports.io/football/players/367957.png,true,true
166261,140601,Kamel Hmeisheh,,,,,,,https://media.api-sports.io/football/players/140601.png,true,true
113708,196227,Pedro Pavlov,,,,,,,https://media.api-sports.io/football/players/196227.png,true,true
58629,21333,F. Le Joncour,,,,,,,https://media.api-sports.io/football/players/21333.png,true,true
109580,310401,A. Ialiouine,,,,,,,,true,true
43095,2475,Roberto Pereyra,,,,,,,https://media.api-sports.io/football/players/2475.png,true,true
129378,14240,R. Núñez,,,,,,,,true,true
180219,122923,Kiko González,,,,,,,,true,true
83531,33162,Yasuki Kimoto,,,,,,,https://media.api-sports.io/football/players/33162.png,true,true
90117,340172,Luca Pazourek,,,,,,,https://media.api-sports.io/football/players/340172.png,true,true
157437,52469,Lewis Landaeta,,,,,,,https://media.api-sports.io/football/players/52469.png,true,true
164641,440255,Monirul Molla,,,,,,,https://media.api-sports.io/football/players/440255.png,true,true
143544,161689,Denys Kuzyk,,,,,,,https://media.api-sports.io/football/players/161689.png,true,true
52237,286164,Diego Iglesias,,,,,,,https://media.api-sports.io/football/players/286164.png,true,true
191795,610360,J. Lopez,,,,,,,,true,true
56128,56878,A. De Falco,,,,,,,,true,true
152553,49490,S. Majeri,,,,,,,,true,true
131621,565675,Ian Gárguez,,,,,,,https://media.api-sports.io/football/players/565675.png,true,true
161375,78527,B. Zebie,,,,,,,,true,true
108323,34636,Im Seung-Kyum,,,,,,,https://media.api-sports.io/football/players/34636.png,true,true
86423,57432,S. Antonijevic,,,,,,,https://media.api-sports.io/football/players/57432.png,true,true
81019,51131,Michael Barrios,,,,,,,https://media.api-sports.io/football/players/51131.png,true,true
177306,298011,S. Geci,,,,,,,,true,true
59420,329209,Axel Camblan,,,,,,,https://media.api-sports.io/football/players/329209.png,true,true
105370,66565,Rene Dedic,,,,,,,https://media.api-sports.io/football/players/66565.png,true,true
116390,282448,D. Simčić,,,,,,,https://media.api-sports.io/football/players/282448.png,true,true
145487,45920,Slobodan Novaković,,,,,,,,true,true
152707,244269,H. Mansour,,,,,,,,true,true
116230,14705,Niko Janković,,,,,,,https://media.api-sports.io/football/players/14705.png,true,true
83548,33327,T. Takagiwa,,,,,,,,true,true
214275,496453,Vilson,,,,,,,,true,true
83720,33121,S. Matsubara,,,,,,,https://media.api-sports.io/football/players/33121.png,true,true
85053,35595,Iván Moreno,,,,,,,https://media.api-sports.io/football/players/35595.png,true,true
66267,1953,Lasse Nielsen,,,,,,,https://media.api-sports.io/football/players/1953.png,true,true
146140,271086,F. Vasiljević,,,,,,,,true,true
210300,450614,E. Bazzah,,,,,,,,true,true
155313,255508,T. Khoperia,,,,,,,,true,true
61333,21642,Jad Mouaddib,,,,,,,https://media.api-sports.io/football/players/21642.png,true,true
120115,75699,Franco Boló,,,,,,,https://media.api-sports.io/football/players/75699.png,true,true
70913,111336,Y. Shpungin,,,,,,,,true,true
64410,178163,A. Sabah,,,,,,,,true,true
158616,541024,J. Azocar,,,,,,,,true,true
45733,44929,D. Turnbull,,,,,,,https://media.api-sports.io/football/players/44929.png,true,true
191149,610055,J. Rios,,,,,,,,true,true
213323,142369,Ricardo Santos,,,,,,,,true,true
94983,414518,Lucas Gómez,,,,,,,https://media.api-sports.io/football/players/414518.png,true,true
78679,10239,Ángelo Araos,,,,,,,https://media.api-sports.io/football/players/10239.png,true,true
180348,122994,J. Carcaba,,,,,,,https://media.api-sports.io/football/players/122994.png,true,true
48630,91550,F. Rossi,,,,,,,https://media.api-sports.io/football/players/91550.png,true,true
56145,56988,D. Costa,,,,,,,,true,true
100457,356051,C. Maxim,,,,,,,,true,true
103827,258179,M. Pitsos,,,,,,,,true,true
201286,85183,M. Thonnel,,,,,,,https://media.api-sports.io/football/players/85183.png,true,true
98675,78768,Liao Chengjian,,,,,,,https://media.api-sports.io/football/players/78768.png,true,true
161771,412165,Juan Batista,,,,,,,https://media.api-sports.io/football/players/412165.png,true,true
173615,456735,C. Reum,,,,,,,,true,true
166832,168230,L. Altidore,,,,,,,,true,true
67801,371523,Tijn Smolenaars,,,,,,,https://media.api-sports.io/football/players/371523.png,true,true
151162,626439,O. J. Chavez Ordonez,,,,,,,,true,true
71297,79113,R. Nzeza,,,,,,,,true,true
141905,330186,Siyanda Nyanga,,,,,,,https://media.api-sports.io/football/players/330186.png,true,true
105415,180394,Marek Bielan,,,,,,,https://media.api-sports.io/football/players/180394.png,true,true
41720,153926,J. Dyer,,,,,,,,true,true
133942,89894,M. Nazari,,,,,,,,true,true
158372,456144,J. Ramirez,,,,,,,,true,true
67621,313009,Rickson van Hees,,,,,,,https://media.api-sports.io/football/players/313009.png,true,true
151088,577759,Y. Medrano,,,,,,,,true,true
46946,448498,Ollie Dewsbury,,,,,,,https://media.api-sports.io/football/players/448498.png,true,true
182378,184082,Uri,,,,,,,https://media.api-sports.io/football/players/184082.png,true,true
213632,325766,A. Mohammed,,,,,,,,true,true
219374,615886,Michael Wensing,,,,,,,https://media.api-sports.io/football/players/615886.png,true,true
52137,598,C. Almpanis,,,,,,,https://media.api-sports.io/football/players/598.png,true,true
123657,4618,D. Rabti,,,,,,,,true,true
71974,322561,Simion Michez,,,,,,,https://media.api-sports.io/football/players/322561.png,true,true
148904,287103,S. Stoichkov,,,,,,,https://media.api-sports.io/football/players/287103.png,true,true
171699,532759,F. Sayfiev,,,,,,,,true,true
171468,238952,T. Ikara,,,,,,,,true,true
182897,185803,Joan Roig,,,,,,,,true,true
198704,250502,J. Ballesta,,,,,,,,true,true
123898,212383,Y. Khiter,,,,,,,,true,true
190084,198545,Rubi,,,,,,,https://media.api-sports.io/football/players/198545.png,true,true
134408,381327,R. Alboughobeish,,,,,,,,true,true
182637,292416,Francesc Chuliá,,,,,,,,true,true
213332,279403,Yuk Jin-Young,,,,,,,,true,true
86962,329405,Vegard Solheim,,,,,,,https://media.api-sports.io/football/players/329405.png,true,true
187991,339511,A. Adams,,,,,,,,true,true
217847,343883,Terzo Stemerdink,,,,,,,https://media.api-sports.io/football/players/343883.png,true,true
69833,9623,Juninho Vieira,,,,,,,https://media.api-sports.io/football/players/9623.png,true,true
96296,196347,Patriot Sejdiu,,,,,,,https://media.api-sports.io/football/players/196347.png,true,true
212966,119357,Armindo,,,,,,,,true,true
137037,55028,Dioguinho,,,,,,,https://media.api-sports.io/football/players/55028.png,true,true
50851,8955,Carlos David,,,,,,,https://media.api-sports.io/football/players/8955.png,true,true
167365,168026,A. Délice,,,,,,,,true,true
169299,124337,J. Idrele,,,,,,,,true,true
126560,51533,Sebastián Lentinelly,,,,,,,https://media.api-sports.io/football/players/51533.png,true,true
200653,86131,N. Sansa,,,,,,,,true,true
196338,127000,A. Bigliardi,,,,,,,,true,true
50519,441244,Andrés Cuenca,,,,,,,https://media.api-sports.io/football/players/441244.png,true,true
121271,538189,M. Angel Amaya Pena,,,,,,,,true,true
126085,282879,J. Sanabria,,,,,,,,true,true
79163,197527,Kennedy,,,,,,,https://media.api-sports.io/football/players/197527.png,true,true
164436,28983,S. Singh,,,,,,,https://media.api-sports.io/football/players/28983.png,true,true
102386,455240,Emmanuel Okereke,,,,,,,https://media.api-sports.io/football/players/455240.png,true,true
165050,112848,V. Macriţchii,,,,,,,,true,true
42793,169303,J. Graham,,,,,,,,true,true
173427,141296,Pedro Ribeiro,,,,,,,https://media.api-sports.io/football/players/141296.png,true,true
63533,128903,Burak Ince,,,,,,,https://media.api-sports.io/football/players/128903.png,true,true
83065,33622,Koki Otani,,,,,,,https://media.api-sports.io/football/players/33622.png,true,true
192098,260547,M. Sauss,,,,,,,,true,true
67065,278895,Timo Zaal,,,,,,,https://media.api-sports.io/football/players/278895.png,true,true
60233,20740,F. Boyer,,,,,,,https://media.api-sports.io/football/players/20740.png,true,true
53963,2998,Łukasz Skorupski,,,,,,,https://media.api-sports.io/football/players/2998.png,true,true
102559,365400,A. Arrakoski,,,,,,,,true,true
174995,152587,B. Gjurchinoski,,,,,,,,true,true
152010,534532,M. Basic,,,,,,,,true,true
73454,50151,Héctor Canteros,,,,,,,https://media.api-sports.io/football/players/50151.png,true,true
113462,101626,A. Diallo,,,,,,,,true,true
79716,415051,Gustavo Prado,,,,,,,https://media.api-sports.io/football/players/415051.png,true,true
124952,433976,M. Benmessabih,,,,,,,,true,true
140860,46633,Deolin Mekoa,,,,,,,https://media.api-sports.io/football/players/46633.png,true,true
204003,178563,E. Zuin,,,,,,,,true,true
66820,37168,Emil Bergström,,,,,,,https://media.api-sports.io/football/players/37168.png,true,true
46730,309510,Laurence Shala,,,,,,,https://media.api-sports.io/football/players/309510.png,true,true
167989,369070,Sheran Hoyte,,,,,,,https://media.api-sports.io/football/players/369070.png,true,true
159527,432070,Mohamed Hegi,,,,,,,https://media.api-sports.io/football/players/432070.png,true,true
87431,544556,H. Sorlie,,,,,,,,true,true
165649,128237,Kassim Ahamada,,,,,,,https://media.api-sports.io/football/players/128237.png,true,true
18903,171865,E. Finnegan,,,,,,,,true,true
187447,82974,T. Grimshaw,,,,,,,,true,true
93265,74948,Ivo Chaves,,,,,,,,true,true
174024,97537,D. Ivanov,,,,,,,,true,true
163888,487840,C. Hartlage,,,,,,,,true,true
158993,38251,M. Wijkhuijs,,,,,,,,true,true
111072,17081,Mohamed Hamdy Zaki,,,,,,,https://media.api-sports.io/football/players/17081.png,true,true
176835,319456,Christian Fraiz,,,,,,,https://media.api-sports.io/football/players/319456.png,true,true
191774,560963,Isi Ros,,,,,,,,true,true
199583,193011,T. Dupé,,,,,,,,true,true
116435,417214,Josip Baturina,,,,,,,https://media.api-sports.io/football/players/417214.png,true,true
62859,49841,Júnior Caiçara,,,,,,,https://media.api-sports.io/football/players/49841.png,true,true
100006,3183,O. Khamis,,,,,,,https://media.api-sports.io/football/players/3183.png,true,true
79308,311821,Luciano,,,,,,,https://media.api-sports.io/football/players/311821.png,true,true
101885,83489,Mosawer Ahadi,,,,,,,https://media.api-sports.io/football/players/83489.png,true,true
161306,567841,R. Lakis,,,,,,,,true,true
155316,208983,G. Gamkrelidze,,,,,,,,true,true
148361,96526,A. Nikolaesh,,,,,,,,true,true
92381,431104,Toki Hirosawa,,,,,,,https://media.api-sports.io/football/players/431104.png,true,true
126880,24683,D. Kougbenya,,,,,,,,true,true
167318,124009,H. Hector,,,,,,,,true,true
18283,19212,Craig Bryson,,,,,,,https://media.api-sports.io/football/players/19212.png,true,true
123067,281956,B. Ruisz,,,,,,,,true,true
101289,55540,Youness Rahimi,,,,,,,,true,true
44760,20975,D. Perquis,,,,,,,https://media.api-sports.io/football/players/20975.png,true,true
74393,498233,Efe Yavman,,,,,,,https://media.api-sports.io/football/players/498233.png,true,true
110730,253241,Ahmed Omran,,,,,,,,true,true
140853,46388,B. Fransman,,,,,,,,true,true
153054,123293,Mohammed Salih Ali Sola,,,,,,,,true,true
87926,53499,M. Aleksandrov,,,,,,,https://media.api-sports.io/football/players/53499.png,true,true
117954,252841,A. Cortez,,,,,,,,true,true
47812,496955,Gunner Elliott,,,,,,,https://media.api-sports.io/football/players/496955.png,true,true
97474,15932,A. Heimer,,,,,,,https://media.api-sports.io/football/players/15932.png,true,true
182476,184750,Dani Siu,,,,,,,,true,true
58996,21389,G. Traoré,,,,,,,https://media.api-sports.io/football/players/21389.png,true,true
147388,39532,Maximo Rabines,,,,,,,https://media.api-sports.io/football/players/39532.png,true,true
44394,404574,Luis Guilherme,,,,,,,https://media.api-sports.io/football/players/404574.png,true,true
167869,620220,J. Guishard,,,,,,,,true,true
145717,179295,N. Dragutinović,,,,,,,,true,true
91059,48663,O. Jäckle,,,,,,,,true,true
93854,76130,Lucas González,,,,,,,https://media.api-sports.io/football/players/76130.png,true,true
105077,66333,A. Ljevaković,,,,,,,,true,true
108054,99402,Soo-Hyun Yoo,,,,,,,,true,true
84081,352795,Jinpei Yoshida,,,,,,,https://media.api-sports.io/football/players/352795.png,true,true
105895,451567,Filip Brdicka,,,,,,,https://media.api-sports.io/football/players/451567.png,true,true
67690,162197,Sam Krawczyk,,,,,,,https://media.api-sports.io/football/players/162197.png,true,true
161652,153152,Orlando Botello,,,,,,,https://media.api-sports.io/football/players/153152.png,true,true
164039,540806,R. Molina,,,,,,,,true,true
196392,125155,A. Demontis,,,,,,,,true,true
99792,96941,F. Dumbravă,,,,,,,,true,true
110483,535254,K. Tamrani,,,,,,,,true,true
67096,290694,M. Schut,,,,,,,https://media.api-sports.io/football/players/290694.png,true,true
84598,35884,Dieter Villalpando,,,,,,,https://media.api-sports.io/football/players/35884.png,true,true
108958,547453,Kim Jung-Hoon,,,,,,,,true,true
92199,340117,Maksymilian Dziuba,,,,,,,https://media.api-sports.io/football/players/340117.png,true,true
120125,13234,Carlos Mosquera,,,,,,,https://media.api-sports.io/football/players/13234.png,true,true
133265,344572,Z. Kálnoki-Kis,,,,,,,,true,true
81400,51322,N. Jackson,,,,,,,https://media.api-sports.io/football/players/51322.png,true,true
210417,450176,D. Gomes,,,,,,,,true,true
127583,478134,R. Schwartz,,,,,,,https://media.api-sports.io/football/players/478134.png,true,true
123938,74716,M. Betorangal,,,,,,,,true,true
164513,291825,Billu Teli,,,,,,,https://media.api-sports.io/football/players/291825.png,true,true
196324,56231,A. Pedone,,,,,,,,true,true
108499,304963,Park Chang-Hwan,,,,,,,https://media.api-sports.io/football/players/304963.png,true,true
136382,77654,Evaldo,,,,,,,https://media.api-sports.io/football/players/77654.png,true,true
53206,486494,Hugo García,,,,,,,https://media.api-sports.io/football/players/486494.png,true,true
122846,329546,S. Sipos,,,,,,,,true,true
47893,560740,F. Kotey,,,,,,,,true,true
120099,81641,C. Triana,,,,,,,https://media.api-sports.io/football/players/81641.png,true,true
129015,311769,Facundo Machado,,,,,,,https://media.api-sports.io/football/players/311769.png,true,true
107549,415065,Gabriel Vareta,,,,,,,https://media.api-sports.io/football/players/415065.png,true,true
200682,21679,P. Rakotoharisoa,,,,,,,,true,true
130839,11704,Braulio Leal,,,,,,,https://media.api-sports.io/football/players/11704.png,true,true
125508,11551,Julio Doldan,,,,,,,https://media.api-sports.io/football/players/11551.png,true,true
99064,402348,Ren Shizhe,,,,,,,https://media.api-sports.io/football/players/402348.png,true,true
122426,28404,D. Lukacs,,,,,,,https://media.api-sports.io/football/players/28404.png,true,true
190315,498137,Ismael Perera,,,,,,,,true,true
159561,412868,Kayden Wolff,,,,,,,https://media.api-sports.io/football/players/412868.png,true,true
152095,49614,M. Ben Mansour,,,,,,,,true,true
143081,63598,O. Ostapenko,,,,,,,,true,true
124566,296522,C. Bekkouche,,,,,,,,true,true
99911,127324,G. Raducan,,,,,,,,true,true
109824,373435,B. El Hankouri,,,,,,,,true,true
134114,134214,K. Nikkhoui,,,,,,,,true,true
198813,250305,Y. Le Borgne,,,,,,,,true,true
111546,269459,Youssef Osama Nabih,,,,,,,https://media.api-sports.io/football/players/269459.png,true,true
138251,65987,Pedro Galindo,,,,,,,https://media.api-sports.io/football/players/65987.png,true,true
156173,560550,D. Iobashvili,,,,,,,,true,true
52491,31136,Simone Romagnoli,,,,,,,https://media.api-sports.io/football/players/31136.png,true,true
90221,508509,Abou Sylla,,,,,,,https://media.api-sports.io/football/players/508509.png,true,true
145577,45390,N. Anđelković,,,,,,,,true,true
137906,65891,Diego Méndez,,,,,,,https://media.api-sports.io/football/players/65891.png,true,true
168851,124226,Rous Samoeun,,,,,,,,true,true
188799,494234,Javelle Clarke,,,,,,,https://media.api-sports.io/football/players/494234.png,true,true
166508,112480,A. Muscat,,,,,,,https://media.api-sports.io/football/players/112480.png,true,true
51151,105075,Pablo Sanz,,,,,,,https://media.api-sports.io/football/players/105075.png,true,true
185080,5107,Brian Mengual,,,,,,,,true,true
104682,383510,Giorgos Kosteas,,,,,,,https://media.api-sports.io/football/players/383510.png,true,true
65496,38464,Walid Ould-Chikh,,,,,,,https://media.api-sports.io/football/players/38464.png,true,true
130112,375016,S. Pérez,,,,,,,,true,true
62023,512689,Foly Amegatse,,,,,,,https://media.api-sports.io/football/players/512689.png,true,true
198322,191339,J. Mafouta,,,,,,,,true,true
174881,3540,E. Hakaj,,,,,,,,true,true
199591,23850,M. Barry,,,,,,,,true,true
136690,9671,Márcio,,,,,,,,true,true
139337,549650,K. Ceceri,,,,,,,,true,true
129443,79703,F. Garita,,,,,,,,true,true
140068,124664,A. Feyzi,,,,,,,,true,true
176386,119046,Ezequiel Rojas,,,,,,,,true,true
161072,442022,J. Saveljevs,,,,,,,,true,true
179182,232151,D. Hutton,,,,,,,,true,true
217898,330851,D. van Hees,,,,,,,https://media.api-sports.io/football/players/330851.png,true,true
69034,96354,Ary Papel,,,,,,,https://media.api-sports.io/football/players/96354.png,true,true
94551,363395,Luciano Paredes,,,,,,,https://media.api-sports.io/football/players/363395.png,true,true
65861,61415,Desley Ubbink,,,,,,,https://media.api-sports.io/football/players/61415.png,true,true
110089,451482,A. Khalfi,,,,,,,,true,true
117791,252801,D. Macias,,,,,,,,true,true
147552,40028,Erick Gonzales,,,,,,,https://media.api-sports.io/football/players/40028.png,true,true
152902,49700,Daysam Ben Nasr,,,,,,,https://media.api-sports.io/football/players/49700.png,true,true
166757,168049,R. Fer,,,,,,,,true,true
102204,354832,A. Herbert,,,,,,,,true,true
129916,163836,L. Flores,,,,,,,,true,true
95660,47798,Daryl Smylie,,,,,,,https://media.api-sports.io/football/players/47798.png,true,true
186954,118389,R. Blumberg,,,,,,,,true,true
179528,155945,D. Stow,,,,,,,,true,true
45445,331551,Charlie Hughes,,,,,,,https://media.api-sports.io/football/players/331551.png,true,true
151121,577874,M. Cerrato,,,,,,,,true,true
53967,31549,Andrea Rispoli,,,,,,,https://media.api-sports.io/football/players/31549.png,true,true
163209,262827,K. Genenbacher,,,,,,,,true,true
64181,25709,L. Grech,,,,,,,,true,true
138689,354214,Diego Cabrera,,,,,,,https://media.api-sports.io/football/players/354214.png,true,true
196311,122150,S. Addessi,,,,,,,,true,true
143695,401297,I. Pakholyuk,,,,,,,https://media.api-sports.io/football/players/401297.png,true,true
165696,122472,Cosme Anvene,,,,,,,https://media.api-sports.io/football/players/122472.png,true,true
173991,11186,Kristiyan Uzunov,,,,,,,,true,true
131684,589540,J. Sekgota,,,,,,,,true,true
180233,122881,Carlos Molina,,,,,,,,true,true
115746,79887,J. Ćorić,,,,,,,,true,true
121682,136922,Y. Zaris,,,,,,,,true,true
46363,15793,Rasmus Nicolaisen,,,,,,,https://media.api-sports.io/football/players/15793.png,true,true
61438,278647,M. Giagnorio,,,,,,,https://media.api-sports.io/football/players/278647.png,true,true
183912,203706,A. May,,,,,,,,true,true
116573,394541,Igor Lepinjica,,,,,,,https://media.api-sports.io/football/players/394541.png,true,true
36349,20288,O. Beckles,,,,,,,https://media.api-sports.io/football/players/20288.png,true,true
123659,4605,D. Chatal,,,,,,,,true,true
90471,990,Yanick Brecher,,,,,,,https://media.api-sports.io/football/players/990.png,true,true
18433,44806,G. Halford,,,,,,,https://media.api-sports.io/football/players/44806.png,true,true
173353,210383,Jefferson,,,,,,,,true,true
76213,10672,Spas Georgiev,,,,,,,https://media.api-sports.io/football/players/10672.png,true,true
169344,72123,Akramjon Komilov,,,,,,,,true,true
197194,135415,G. Lider,,,,,,,,true,true
114301,573406,A. Khalid,,,,,,,,true,true
204528,174688,M. Diarra,,,,,,,https://media.api-sports.io/football/players/174688.png,true,true
126212,359805,Giovanni Bordon,,,,,,,https://media.api-sports.io/football/players/359805.png,true,true
209781,22381,G. Mériouèche,,,,,,,,true,true
191596,610044,A. Rodriguez,,,,,,,,true,true
88693,306480,Semen Yurin,,,,,,,https://media.api-sports.io/football/players/306480.png,true,true
219489,629086,Bart de Weerd,,,,,,,https://media.api-sports.io/football/players/629086.png,true,true
45351,292116,Reyes Cleary,,,,,,,https://media.api-sports.io/football/players/292116.png,true,true
204115,178529,A. Souefou,,,,,,,,true,true
117141,278390,C. Aristotelous,,,,,,,,true,true
175443,449602,E. Ajazaj,,,,,,,,true,true
48737,1641,Samu Castillejo,,,,,,,https://media.api-sports.io/football/players/1641.png,true,true
171821,130313,A. Nabikhanov,,,,,,,,true,true
127660,554233,U. Mohammed,,,,,,,,true,true
117544,553570,Loukas Kalogirou,,,,,,,,true,true
136580,54012,Fábio Alemão,,,,,,,https://media.api-sports.io/football/players/54012.png,true,true
202652,23091,F. Insua,,,,,,,,true,true
197914,251059,R. Boulanger,,,,,,,,true,true
162813,102597,E. Montana,,,,,,,,true,true
153203,341531,A. Ben Frej,,,,,,,,true,true
112886,50584,Adil Salem,,,,,,,,true,true
102433,429110,O. Parkkila,,,,,,,,true,true
127413,412157,T. Alon,,,,,,,,true,true
123268,4820,S. Zazou,,,,,,,,true,true
117702,16717,Christian Cordero,,,,,,,,true,true
89846,7103,Lukas Katnik,,,,,,,https://media.api-sports.io/football/players/7103.png,true,true
87055,71236,K. Hernandez-Foster,,,,,,,https://media.api-sports.io/football/players/71236.png,true,true
173673,482038,Shyon Omrani,,,,,,,https://media.api-sports.io/football/players/482038.png,true,true
136280,77800,Claudevan,,,,,,,,true,true
123400,74769,A. Chebira,,,,,,,,true,true
68709,43238,Ricardinho,,,,,,,https://media.api-sports.io/football/players/43238.png,true,true
191217,609765,X. Goikoetxea,,,,,,,,true,true
35541,19449,J. Ginnelly,,,,,,,https://media.api-sports.io/football/players/19449.png,true,true
60689,84390,F. Ouaamar,,,,,,,,true,true
61645,351979,Ibrahim Fofana,,,,,,,https://media.api-sports.io/football/players/351979.png,true,true
132208,204750,Patrik Vajda,,,,,,,,true,true
109213,36616,D. Bennani,,,,,,,,true,true
71066,8548,Valentin Baume,,,,,,,,true,true
49953,46985,Y. Qasmi,,,,,,,https://media.api-sports.io/football/players/46985.png,true,true
180596,122602,Álvaro Clausí,,,,,,,https://media.api-sports.io/football/players/122602.png,true,true
89251,78382,T. Bergmann,,,,,,,https://media.api-sports.io/football/players/78382.png,true,true
217914,349593,M. Metz,,,,,,,,true,true
145999,368100,L. Kalicanin,,,,,,,https://media.api-sports.io/football/players/368100.png,true,true
130198,407562,W. Ramírez,,,,,,,,true,true
159773,272346,Kian Visser,,,,,,,https://media.api-sports.io/football/players/272346.png,true,true
94262,289452,Marco Fredes,,,,,,,https://media.api-sports.io/football/players/289452.png,true,true
187866,196859,D. Gilella,,,,,,,,true,true
107977,34535,Kim Dae-Jung,,,,,,,https://media.api-sports.io/football/players/34535.png,true,true
200071,249664,J. Bozanga,,,,,,,,true,true
180902,136804,Ismael César,,,,,,,,true,true
43007,25237,J. Kirchhoff,,,,,,,https://media.api-sports.io/football/players/25237.png,true,true
157313,104010,D. Lavado,,,,,,,,true,true
162872,102420,J. Addai,,,,,,,,true,true
184070,255464,S. McCabe,,,,,,,,true,true
191096,609996,B. Rodriguez,,,,,,,,true,true
184541,7828,L. Adams,,,,,,,,true,true
141973,356742,Stevens Goovadia,,,,,,,https://media.api-sports.io/football/players/356742.png,true,true
171645,345895,P. Sangvilay,,,,,,,,true,true
207185,346538,A. Bouzeboudja Ghaffor,,,,,,,,true,true
48274,31802,A. Floro Flores,,,,,,,https://media.api-sports.io/football/players/31802.png,true,true
100798,273814,Mihăiță Lemnaru,,,,,,,https://media.api-sports.io/football/players/273814.png,true,true
214486,142307,T. Baptista,,,,,,,,true,true
169312,104253,Mahdi Karim,,,,,,,,true,true
180431,122782,Sergio Parla,,,,,,,,true,true
76179,117617,D. Lightbody,,,,,,,,true,true
147894,412415,E. Mogollon,,,,,,,https://media.api-sports.io/football/players/412415.png,true,true
34891,231201,J. Simpson,,,,,,,,true,true
96418,47868,Mattias Pavić,,,,,,,https://media.api-sports.io/football/players/47868.png,true,true
184663,40873,Deleu,,,,,,,,true,true
192977,25857,Paul Schunemann,,,,,,,https://media.api-sports.io/football/players/25857.png,true,true
119613,13243,C. Riascos,,,,,,,https://media.api-sports.io/football/players/13243.png,true,true
207114,22561,T. Robail,,,,,,,,true,true
189994,497592,Adrián Pérez,,,,,,,,true,true
83012,225191,K. Tsujimoto,,,,,,,,true,true
203699,84928,J. Nejda,,,,,,,,true,true
63771,394735,Maxim Dal,,,,,,,https://media.api-sports.io/football/players/394735.png,true,true
87134,138732,Fredrik Kristensen Dahl,,,,,,,https://media.api-sports.io/football/players/138732.png,true,true
158197,383693,D. Bolívar,,,,,,,,true,true
136334,77998,Guilherme,,,,,,,,true,true
70268,9904,Matheus Teixeira,,,,,,,https://media.api-sports.io/football/players/9904.png,true,true
173793,161692,Leandro Dias,,,,,,,https://media.api-sports.io/football/players/161692.png,true,true
75078,97876,D. Hoban,,,,,,,,true,true
117420,469447,N. Makris,,,,,,,,true,true
162401,48713,N. von Niederhäusern,,,,,,,,true,true
210985,491634,A. Benard,,,,,,,,true,true
188196,393303,C. Milne,,,,,,,,true,true
207355,346312,L. Sekia,,,,,,,,true,true
113176,242634,Ahmed Abdalla Zaraa,,,,,,,,true,true
65508,26623,Thomas Geyer,,,,,,,https://media.api-sports.io/football/players/26623.png,true,true
115568,515621,Yazan Esmat Abdallah,,,,,,,https://media.api-sports.io/football/players/515621.png,true,true
142046,471301,Abram Mashele,,,,,,,https://media.api-sports.io/football/players/471301.png,true,true
52902,299763,Dani Barcia,,,,,,,https://media.api-sports.io/football/players/299763.png,true,true
99771,43163,Pedro Mendes,,,,,,,,true,true
161555,366635,D. Lomangino,,,,,,,,true,true
218680,487233,Stan Wassenaar,,,,,,,https://media.api-sports.io/football/players/487233.png,true,true
71051,23376,Noaam Merabti,,,,,,,https://media.api-sports.io/football/players/23376.png,true,true
34885,20070,P. Jones,,,,,,,https://media.api-sports.io/football/players/20070.png,true,true
140259,215930,Nihad Quliyev,,,,,,,https://media.api-sports.io/football/players/215930.png,true,true
89132,522640,A. Korneev,,,,,,,https://media.api-sports.io/football/players/522640.png,true,true
173758,550906,N. Serif,,,,,,,https://media.api-sports.io/football/players/550906.png,true,true
66850,38131,J. Pohl,,,,,,,https://media.api-sports.io/football/players/38131.png,true,true
47150,17496,L. Scoble,,,,,,,https://media.api-sports.io/football/players/17496.png,true,true
149332,162055,A. Cova,,,,,,,https://media.api-sports.io/football/players/162055.png,true,true
200562,23822,F. Finance,,,,,,,,true,true
141553,278387,Renaldo Leaner,,,,,,,https://media.api-sports.io/football/players/278387.png,true,true
49534,52,Sergio Camello,,,,,,,https://media.api-sports.io/football/players/52.png,true,true
162960,51084,E. McCue,,,,,,,,true,true
74706,117361,Borja Pérez,,,,,,,,true,true
197649,230424,H. Mihoubi,,,,,,,,true,true
103571,15565,K. Banousis,,,,,,,,true,true
121402,356058,Sebastián Valencia,,,,,,,https://media.api-sports.io/football/players/356058.png,true,true
126182,359752,Enzo Rotela,,,,,,,https://media.api-sports.io/football/players/359752.png,true,true
121486,538326,Luiyi Castro,,,,,,,https://media.api-sports.io/football/players/538326.png,true,true
139654,70951,V. Igbekoyi,,,,,,,,true,true
166092,53916,Amr Kaddoura,,,,,,,https://media.api-sports.io/football/players/53916.png,true,true
154625,546771,T. Lockman,,,,,,,,true,true
183926,129202,Andrew Jones,,,,,,,,true,true
111002,17104,Mahmoud Hamada,,,,,,,https://media.api-sports.io/football/players/17104.png,true,true
85723,277168,Aarón Mejía,,,,,,,https://media.api-sports.io/football/players/277168.png,true,true
107923,34190,Dong-Won Yang,,,,,,,,true,true
182350,335005,Rúben Cebollada,,,,,,,https://media.api-sports.io/football/players/335005.png,true,true
74631,626820,Mustafa Obut,,,,,,,https://media.api-sports.io/football/players/626820.png,true,true
186418,231755,M. Nisbett,,,,,,,,true,true
83994,351536,Sere Matsumura,,,,,,,https://media.api-sports.io/football/players/351536.png,true,true
147079,39508,Kevin Moreno,,,,,,,https://media.api-sports.io/football/players/39508.png,true,true
195061,26469,Leon Demaj,,,,,,,https://media.api-sports.io/football/players/26469.png,true,true
176607,294637,Oliver Ewing,,,,,,,https://media.api-sports.io/football/players/294637.png,true,true
89647,26652,E. Sakic,,,,,,,https://media.api-sports.io/football/players/26652.png,true,true
187728,339500,N. Hayward,,,,,,,,true,true
88319,145997,Denis Popov,,,,,,,https://media.api-sports.io/football/players/145997.png,true,true
47077,449232,D. Vost,,,,,,,https://media.api-sports.io/football/players/449232.png,true,true
143631,198391,Nazar Voloshyn,,,,,,,https://media.api-sports.io/football/players/198391.png,true,true
206827,191499,G. David,,,,,,,,true,true
206243,206490,J. Belia,,,,,,,,true,true
158649,565420,S. Santeliz,,,,,,,,true,true
88984,405155,Artyom Varganov,,,,,,,https://media.api-sports.io/football/players/405155.png,true,true
211486,275504,B. Crail,,,,,,,,true,true
87381,544510,S. A. Marcello Silalahi,,,,,,,,true,true
170942,73313,Chen Ting-yang,,,,,,,https://media.api-sports.io/football/players/73313.png,true,true
199015,250311,A. Mahraoui,,,,,,,,true,true
52712,31232,G. Rolando,,,,,,,https://media.api-sports.io/football/players/31232.png,true,true
109268,36579,Soufiane Rahimi,,,,,,,https://media.api-sports.io/football/players/36579.png,true,true
200483,22658,Q. Leclerc,,,,,,,,true,true
186304,231678,N. Beasant,,,,,,,,true,true
108834,408844,Lee Hyun-Yong,,,,,,,https://media.api-sports.io/football/players/408844.png,true,true
92741,75014,Nahuel Zárate,,,,,,,https://media.api-sports.io/football/players/75014.png,true,true
143907,63649,O. Klymets,,,,,,,https://media.api-sports.io/football/players/63649.png,true,true
169561,123513,C. Bannis,,,,,,,,true,true
204474,192870,B. Diakite El,,,,,,,,true,true
148251,96634,Silvestre,,,,,,,,true,true
143463,76877,F. Čirjak,,,,,,,https://media.api-sports.io/football/players/76877.png,true,true
193592,26090,T. Kircher,,,,,,,,true,true
60827,76648,K. Lefaix,,,,,,,,true,true
59039,1413,Kara Mbodji,,,,,,,https://media.api-sports.io/football/players/1413.png,true,true
208436,174623,C. Rapaille,,,,,,,https://media.api-sports.io/football/players/174623.png,true,true
112733,50687,A. Sultan,,,,,,,https://media.api-sports.io/football/players/50687.png,true,true
63601,322627,Fabio Chiarodia,,,,,,,https://media.api-sports.io/football/players/322627.png,true,true
110931,253089,Mahmoud Ramadan,,,,,,,,true,true
144696,211887,Brandon McMorrow,,,,,,,https://media.api-sports.io/football/players/211887.png,true,true
170652,290752,R. Tello,,,,,,,,true,true
53882,115299,P. Krøldrup,,,,,,,,true,true
81060,6243,Juan Ramírez,,,,,,,https://media.api-sports.io/football/players/6243.png,true,true
93942,13334,Harrinson Mancilla,,,,,,,https://media.api-sports.io/football/players/13334.png,true,true
171656,349349,C. Khounthoumphone,,,,,,,,true,true
103903,180445,D. Burus,,,,,,,,true,true
134571,483382,E. Falamarzi,,,,,,,,true,true
110366,147856,D. Diarra,,,,,,,,true,true
74995,89647,C. Reid,,,,,,,,true,true
42010,118545,G. Poku,,,,,,,,true,true
133379,511823,João Coutada,,,,,,,,true,true
212670,629743,Hugo Kingue-Ekedy,,,,,,,https://media.api-sports.io/football/players/629743.png,true,true
208679,251936,L. Segura,,,,,,,,true,true
157810,59788,N. Arenas,,,,,,,,true,true
183916,230245,J. Méligner,,,,,,,,true,true
195355,592067,S. Husic,,,,,,,,true,true
169126,35203,Muhammad Shakir bin Hamzah,,,,,,,,true,true
76737,539179,A. Emslie,,,,,,,,true,true
106134,515076,Tomas Hellebrand,,,,,,,https://media.api-sports.io/football/players/515076.png,true,true
197182,86227,N. Journet,,,,,,,,true,true
109228,152940,M. Hajjar,,,,,,,,true,true
133781,29804,F. Hashemi,,,,,,,,true,true
92875,113863,Fernando Cavenaghi,,,,,,,https://media.api-sports.io/football/players/113863.png,true,true
43402,19070,Max Aarons,,,,,,,https://media.api-sports.io/football/players/19070.png,true,true
128516,51342,A. Rijo,,,,,,,,true,true
131193,283042,Matías Coronado,,,,,,,https://media.api-sports.io/football/players/283042.png,true,true
47005,544647,G. Birch,,,,,,,,true,true
217425,130520,T. Plemper,,,,,,,,true,true
179727,117843,J. Lindsay,,,,,,,,true,true
159035,37996,C. Bijl,,,,,,,,true,true
90065,7219,Moritz Wurdinger,,,,,,,https://media.api-sports.io/football/players/7219.png,true,true
194498,177699,Niklas Kiene,,,,,,,https://media.api-sports.io/football/players/177699.png,true,true
76030,117531,B. O'Brien,,,,,,,,true,true
110167,486834,N. Benfakir,,,,,,,,true,true
100035,71381,R. Andronic,,,,,,,,true,true
49323,47164,Gerard Valentín,,,,,,,https://media.api-sports.io/football/players/47164.png,true,true
58937,41318,Q. Beunardeau,,,,,,,https://media.api-sports.io/football/players/41318.png,true,true
54501,31826,T. Cucchietti,,,,,,,,true,true
200650,86128,J. Loureiro,,,,,,,,true,true
54379,30775,Giuseppe Pezzella,,,,,,,https://media.api-sports.io/football/players/30775.png,true,true
77571,114599,J. Lucero,,,,,,,,true,true
163724,437787,C. Hickox,,,,,,,,true,true
117320,110707,Yigal Becker,,,,,,,,true,true
164564,343011,Abdul Rabeeh,,,,,,,https://media.api-sports.io/football/players/343011.png,true,true
134569,431027,M. Mansouri,,,,,,,,true,true
176666,195062,Arbër Bytyqi,,,,,,,https://media.api-sports.io/football/players/195062.png,true,true
158973,93244,K. Wilpstra,,,,,,,,true,true
202504,20992,Théo Bermond,,,,,,,https://media.api-sports.io/football/players/20992.png,true,true
95287,355281,Valentin Gelos,,,,,,,https://media.api-sports.io/football/players/355281.png,true,true
110478,535185,S. Essallami,,,,,,,,true,true
99009,368472,Hu Jiajin,,,,,,,https://media.api-sports.io/football/players/368472.png,true,true
110081,175466,K. Tchoutchoui,,,,,,,,true,true
212903,119299,David Carvalho,,,,,,,,true,true
83351,93197,T. Enamoto,,,,,,,,true,true
1764,2728,Kasper Schmeichel,,,,,,,https://media.api-sports.io/football/players/2728.png,true,true
131328,357333,Bastian Sagal,,,,,,,https://media.api-sports.io/football/players/357333.png,true,true
208706,398334,M. Delbe,,,,,,,,true,true
51345,46963,Adri Real,,,,,,,,true,true
202954,23360,K. N'zola,,,,,,,,true,true
123114,478405,B. Biro,,,,,,,https://media.api-sports.io/football/players/478405.png,true,true
127239,313207,D. Houja,,,,,,,,true,true
46190,34708,Jin-woo Jeon,,,,,,,https://media.api-sports.io/football/players/34708.png,true,true
211018,468516,S. Diaby,,,,,,,,true,true
205660,251823,M. Oubati,,,,,,,,true,true
51881,125073,Koldo Obieta,,,,,,,https://media.api-sports.io/football/players/125073.png,true,true
57823,113736,K. Chafni,,,,,,,,true,true
187421,287042,T. Rigby,,,,,,,,true,true
159949,581945,Bendegúz Kovács,,,,,,,https://media.api-sports.io/football/players/581945.png,true,true
172052,612562,H. Abakar,,,,,,,,true,true
86814,262599,Sebastian Henriksen,,,,,,,https://media.api-sports.io/football/players/262599.png,true,true
128400,51948,R. De Olivera,,,,,,,,true,true
144513,67676,Pierce Clark,,,,,,,https://media.api-sports.io/football/players/67676.png,true,true
206119,302528,R. Oller,,,,,,,,true,true
83969,33544,Norimichi Yamamoto,,,,,,,https://media.api-sports.io/football/players/33544.png,true,true
175424,356507,Daniel Letherby,,,,,,,https://media.api-sports.io/football/players/356507.png,true,true
191427,609894,H. Mejia,,,,,,,,true,true
174179,78099,G. Valchev,,,,,,,,true,true
