id,name,api_football_id,fd_name,rating_mu,rating_sigma,in_csv,in_pq
1261,Triglav,4363,,1392.0530126866115,111.74092327169367,true,true
683,Stal Mielec,3493,Stal Mielec,1451.3220710906487,2.0752186026154003,true,true
3495,FCSR Obernai,25333,,1173.0143386929526,350.0,true,true
100006110,Árborg,6110,,1500.0,,false,false
4797,Portugal U19,10343,,1557.5278569691602,272.40907443780577,true,true
3474,Pineto,9514,,1372.5202476967243,350.0,true,true
100015566,Gazelle,15566,,1500.0,,false,false
100020919,Kypärämäki Rangers,20919,,1500.0,,false,false
5881,Walcheren,26706,,1299.5054231486092,328.3410422696135,true,true
6057,Étoile Carouge,6654,,1506.8194623317497,7.078057594330642,true,false
100006695,Rynninge,6695,,1500.0,,false,false
100004128,Woldya Kenema,4128,,1500.0,,false,false
100011452,Ueda Gentian,11452,,1500.0,,false,false
4861,Belgium U17,17942,,1391.5036690788677,316.1070264629583,true,true
100020221,Graničar Lendava,20221,,1500.0,,false,false
100005656,Guangdong Haoxin Trade,5656,,1500.0,,false,false
100018513,IK Ilmajoki,18513,,1500.0,,false,false
100004367,Bilje,4367,,1500.0,,false,false
100016133,Lions Gibraltar,16133,,1500.0,,false,false
1287,Kolos Kovalivka,3627,,1523.8615785975148,5.590189696304925,true,true
100002625,Shaanxi Changan Athletic,2625,,1500.0,,false,false
550,Stromsgodset,324,Stromsgodset,1602.0671357047058,1.9040760399225343,true,true
5125,St Francis Rangers,12031,,1500.0,350.0,true,true
3218,Rotlet Molinar,17600,,1500.0,350.0,true,true
2773,Syria,1565,,1426.5827608973761,324.3291957327295,true,true
100012250,Inter Allies,12250,,1500.0,,false,false
2907,Albania U19,10354,,1516.2158339455375,295.7850872503237,true,true
100025630,Kylän Poijjaat,25630,,1500.0,,false,false
5349,RSV Eintracht,14754,,1161.329269919233,303.1919752334097,true,true
100006548,B&B Rama II,6548,,1500.0,,false,false
3613,Saint-Malo,3108,,1662.7317951098642,294.88236876564804,true,true
2071,Arsenal Tivat,3742,,1082.9117801701188,350.0,true,true
100004076,SC United Bantams,4076,,1500.0,,false,false
6324,Persijap,11132,,1513.0210924859118,57.60225482350471,true,false
1046,CA River Plate,2351,,1486.4392114466298,8.152851681419579,true,true
100026434,Leicesterfield,26434,,1500.0,,false,false
100002137,22 De Setiembre,2137,,1500.0,,false,false
100010324,TiPS,10324,,1500.0,,false,false
100014336,Teleios,14336,,1500.0,,false,false
100005683,Shanxi Metropolis,5683,,1500.0,,false,false
100025838,Alta,25838,,1500.0,,false,false
100016466,Avalan Kamyaran,16466,,1500.0,,false,false
100013487,PeFF,13487,,1500.0,,false,false
100003687,Alashkert II,3687,,1500.0,,false,false
100014942,Baník Lehota p.Vtáčnikom,14942,,1500.0,,false,false
5717,Racing Besançon,9974,,1636.601254621419,325.01274456473357,true,true
4819,England U20,10309,,1319.7029884596452,296.80674256647694,true,true
100006377,Tacón W,6377,,1500.0,,false,false
2951,New Zealand,4673,,1441.729296070584,264.29872989184673,true,true
100007090,Jeonju,7090,,1500.0,,false,false
4335,Eskişehirspor,3572,,1500.0,350.0,true,true
100005407,Les Astres,5407,,1500.0,,false,false
100022368,Pattaya City,22368,,1500.0,,false,false
1101,The Strongest,3711,,1513.0094711083002,3.3073297365702974,true,true
100004077,SF Glens,4077,,1500.0,,false,false
4378,Ventforet Kofu,308,,1546.0008290443945,8.770876722434052,true,true
100001440,Nei Mongol Zhongyou,1440,,1500.0,,false,false
100001454,Woden Vellet,1454,,1500.0,,false,false
100011131,Persigo Semeru,11131,,1500.0,,false,false
1340,Leixoes,244,,1505.5528631475677,3.2559875009627652,true,true
100002229,Uniclinic Atletico Clube,2229,,1500.0,,false,false
100018789,Keles,18789,,1500.0,,false,false
6015,Austria Vienna (Am),2860,,1451.3685288835325,74.4681057733033,true,false
5738,ES Cappelle,27022,,1376.2650775379786,334.1776999081501,true,true
5627,Valdaine,3240,,1252.5301550759573,350.0,true,true
1258,Koper,4374,,1526.412017196539,3.264893978509849,true,true
100017356,Platinum City Rovers,17356,,1500.0,,false,false
5810,Vasco da Gama AC,13164,,1146.8740507799923,350.0,true,true
6340,PSIS Semarang,2451,,1369.8033470739094,59.92974594772251,true,false
3880,Olympique Lumbrois,9300,,1397.0793217617274,350.0,true,true
2976,Saudi Arabia U23,10955,,1952.521604809961,272.52897086122954,true,true
100006590,Rajamangala UTR,6590,,1500.0,,false,false
1683,Moroka Swallows,10563,,1493.2637947363553,7.035678690888786,true,true
100027585,Gazalkent,27585,,1500.0,,false,false
635,A. Lustenau,1399,A. Lustenau,1499.268259261376,7.669942731670564,true,true
100008068,Proline,8068,,1500.0,,false,false
5316,Reutlingen,13932,,1500.0,350.0,true,true
3289,Cristo Atlético,9728,,1219.722126324878,350.0,true,true
100019334,Huracán de Paysandú,19334,,1500.0,,false,false
100007868,Trem,7868,,1500.0,,false,false
2888,Bonaire,10982,,1462.4556861568492,350.0,true,true
100005010,Abahani Chittagong,5010,,1500.0,,false,false
2019,Stjarnan,275,,1060.1822015808766,278.45636623327937,true,true
4240,TOGB,19739,,801.4182864078938,336.51610482494027,true,true
2758,Hereford Lads Club,16986,,1043.5268920146025,350.0,true,true
3425,Stuttgarter Kickers,12868,,1470.818434133839,350.0,true,true
5027,Holbrook Sports,12100,,1500.0,350.0,true,true
4081,Quarteirense SAD,22168,,1445.8782839450287,350.0,true,true
1189,Olympiakos,3415,,1505.0160774338297,7.717714583895213,true,true
3062,Azerbaijan U21,8181,,1386.5339792200311,350.0,true,true
3566,Foron,25335,,1233.8202843573072,350.0,true,true
1797,Slavia Praha,560,,1538.9951713707908,5.515074204860856,true,true
2529,North Ferriby,16992,,1044.1227115525924,334.20415689148615,true,true
6012,FC Liefering,1400,,1414.1368180149668,51.31175073509151,true,false
100018609,SJK-juniorit,18609,,1500.0,,false,false
100027800,PFK Guliston,27800,,1500.0,,false,false
2016,Malisheva,15576,,1371.772017104939,17.497168342956623,true,true
2885,Kuwait,1570,,1102.8384725562016,300.93642717526853,true,true
6105,Alexandria,6842,,1134.1391475033067,206.43602081556426,true,false
1646,NC Magra,1071,,1543.4110746445492,4.61194728841776,true,true
4442,Chacarita Juniors,447,Chacarita Juniors,1443.9139740302596,51.53346204559266,true,true
3804,Vénus,10161,,894.8449409562422,350.0,true,true
2772,Uzbekistan,1568,,2056.2533429137357,230.2352650905261,true,true
5353,Bassano Virtus,881,,1303.8847878680563,350.0,true,true
5993,Keçiörengücü,3595,,1554.234579297829,4.927325346928177,true,false
100018566,Lieto,18566,,1500.0,,false,false
100006581,North Vachiralai,6581,,1500.0,,false,false
100013511,Riverball,13511,,1500.0,,false,false
100013304,Thamuang,13304,,1500.0,,false,false
100011465,Sagawa Shiga,11465,,1500.0,,false,false
3826,Narbonne,13740,,1303.8847878680563,350.0,true,true
100003758,Grange Thistle,3758,,1500.0,,false,false
100008391,Claypole,8391,,1500.0,,false,false
100026999,Nong Khai FC,26999,,1500.0,,false,false
4220,Smitshoek,21423,,1468.6238890448024,350.0,true,true
100013813,Deportivo Azogues,13813,,1500.0,,false,false
100020941,SalPa II,20941,,1500.0,,false,false
100025687,RiPS II,25687,,1500.0,,false,false
100011399,Fukuoka University,11399,,1500.0,,false,false
3999,Joane,4754,,993.7759119282479,350.0,true,true
104,Girona,547,Girona,1555.9321500393685,2.9803776651636986,true,true
3453,Mantova,1693,,1531.991798633353,4.654848360350715,true,true
100019348,Progreso Atlántida,19348,,1500.0,,false,false
957,Tombense,2227,,1499.272732932788,6.55156500550421,true,true
478,Seattle Sounders,1595,Seattle Sounders,1544.1727519433555,1.9737879855052567,true,true
4288,Baronie,14631,,1044.6505151872243,350.0,true,true
3199,Don Benito,5259,,1234.4877128842224,350.0,true,true
1443,Oostende,624,Oostende,1532.544161610003,5.903481298254199,true,true
5839,Jodan Boys,1289,,1435.185660994574,350.0,true,true
100011665,Boden,11665,,1500.0,,false,false
1654,US Souf,19994,,1080.717496542392,181.2962178072398,true,true
100004366,Beltinci,4366,,1500.0,,false,false
6489,Bandari,2460,,1541.346798616109,22.98964629380558,true,false
5901,Pakhtakor,4220,,1500.0,350.0,true,false
3104,Framlingham Town,8787,,1305.5705854611986,350.0,true,true
100006598,See Kwae,6598,,1500.0,,false,false
323,Gil Vicente,762,Gil Vicente,1537.9466193102437,3.2248286169765734,true,true
2036,Westfields,4712,,1181.744295990739,335.01019524667544,true,true
100004580,Al Shabab Al Arabi,4580,,1500.0,,false,false
5287,Offenburger FV,13943,,1500.0,350.0,true,true
1231,Skalica,10542,,1498.6396064981675,4.414997109687036,true,true
6225,Aiolikos,5027,,1064.5656934544043,134.0661881590325,true,false
100025885,Buxoro Academy,25885,,1500.0,,false,false
100012690,Stade Malien Sikasso,12690,,1500.0,,false,false
84,Mansfield,1374,Mansfield,1511.204274812302,2.3477542267761087,true,true
100025641,LoPa II,25641,,1500.0,,false,false
100004601,Red Lions,4601,,1500.0,,false,false
3008,New Caledonia,5163,,1516.1090447189438,344.27082255262616,true,true
1534,Al Urooba,9139,,1342.5024054640028,84.39433020878111,true,true
1545,Al-Khor,2901,,1469.278415200889,36.00302850093745,true,true
100019244,Jesenice,19244,,1500.0,,false,false
1642,Mostaganem,1070,,1532.9798737851368,6.618055831041782,true,true
100021375,Atlético Amambay,21375,,1500.0,,false,false
4479,Tianjin Songjiang,843,,1488.5869061017886,19.646727824540267,true,true
987,Independiente Medellin,1128,,1524.448020768006,2.3724312929912235,true,true
6511,West Armenia,6287,,1159.7880068274123,141.87850835910982,true,false
100003518,Flora II,3518,,1500.0,,false,false
4635,ASA,1207,,1500.0,350.0,true,true
4578,Siofok,2413,,1336.1178889075686,87.69628675470356,true,true
100005378,Real Succes,5378,,1500.0,,false,false
6063,Pogoń Grod. Mazowiecki,14750,,1425.1707401375438,29.212747437811583,true,false
4679,Dinamo Vranje,2630,,1398.528776609707,233.5414834114788,true,true
1669,Polokwane City,2693,,1500.6726395610776,4.248100986444102,true,true
3045,Bulgaria U18,21463,,1475.3532748090647,350.0,true,true
4583,Kazincbarcikai,2410,,1494.253289078198,6.121330547326352,true,true
100005664,Jiangxi Hopeda,5664,,1500.0,,false,false
100018542,Kirkkonummi,18542,,1500.0,,false,false
100006565,Kantharalak United,6565,,1500.0,,false,false
2613,St Ives Town,7747,,1698.3906669047183,334.17829483722534,true,true
1118,ADT,10492,,1508.1335808749336,3.221642050091661,true,true
3703,Roche Saint-Genest,13709,,1297.3091837882273,350.0,true,true
100006281,Lernayin Artsakh,6281,,1500.0,,false,false
4164,Moitense,17777,,1261.7620912280152,350.0,true,true
5265,CD Sant Jordi,26729,,1345.1048012232209,281.52065150804214,true,true
3789,Boé Bon Encontre,20569,,1247.6765238543678,305.12038732324714,true,true
100010221,Peninsula Power,10221,,1500.0,,false,false
100001918,Barcelona W,1918,,1500.0,,false,false
5024,Bacup Borough,11944,,1500.0,350.0,true,true
4258,Barendrecht,1271,,1830.2509945861136,306.0057565427729,true,true
5077,Selby Town FC,12148,,1500.0,350.0,true,true
1494,Valmiera / BSS,4153,,1488.8478869001287,9.969562781003047,true,true
2225,Little Common,8852,,1004.4663439285714,324.14540683019663,true,true
352,Oud-Heverlee Leuven,260,Oud-Heverlee Leuven,1547.8678224163946,2.7887464750784634,true,true
100020346,Puconci,20346,,1500.0,,false,false
5588,Sens,9939,,1500.0,350.0,true,true
5377,S.S.D. Unione Sanremo,1593,,1376.402872820142,350.0,true,true
4952,Skenderbeu Korce,605,,1695.6480130307937,350.0,true,true
100015500,Nakhon Ratchasima Sport,15500,,1500.0,,false,false
100022978,HePu,22978,,1500.0,,false,false
5001,Godalming Town,11980,,1500.0,350.0,true,true
2236,Exmouth,8778,,1318.8062049981038,308.4540008727941,true,true
2764,Welling Town,8988,,775.9407455076273,350.0,true,true
5475,Dragon,3045,,1303.8847878680563,350.0,true,true
621,Neustadt,,Neustadt,1434.867704549849,227.22704748522588,true,true
100004520,SOA,4520,,1500.0,,false,false
3812,Saint-Louis Neuweg,3106,,1219.2408723166393,350.0,true,true
100013552,EBK,13552,,1500.0,,false,false
52,Charlton,1335,Charlton,1524.3906169351828,2.4674580085895763,true,true
985,Bucaramanga,1131,,1523.667465194368,2.385239319434641,true,true
3735,JS Douvres,22738,,1231.7815950176034,350.0,true,true
100026722,Auckland FC 2,26722,,1500.0,,false,false
100001933,Sportivo Rivadavia,1933,,1500.0,,false,false
6428,Portmore United,3443,,1655.4582746625708,36.614286700885046,true,false
5037,AFC Hayes,8668,,1381.8595202482454,350.0,true,true
100003981,Bella Vista,3981,,1500.0,,false,false
100007873,Goianésia,7873,,1500.0,,false,false
1967,Albania,778,,1852.791032725252,154.9975751214976,true,true
100002948,Hajer,2948,,1500.0,,false,false
3915,Sainte-Marienne,9377,,1387.3437709590885,350.0,true,true
1746,Real Monarchs,4012,,1491.9527901220526,35.42647283055545,true,true
100004222,Shortan,4222,,1500.0,,false,false
6485,Akwa Starlets,7790,,1090.4965660895639,348.9288604145305,true,false
494,Sanfrecce Hiroshima,282,Sanfrecce Hiroshima,1571.349015531486,2.7665486736047735,true,true
2992,Czech Republic U16,22580,,1303.8847878680563,350.0,true,true
5329,Luneburger SK Hansa,1645,,1190.7113587739561,350.0,true,true
100007500,Damash Gilanian,7500,,1500.0,,false,false
100012473,Kira Young,12473,,1500.0,,false,false
1026,2 de Mayo,2140,,1500.012106163383,7.466224329530243,true,true
3142,Gévora,25032,,1197.5173657388655,350.0,true,true
4757,ATK,3471,,1823.7785105363882,350.0,true,true
100027522,Swarm FC,27522,,1500.0,,false,false
100004124,Welayta Dicha,4124,,1500.0,,false,false
1432,Patro Eisden,6222,,1535.3412606138995,4.451251983620036,true,true
100017178,24 de Setiembre,17178,,1500.0,,false,false
100020901,CLE,20901,,1500.0,,false,false
100002497,Kibera Black Stars,2497,,1500.0,,false,false
560,Haugesund,328,Haugesund,1597.1212791105193,2.048765011462652,true,true
3592,Guéreins Genouilleux,25337,,1215.8364109883191,350.0,true,true
100020181,Podlehnik,20181,,1500.0,,false,false
6149,Kanazawa,300,,1347.8615547852182,183.08068714233772,true,false
6396,Prishtina e Re,22816,,1308.836452649861,42.299332078278596,true,false
100021398,Tallinna Kalev Juunior,21398,,1500.0,,false,false
100023265,Shenzhen Juniors,23265,,1500.0,,false,false
4654,Khazar Lankaran,11244,,1500.0,350.0,true,true
100025284,Muang Klaeng,25284,,1500.0,,false,false
4255,Rijnsburgse Boys,1248,,1296.1835056007212,248.1950942988317,true,true
289,Hansa Rostock,1321,Hansa Rostock,1514.6358619164691,3.7008921236405805,true,true
100023016,San Siro,23016,,1500.0,,false,false
6469,Ikorodu City,24512,,1578.3318505225143,10.35724683187194,true,false
100018504,HaPo,18504,,1500.0,,false,false
100024800,Naft Bandar Abbas,24800,,1500.0,,false,false
2291,Squires Gate,8946,,1348.2357294162553,350.0,true,true
3308,Unami,18100,,1296.4883531001688,350.0,true,true
3060,France U21,8194,,1678.0020278252218,287.2815902970358,true,true
4338,Gaziantepspor,1008,,1198.9178442058148,350.0,true,true
100018964,Jobu University,18964,,1500.0,,false,false
4339,Elazığspor,3571,,1500.0,350.0,true,true
5476,Avenir Sportif de Gouzon,13679,,1207.8375482009287,334.7055556969579,true,true
260,Leverkusen,168,Leverkusen,1575.9870332909654,3.08890868097391,true,true
100010198,Satun United,10198,,1500.0,,false,false
2337,Ipswich Wanderers,11996,,1491.112239620599,325.4838582152609,true,true
100018546,KoiPS / Dynamo,18546,,1500.0,,false,false
6267,Internacional Palmira,23326,,1507.1347823613035,4.866689717228158,true,false
100011180,Logan Lightning,11180,,1500.0,,false,false
100010118,Skandinavía,10118,,1500.0,,false,false
5940,Chongqing Tonglianglong,,Chongqing Tonglianglong,1539.512225816429,141.04509220676846,true,false
461,Colorado Rapids,1610,Colorado Rapids,1538.378970908134,2.0296138210600043,true,true
4417,Admira Wacker,1023,,1504.4106868597796,7.237234454177891,true,true
2299,March Town United,8871,,1470.4985570635,303.2917852686325,true,true
5298,Lippstadt 08,9372,,1500.0,350.0,true,true
3993,Vieira,4810,,1409.7679629534541,350.0,true,true
100007855,Comercial MS,7855,,1500.0,,false,false
5540,Sainte Geneviève,3110,,1256.7432386155167,350.0,true,true
100025939,Fort Lauderdale United,25939,,1500.0,,false,false
100002375,Canadian,2375,,1500.0,,false,false
5173,Čelik,13844,,1500.0,350.0,true,true
5965,Forfar,,Forfar,1445.2327257565028,2.8810578023013855,true,false
105,Las Palmas,534,Las Palmas,1530.100727885943,3.520178109025937,true,true
107,Ath Bilbao,531,Ath Bilbao,1559.0560717367305,2.8771727017115953,true,true
954,Sport Recife,123,Sport Recife,1502.6115472564309,2.2121851715451295,true,true
100004453,Kitchee,4453,,1500.0,,false,false
6244,Colegiales,8377,,1515.3379809645753,50.95002204582489,true,false
6060,Baden,12699,,1270.8211837953072,103.16777236070536,true,false
100018013,HK U23,18013,,1500.0,,false,false
5744,Pierrelatte,27040,,1388.0322335920953,337.14639698876607,true,true
4370,Santa Cruz,753,,1499.3083558157957,24.46996545925931,true,true
2414,Rossington Main,12147,,1368.45154170536,309.27670355666527,true,true
100013296,Phetpittayakom Alumni,13296,,1500.0,,false,false
479,Toronto FC,1601,Toronto FC,1537.6366274957977,2.032482225833276,true,true
100024949,Acatlan,24949,,1500.0,,false,false
5558,Hazebrouck,3059,,1268.9783390995217,350.0,true,true
100010119,Stokkseyri,10119,,1500.0,,false,false
119,Espanol,540,Espanol,1554.0179994759617,3.2467557791091632,true,true
100020122,Bukovci,20122,,1500.0,,false,false
1117,Sporting Cristal,2546,,1513.8487782407751,2.9362060450250516,true,true
100016586,Zhomboy,16586,,1500.0,,false,false
100020066,Lopburi City,20066,,1500.0,,false,false
2636,Paraguay,2380,,2076.3678106762554,127.8740210709995,true,true
100009188,P-Iirot,9188,,1500.0,,false,false
2818,Yorkshire Amateur,9012,,1096.180556071125,350.0,true,true
6195,Belasitsa,8540,,1339.9176039272559,23.84097792861019,true,false
5725,Le Cellier Mauves,27031,,1164.0037436764305,303.2183210943449,true,true
1215,Beitar Jerusalem,657,,1520.9045771776146,3.5738825897895543,true,true
4862,Japan U17,12511,,1462.2933794331602,297.2201059462674,true,true
303,Ajax,194,Ajax,1520.4268187242171,4.999274636683889,true,true
100002303,Zacatepec 1948,2303,,1500.0,,false,false
100022228,Terremoto,22228,,1500.0,,false,false
3579,TA Rennes,3310,,1114.7681416532223,350.0,true,true
2595,Bedford Town,7616,,1380.8235240554072,263.79770349693774,true,true
3875,Gosier,4394,,1195.3697316591301,276.3566446229516,true,true
100018905,One Knoxville,18905,,1500.0,,false,false
3581,Thouars,25354,,1173.5848121191675,350.0,true,true
100002168,Angelholms FF,2168,,1500.0,,false,false
3849,Cite 6,18129,,1170.5721588316512,350.0,true,true
100006575,Muangkan United,6575,,1500.0,,false,false
100011670,Sleipner,11670,,1500.0,,false,false
2015,Magpies,16135,,920.7136486112238,216.80857608558796,true,true
2244,Handsworth Parramore,8809,,1026.5648652147809,334.1875554648954,true,true
100010459,Thai Selangor,10459,,1500.0,,false,false
2437,Ivybridge Town,24340,,1345.6891738064523,334.2225031639854,true,true
100026492,Pcinja,26492,,1500.0,,false,false
5762,Barrosas,4874,,1500.0,350.0,true,true
5358,Gubbio,866,,1450.7715552767231,350.0,true,true
100009976,Øygarden,9976,,1500.0,,false,false
5207,Rochdale Town,12072,,1500.0,350.0,true,true
100014314,Paide III,14314,,1500.0,,false,false
1819,Aris Thessalonikis,1123,,1527.612995137371,3.808212720865285,true,true
4842,United Arab Emirates U19,22439,,1139.9841180344695,319.0709912672261,true,true
4595,Rubio NU,1185,,1427.7516802316195,81.46945443851442,true,true
5064,Barkingside,8697,,1518.8376050214783,350.0,true,true
5092,Southam United FC,12029,,1500.0,350.0,true,true
1304,Olimpik Donetsk,639,,1467.6453550409258,57.67609555809173,true,true
100018526,KJK,18526,,1500.0,,false,false
3456,Crotone,501,Crotone,1504.481459007758,11.567117687138209,true,true
100010117,KFB,10117,,1500.0,,false,false
100000277,Grindavik,277,,1500.0,,false,false
3178,Lleida Esportiu,5266,,981.0687147348463,350.0,true,true
100001447,Tuggeranong United,1447,,1500.0,,false,false
4446,Gefle IF,813,,1500.0,350.0,true,true
100004101,Weston,4101,,1500.0,,false,false
100004152,Progress / AFA Olaine,4152,,1500.0,,false,false
5418,La Vieille Lyre,13733,,1500.0,350.0,true,true
1759,Vancouver FC,20881,,1518.8408123033287,9.319525535327081,true,true
100010434,Kerteh,10434,,1500.0,,false,false
2914,Austria U18,21460,,1290.6659866283871,333.7629023397491,true,true
100020166,Malečnik,20166,,1500.0,,false,false
100017660,Besa Dobërdoll,17660,,1500.0,,false,false
275,Greuther Furth,178,Greuther Furth,1519.820724871304,3.0568508890268706,true,true
100018738,Respect,18738,,1500.0,,false,false
100024110,Welco X,24110,,1500.0,,false,false
6052,Smorgon,3393,,1321.9507671364074,32.55225334425222,true,false
100001451,Canberra United,1451,,1500.0,,false,false
521,Kumamoto,,Kumamoto,1528.8475736170058,350.0,true,true
1429,Deinze,6214,,1527.7377189652457,8.319105433181859,true,true
3029,Norway U16,21473,,1232.1332198163536,350.0,true,true
4827,United Arab Emirates U18,26530,,1467.8510632013895,308.0693773964992,true,true
3373,Viktoria Berlin,4266,,951.8814407719219,350.0,true,true
100013512,Tervarit-j JuPa,13512,,1500.0,,false,false
2735,Chalfont St Peter,7625,,1108.1664133324764,350.0,true,true
100008403,Ellerton,8403,,1500.0,,false,false
4145,Ideal,4753,,1139.6758189073912,350.0,true,true
100002245,Musa,2245,,1500.0,,false,false
5900,Lusail City,7527,,1500.0,350.0,true,false
151,La Coruna,,La Coruna,1525.1055217928374,3.3867087248433423,true,true
655,Yverdon,6653,Yverdon,1516.6820316518706,4.108790018405116,true,true
4821,Germany U17,17954,,1698.5559219107279,241.5708077244312,true,true
4102,Recreativa de Lamelas,20353,,1294.2563014295288,350.0,true,true
1519,Suwon Bluewings,2765,,1508.7483251008855,5.369896450585528,true,true
5204,Witheridge,12046,,1500.0,350.0,true,true
2005,Kosovo,1111,,2044.2930331704713,143.17106245159997,true,true
1384,Lusitânia Lourosa,6358,,1495.288343279955,12.095389353381945,true,true
1628,Ceramica Cleopatra,14651,,1522.0145482758783,3.8911342741208452,true,true
100005700,Yingkou Chaoyue,5700,,1500.0,,false,false
6151,Thespakusatsu Gunma,756,,1303.0719904039545,83.63906898206706,true,false
100013535,HIFK 4,13535,,1500.0,,false,false
5249,Windsor & Eton,26226,,1358.3160466296533,334.5183491942433,true,true
100021291,Swan City,21291,,1500.0,,false,false
1851,Virtus,5308,,1009.2955925606743,194.6113266280427,true,true
3421,SV Rodinghausen,1650,,1269.162470144988,350.0,true,true
100022890,Shenavarsazi Qeshm,22890,,1500.0,,false,false
48,Barnsley,747,Barnsley,1509.876460049919,2.3781996804340353,true,true
2053,Hegelmann Litauen,3861,,1364.5718937752722,12.312983481304164,true,true
100004214,Metalourg,4214,,1500.0,,false,false
1773,Deportivo Saprissa,816,,1573.4080408584607,2.5958176336636214,true,true
3250,Real Murcia,5275,,1276.8577527377563,258.28228871402285,true,true
4772,Brazil U17,12502,,1817.0407789941653,336.9966173308409,true,true
137,Mirandes,799,Mirandes,1517.6140583506299,2.7355113064588004,true,true
4015,Arronches e Benfica,17379,,1265.9763338228254,350.0,true,true
3548,Saint-Colomban Locminé,3224,,1140.1564757835076,310.56698767476524,true,true
100003620,Ahrobiznes Volochysk,3620,,1500.0,,false,false
6458,Remo Stars,5191,,1566.9433876678581,10.900660036536392,true,false
100020424,Phrae,20424,,1500.0,,false,false
2768,Lebanon,1551,,1592.2970706229512,285.9536076624919,true,true
100019355,Wanderers Juvenil,19355,,1500.0,,false,false
4113,Freamunde,808,,1109.9267726756166,350.0,true,true
6497,Bidco United,2493,,1462.4387443291323,25.284395844532717,true,false
2012,Milsami Orhei,691,,1210.6250934134105,185.83182575875307,true,true
1096,Guabirá,3704,,1504.9642546649477,3.3459992494568116,true,true
5405,Saint-Saturnin Arche,13627,,1500.0,350.0,true,true
100021506,Democracia,21506,,1500.0,,false,false
100012669,Bougouni,12669,,1500.0,,false,false
100009190,Tampere United,9190,,1500.0,,false,false
4284,Avanti '31,3926,,1252.5301550759573,350.0,true,true
2959,Portugal U18,19073,,2134.259249700091,286.48248944456594,true,true
100013303,Surindra,13303,,1500.0,,false,false
3942,Castelnau le Cres,13765,,1429.7373026673572,350.0,true,true
3941,St Liguaire Niort,3302,,1208.701843876942,350.0,true,true
100020148,Kamnik,20148,,1500.0,,false,false
73,Crewe,1363,Crewe,1497.5862015642738,2.2680689333003783,true,true
870,U Craiova 1948,6910,U Craiova 1948,1557.0819208528817,4.439631407937133,true,true
100020930,Messukylä United,20930,,1500.0,,false,false
724,Talleres Cordoba,456,Talleres Cordoba,1513.181901565198,2.413975165915518,true,true
100011689,Tuen Mun SA,11689,,1500.0,,false,false
2892,Jordan U20,19627,,1634.4650541204312,298.3765412531789,true,true
100013280,Sriracha,13280,,1500.0,,false,false
4760,Swaziland,1488,,989.8497432008036,350.0,true,true
100010222,Redlands United,10222,,1500.0,,false,false
100012467,JMC Hippos,12467,,1500.0,,false,false
100014011,Sheriff II,14011,,1500.0,,false,false
5060,Dudley Sports,12136,,1500.0,350.0,true,true
100004381,Ilirija,4381,,1500.0,,false,false
4698,Vitez,4288,,1083.8163980831928,350.0,true,true
2600,Tiverton Town,7753,,1234.945380168218,334.4462477600687,true,true
805,Shanghai Shenhua,833,Shanghai Shenhua,1510.5059771410138,2.2562821209484043,true,true
4893,San Marino U21,8220,,1255.6877007609835,332.6893747799864,true,true
100015629,AIK W,15629,,1500.0,,false,false
74,Doncaster,1354,Doncaster,1507.666893909635,2.3346258545607017,true,true
4518,Bray Wanderers,3847,,1532.0475238280605,3.781689235311992,true,true
1371,Chabab Mohammédia,6387,,1524.2286943158244,5.328353240347239,true,true
1077,Everton de Vina,2325,,1497.5298582739474,3.2846720387926442,true,true
100004642,Jalapa,4642,,1500.0,,false,false
4248,ADO '20,3886,,1228.469408708815,334.3227357369461,true,true
100010486,Sport Valenzolano,10486,,1500.0,,false,false
100005380,Spartanii Selemet,5380,,1500.0,,false,false
100010519,Al Amgad,10519,,1500.0,,false,false
5706,Sundhoffen,9312,,1221.7608526482318,350.0,true,true
100025649,NoPS III,25649,,1500.0,,false,false
100010126,Bluebird,10126,,1500.0,,false,false
100022587,Koro,22587,,1500.0,,false,false
199,Vicenza,,Vicenza,1506.8845597011846,12.546794377306348,true,true
100013826,Nõmme Kalju II,13826,,1500.0,,false,false
5888,DVO,26702,,1191.4634196806874,335.1625195983794,true,true
1594,Perth Glory,940,,1504.2421570226252,3.8791251814498833,true,true
100026075,Rae Spordikool,26075,,1500.0,,false,false
740,Sundsvall,,Sundsvall,1565.491706728656,12.012205122986668,true,true
4783,Iceland U17,17957,,1500.0,334.1776999081501,true,true
2153,Guildford City,8798,,1049.8686330239623,321.2190245905525,true,true
2429,Amersham Town,24331,,1792.8461470573143,317.44814992392884,true,true
3809,JA Armentières,13732,,1303.8847878680563,350.0,true,true
100013331,Tambon Wang Hin,13331,,1500.0,,false,false
2493,Belper Town,7617,,1303.3535271764683,335.6188568582375,true,true
100018969,Vertfee Yaita,18969,,1500.0,,false,false
1593,Macarthur,15550,,1507.7319376714645,3.536211390451194,true,true
100025685,Ylöjärvi / Marjastajat,25685,,1500.0,,false,false
100013539,LeKi-Futis,13539,,1500.0,,false,false
100001197,Botafogo PB,1197,,1500.0,,false,false
1442,Dender,6215,,1541.4432440534367,3.3462480969655686,true,true
1949,Union Titus Petange,2032,,1251.5222017927467,350.0,true,true
100016724,Titans,16724,,1500.0,,false,false
100018643,Warkaus,18643,,1500.0,,false,false
5095,Ellesmere Rangers,11972,,1500.0,350.0,true,true
6190,Lokomotiv G. Oryahovitsa,1420,,1398.7270337827474,16.16831417818651,true,false
3036,Hong Kong U23,10934,,1381.8595202482454,350.0,true,true
100020416,LP Saimai,20416,,1500.0,,false,false
100021392,Drakon,21392,,1500.0,,false,false
100018902,New Mexico United II,18902,,1500.0,,false,false
1114,Comerciantes Unidos,2558,,1503.6814524217514,4.505941435105591,true,true
100022416,Dinamo Zagreb U21,22416,,1500.0,,false,false
5772,Vinha da Rainha,4897,,1500.0,350.0,true,true
5430,Uzès Pont du Gard,13586,,1500.0,350.0,true,true
100013486,KuuLa,13486,,1500.0,,false,false
3769,Oissel,3089,,1532.971704573036,291.69111506608795,true,true
100019201,Vysočina Jihlava U19,19201,,1500.0,,false,false
100018708,Guantánamo,18708,,1500.0,,false,false
288,Holstein Kiel,191,Holstein Kiel,1524.3633261068765,3.3996607847928675,true,true
5876,Zuidvogels,6276,,1245.9668888521621,350.0,true,true
3906,Creteil,1307,,1869.484077930855,350.0,true,true
100002955,Al Jeel,2955,,1500.0,,false,false
100026725,Black Lions,26725,,1500.0,,false,false
3376,SSV Jahn Regensburg,177,,1506.7419964708445,3.631901963741886,true,true
3989,Lagos,6357,,954.4763247629439,350.0,true,true
100014286,FC Kohvile,14286,,1500.0,,false,false
100006104,Skallagrímur,6104,,1500.0,,false,false
6206,Ilioupoli,15235,,1333.0997923293378,38.98331157143361,true,false
100003650,Sansare,3650,,1500.0,,false,false
100007831,Jacuipense,7831,,1500.0,,false,false
100004350,Velazerimi 77,4350,,1500.0,,false,false
100010066,Denton Diablos,10066,,1500.0,,false,false
100005580,Al Ahli,5580,,1500.0,,false,false
100012295,Friburguense,12295,,1500.0,,false,false
5314,Barmbek-Uhlenhorst,12734,,1500.0,350.0,true,true
4676,SK Poltava,17165,,1133.2219219341064,106.58607467925655,true,true
138,Alcorcon,711,Alcorcon,1511.6667798531591,5.48373308063029,true,true
6215,Iraklis 1908,17991,,1595.033046351262,26.686437006432918,true,false
100020116,Bela Krajina,20116,,1500.0,,false,false
100027373,Kelantan Red Warrior FC,27373,,1500.0,,false,false
5641,Quarouble,3216,,1376.2650775379786,350.0,true,true
4561,Vukovar,5730,,1526.1125274940914,9.557167070712653,true,true
100005663,Jiangsu Yancheng Dingli,5663,,1500.0,,false,false
2396,Ilfracombe Town,12065,,1083.5037058538667,350.0,true,true
3249,Arandina,9722,,1464.4795781635917,350.0,true,true
100013526,PaiHa,13526,,1500.0,,false,false
3936,Gonfreville,9278,,1595.8115434999766,350.0,true,true
100018633,VJS II,18633,,1500.0,,false,false
170,Cagliari,490,Cagliari,1563.774344581978,3.1955036899942875,true,true
6279,Futbol Consultants Moravia,2054,,1547.3435248465655,9.632529369875643,true,false
5118,Ash United,12051,,1500.0,350.0,true,true
2018,Tikveš,4348,,1295.6170650748873,350.0,true,true
6207,Panargiakos,6315,,1213.0268173892007,48.33364772272615,true,false
5020,Staines Lammas,12075,,1500.0,350.0,true,true
337,Boavista,222,Boavista,1525.043418433567,4.058567854052786,true,true
6382,Marquense,3643,,1573.6349404018977,11.466558074146024,true,false
100004622,Zabbar St. Patrick,4622,,1500.0,,false,false
100005406,Fovu Club,5406,,1500.0,,false,false
673,Cracovia,350,Cracovia,1460.5223257819032,1.7649659526086359,true,true
100002664,Jomo Cosmos,2664,,1500.0,,false,false
100010218,Magpies Crusaders,10218,,1500.0,,false,false
100000472,Guillermo Brown,472,,1500.0,,false,false
5006,Holker Old Boys,11990,,1500.0,350.0,true,true
100004644,Managua,4644,,1500.0,,false,false
4970,Atlantas,686,,1185.9683683634187,350.0,true,true
212,Lorient,97,Lorient,1561.6856370134585,3.283030217873993,true,true
5862,DZC '68,3889,,1265.5403457468644,350.0,true,true
100005545,Merreikh Kosti,5545,,1500.0,,false,false
1639,Paradou AC,915,,1539.925324715703,3.677795713813633,true,true
100013497,HooGee II,13497,,1500.0,,false,false
2001,Greece,1117,,1846.848200662481,146.65914596894078,true,true
3398,FC Carl Zeiss Jena,1325,,894.3830493131804,350.0,true,true
3791,Mareuil,20576,,1334.530690047398,350.0,true,true
100012680,USC Kita,12680,,1500.0,,false,false
3644,Bressuire,3155,,1112.596375042408,350.0,true,true
100023120,Midlakes United,23120,,1500.0,,false,false
894,PS Kemi,,PS Kemi,1524.921928371266,26.431776884235475,true,true
3133,Ontiñena,25034,,1187.8634919736278,350.0,true,true
5327,Germania Halberstadt,1643,,1070.043776312501,350.0,true,true
6230,Acassuso,2425,,1461.6133975965504,217.5748755917734,true,false
100010464,12 de Octubre Paso Yobai,10464,,1500.0,,false,false
1198,Puskas Academy,2391,,1506.2546168289857,3.5591146575172394,true,true
3900,Chatou,18126,,1488.5628029420304,350.0,true,true
2566,Macclesfield,1380,Macclesfield,1500.382322061288,12.447967985529878,true,true
100005622,Prestatyn Town,5622,,1500.0,,false,false
1597,Mumbai City,3478,,1522.5603967975749,17.06151143407707,true,true
100018502,HAlku,18502,,1500.0,,false,false
4562,Alki Oroklini,3397,,1315.8308547723386,350.0,true,true
100015611,Tuna Luso,15611,,1500.0,,false,false
6296,Carrick Rangers,5350,,1248.5772237365047,18.30631173600972,true,false
5609,Sézanne,3309,,1500.0,350.0,true,true
100010673,Cascavel,10673,,1500.0,,false,false
100013098,Retrô,13098,,1500.0,,false,false
5820,SC Celoricense,26482,,1227.3967872035955,334.34472419835845,true,true
1447,Kolkheti Poti,3507,,1515.4059842642935,5.086959063108514,true,true
100021096,Venomous Vipers,21096,,1500.0,,false,false
2731,Mons Calpe,16137,,1146.358456380026,350.0,true,true
100025936,Bangers,25936,,1500.0,,false,false
2448,Rugby Borough,21713,,1257.6684766958717,335.98744509287263,true,true
100018605,RyPK 84,18605,,1500.0,,false,false
6504,Nairobi City Stars,2482,,1475.32211115104,53.6463061940383,true,false
1786,Olancho,19456,,1573.369496336551,2.987814341430391,true,true
3092,Newent Town,14419,,1324.1261061038774,350.0,true,true
100009172,JIPPO,9172,,1500.0,,false,false
3591,Jura Dolois,9937,,954.6775032452206,350.0,true,true
896,AC Oulu,2077,AC Oulu,1531.8629760807507,3.8140997157658942,true,true
100001457,Riverina Rhinos,1457,,1500.0,,false,false
243,Paris FC,114,Paris FC,1551.9304240684123,3.281360933051202,true,true
100024681,Pirata Juniors,24681,,1500.0,,false,false
3905,Molsheim Ernolsheim,18142,,1500.1169570564125,350.0,true,true
100018707,Granma,18707,,1500.0,,false,false
703,Godoy Cruz,439,Godoy Cruz,1510.7002647494382,2.5842820588699817,true,true
843,Bistrita,,Bistrita,1003.1920632055529,350.0,true,true
5453,Feyzin CBE,13730,,1500.0,350.0,true,true
100012300,Concórdia,12300,,1500.0,,false,false
100006659,Carlstad United,6659,,1500.0,,false,false
100005405,Fortuna Mfou,5405,,1500.0,,false,false
1513,Gangwon FC,2746,,1516.4091721005593,2.9960317243989407,true,true
4009,Pombal,4853,,1051.9601830706326,350.0,true,true
100019750,BVK Konjari,19750,,1500.0,,false,false
2503,Kingstonian,7725,,1462.380816650836,333.2337025774748,true,true
2905,Germany U18,23258,,1830.2375548792718,291.94284531636754,true,true
1024,Sportivo Trinidense,1187,,1506.4681339658016,5.223487178787749,true,true
100005430,Shooting Stars,5430,,1500.0,,false,false
4163,União Montemor,15299,,1075.6859918381792,350.0,true,true
100026352,Damansara,26352,,1500.0,,false,false
2217,Aylesbury Vale Dynamos,8691,,1501.5723880294356,296.73245154952974,true,true
2485,Herne Bay,7232,,1983.955193206518,344.8899092508793,true,true
6241,Gimnasia Jujuy,479,,1536.2464394857043,62.24663786318165,true,false
2603,Swindon Supermarine,7751,,1680.1452620660425,294.15874531941324,true,true
100027854,Generation Tallinn,27854,,1500.0,,false,false
3628,Valdahon Vercel,9941,,1208.194200529536,350.0,true,true
760,Ostersunds,,Ostersunds,1573.2469281974757,10.280518057820318,true,true
5565,FC Nord 17,13602,,1500.0,350.0,true,true
3267,Autol,20441,,1199.9433889973607,350.0,true,true
2979,Basque Country,23263,,1764.066127345171,333.5491694442645,true,true
3624,Olympique de Valence,3094,,1256.0720043375566,350.0,true,true
1613,El Geish,1039,,1511.3895149930859,3.7217591511844708,true,true
100011880,Al Mabarrah,11880,,1500.0,,false,false
2966,Denmark U21,8189,,1412.4474903182993,320.441507221991,true,true
2261,Halstead Town,8806,,728.5750197018402,345.655309925704,true,true
100010437,Kuala Lumpur Rovers,10437,,1500.0,,false,false
100005416,BDF XI,5416,,1500.0,,false,false
4614,Deportes Temuco,2317,,1486.898810948168,10.972376400895271,true,true
5041,Ringmer,12020,,1500.0,350.0,true,true
2679,Salisbury,7744,,1685.8779161078126,302.60198628540473,true,true
4786,Denmark U19,10331,,1731.4082197562834,278.8980301097966,true,true
100019477,Assad,19477,,1500.0,,false,false
100004213,Mash'al,4213,,1500.0,,false,false
320,Den Haag,,Den Haag,1484.4002935644723,20.74429547491537,true,true
2472,British Airways,24336,,1005.4799051850455,334.1839266187942,true,true
100023428,FOMO,23428,,1500.0,,false,false
100013571,TP-T,13571,,1500.0,,false,false
1147,CD Hermanos Colmenarez,2854,,1513.8682462031925,4.519799824292411,true,true
4802,Bosnia-Herzegovina U19,10359,,1150.7291382882051,270.2628160006321,true,true
100007114,Yong In University,7114,,1500.0,,false,false
100024669,Atlético Arsenal,24669,,1500.0,,false,false
100020410,Chiangmai Country,20410,,1500.0,,false,false
3845,Bresse Jura Foot,18123,,1230.1074535773132,350.0,true,true
6372,Alianza FC,2881,,1571.1155835857464,13.802836052482375,true,false
5039,Aylesbury,11943,,1500.0,350.0,true,true
100027846,Lahte United,27846,,1500.0,,false,false
5115,Croydon,8761,,1376.2650775379786,350.0,true,true
100008374,Fénix,8374,,1500.0,,false,false
100004104,Myrtle Beach Mutiny,4104,,1500.0,,false,false
3444,TSV Steinbach,1656,,1207.2043593748308,350.0,true,true
3635,Martigues,3200,,1528.1082589542166,6.8989368051938085,true,true
4128,Loures,4759,,1324.9287828995618,350.0,true,true
100007075,Gangneung City,7075,,1500.0,,false,false
4418,Ried,1028,Ried,1508.6778755578248,4.124864545625319,true,true
6518,FK Sokol Saratov,1995,,1212.0172687670251,93.83479186982795,true,false
100005236,Al Hilal Kadougli,5236,,1500.0,,false,false
100002452,Perseru Serui,2452,,1500.0,,false,false
100002573,Sport Ancash,2573,,1500.0,,false,false
100010429,IKRAM Muda,10429,,1500.0,,false,false
100018595,PuPa O35,18595,,1500.0,,false,false
100014366,Mārupe,14366,,1500.0,,false,false
100020140,Zidgrad Idrija,20140,,1500.0,,false,false
100005201,Kabwe Warriors,5201,,1500.0,,false,false
3670,AG Caennaise,3007,,1086.1683984960787,350.0,true,true
5096,Shawbury United,12025,,1500.0,350.0,true,true
1751,Portland Timbers II,4011,,1443.3380147065927,90.23086959957911,true,true
2155,Hythe & Dibden,8833,,1156.1755296776075,316.80616185476885,true,true
4490,ASA Targu Mures,2590,,1516.2239061171463,55.56503132724438,true,true
6523,Japan U21,23539,,1330.2651491654974,317.77366145236533,true,false
6481,Akwa United,5172,,1576.24450590626,22.831878967126595,true,false
2322,Vauxhall Motors,8981,,762.9689231091025,336.3433231480928,true,true
3838,Koetzingue,13691,,1373.0324124918948,350.0,true,true
3710,St-Aubin Guérande,22751,,1252.5301550759573,350.0,true,true
1182,Omonia Nicosia,3402,,1531.1336561129772,3.605453404989887,true,true
6162,Naestved,2066,,1348.982097186363,96.85097387135052,true,false
100011082,Uppsala W,11082,,1500.0,,false,false
5063,Wivenhoe Town,12047,,1500.0,350.0,true,true
100004591,Mighty Tigers,4591,,1500.0,,false,false
100013550,Pisa,13550,,1500.0,,false,false
1733,Tampa Bay Rowdies,4021,,1542.8308976731985,3.470759125215554,true,true
2092,Redbridge,8908,,1325.1945386674024,299.0985497991045,true,true
1888,Sileks,4331,,1042.7784356047168,321.7628586037037,true,true
100015930,Deportivo Dongu,15930,,1500.0,,false,false
100001960,Independiente De Chivilcoy,1960,,1500.0,,false,false
3657,Bondues,20599,,1235.3579738232268,320.64369204750585,true,true
4477,Hebei Zhongji,839,,1477.986153980176,7.458535779652813,true,true
4137,SC Paivense,20355,,1405.85669498202,350.0,true,true
1550,Al Sadd,2895,,1535.2310974324116,15.682906706584136,true,true
3559,Cannet Rocheville,15114,,1004.5993213755182,350.0,true,true
100021346,Mitsubishi Nagasaki,21346,,1500.0,,false,false
100011406,Ococias Kyoto,11406,,1500.0,,false,false
4200,ROHDA Raalte,6269,,1157.0333337033273,277.49621020742046,true,true
100013839,Hossana Kenema,13839,,1500.0,,false,false
100009173,JäPS,9173,,1500.0,,false,false
4849,Netherlands U19,10340,,1149.4714126637198,299.2381578993457,true,true
2872,Swaffham Town,8963,,964.3455875383977,350.0,true,true
2098,Buckhurst Hill,19549,,1115.2475581952976,336.81790625135693,true,true
4712,Guria,3506,,1500.0,350.0,true,true
100005486,Malkiya,5486,,1500.0,,false,false
2866,Holbeach United,8827,,1148.2913230465165,350.0,true,true
2567,Barwell,7697,,1669.8916254798287,334.9685837283288,true,true
100012535,Nay Pyi Taw,12535,,1500.0,,false,false
100007515,Busaiteen,7515,,1500.0,,false,false
3443,MSV Duisburg,187,,1511.6994762830957,6.8303658278170625,true,true
100025587,ISCA,25587,,1500.0,,false,false
100013333,Amphoe Tha Chang,13333,,1500.0,,false,false
100007081,Gwangju University,7081,,1500.0,,false,false
2057,Athletic Newham,16983,,1527.3919167955778,334.3862655151841,true,true
741,Kalmar,374,Kalmar,1584.3711659421836,4.143958442582786,true,true
100005207,NAPSA Stars,5207,,1500.0,,false,false
100004226,Santos,4226,,1500.0,,false,false
100003521,Rakvere Tarvas,3521,,1500.0,,false,false
100009035,Philadelphia Lone Star,9035,,1500.0,,false,false
3602,Liancourt Clermont,20575,,1165.8256730961557,350.0,true,true
5252,Atletico Calatayud,26727,,1129.7752018681376,322.6212108406979,true,true
100008114,Vipers,8114,,1500.0,,false,false
6406,Pdrm,2500,,1056.349940401987,112.94844559745346,true,false
5148,Durango,5260,,1376.2650775379786,350.0,true,true
100013908,Amatitlán,13908,,1500.0,,false,false
100020710,Serra Branca,20710,,1500.0,,false,false
100001229,Genus,1229,,1500.0,,false,false
1104,Real Oruro,20252,,1491.6405733491983,14.314977150662203,true,true
3024,Latvia U19,10339,,1514.2150477529235,290.3800543033915,true,true
3902,Perros-Louannec,18145,,1344.12876516781,350.0,true,true
100003752,Acacia Ridge,3752,,1500.0,,false,false
3418,Neustrelitz,12820,,1150.9053683497295,350.0,true,true
6030,Sukhothai FC,2783,,1427.2895634383199,47.84323848761483,true,false
3992,1º Dezembro,4718,,1333.3763059560347,244.70943338153296,true,true
594,Krasnodar,621,Krasnodar,1577.0452606159924,3.4850053073371874,true,true
100010861,Independente AP,10861,,1500.0,,false,false
100004085,TSS Rovers,4085,,1500.0,,false,false
4632,America-RN,2233,,1500.0,350.0,true,true
100013299,Sakultala,13299,,1500.0,,false,false
1267,Araz,11238,,1498.670807563342,4.721325705929735,true,true
2048,Binfield,8707,,1769.0149342690504,326.7008543781634,true,true
100009014,Bavarian,9014,,1500.0,,false,false
3211,Monte,22570,,1376.2650775379786,350.0,true,true
4205,ONS Sneek,1256,,777.7763108797111,350.0,true,true
100013496,Gnistan / Ogeli,13496,,1500.0,,false,false
100004245,Sulut United,4245,,1500.0,,false,false
100002216,Moto Club,2216,,1500.0,,false,false
1433,SK Beveren,738,,1552.0940985700477,4.584083630570817,true,true
6124,Cheongju,7061,,1468.4486598091798,12.568916756582654,true,false
5835,Oranje Wit,3932,,1500.0,350.0,true,true
5951,Kidderminster,,Kidderminster,1471.2743305700285,11.182008182751018,true,false
4921,USA U21,27072,,1384.3994143358232,304.4305615739193,true,true
1996,Sweden,5,,1846.0797867633619,135.79911733436214,true,true
992,Internacional de Bogota,1134,,1516.8749447078264,2.5703546754985043,true,true
100009192,JBK,9192,,1500.0,,false,false
100015284,Udon United,15284,,1500.0,,false,false
100025679,VPV,25679,,1500.0,,false,false
100010382,Mes Novin Kerman,10382,,1500.0,,false,false
6277,CS Uruguay,2058,,1552.1291769013694,10.6890583174934,true,false
1155,Atletico Venezuela,2809,,1531.7373859677457,18.412109027654,true,true
5279,Torrent,15348,,1258.176412650231,291.72343676407485,true,true
100020126,Dragomer,20126,,1500.0,,false,false
100016536,Msida St. Joseph,16536,,1500.0,,false,false
2186,Bexhill United,8704,,971.1549837568928,321.86577728988186,true,true
2125,Widnes,7681,,1592.523129778689,350.0,true,true
100022229,Wanderers Durazno,22229,,1500.0,,false,false
6346,Neptūną Klaipėda,14384,,1275.4792167318353,269.16066234327644,true,false
1448,Saburtalo,3502,,1539.5061276761974,3.9762127952443977,true,true
2787,Coalville Town,7709,,1735.5186666235877,350.0,true,true
3582,Colomiers,3169,,1595.1963694621263,333.96685567584285,true,true
100014297,Järva-Jaani,14297,,1500.0,,false,false
5133,Ashton Town,12086,,1500.0,350.0,true,true
540,Atlante,,Atlante,1460.293249984936,350.0,true,true
100002164,IK Frej,2164,,1500.0,,false,false
6434,Hearts of Oak,12249,,1548.4833598662517,20.750698414112684,true,false
100004035,Boston Bolts,4035,,1500.0,,false,false
100023117,Hattiesburg,23117,,1500.0,,false,false
5956,Guiseley,,Guiseley,1404.998241913289,146.8145158982401,true,false
100002083,OPS Oulu,2083,,1500.0,,false,false
4799,Sweden U19,10380,,1011.3783033078365,285.9980352154136,true,true
1144,Estudiantes de Merida FC,2818,,1519.908913085152,3.1403772363363043,true,true
100023023,Velenpojat,23023,,1500.0,,false,false
100027848,Nomme Utd U19,27848,,1500.0,,false,false
100007089,Incheon University,7089,,1500.0,,false,false
739,Hacken,367,Hacken,1578.1130189620844,3.224678507304246,true,true
100020922,Liry,20922,,1500.0,,false,false
4996,Nuneaton Griff,12069,,1500.0,350.0,true,true
255,Bayern Munich,157,Bayern Munich,1591.2259218701972,3.3091940850953394,true,true
1895,Tre Fiori,2260,,1114.8955576446479,279.8474567413619,true,true
100020208,Tržič,20208,,1500.0,,false,false
2698,Rochdale,1339,Rochdale,1492.3829398279704,2.1339348756827157,true,true
5684,Saint-Flour,9305,,1547.4734839800265,350.0,true,true
6065,Polonia Bytom,12835,,1429.5532529973195,33.19861327099138,true,false
981,Santa Fe,1139,,1523.338991569414,2.34320060371624,true,true
2113,Paulton Rovers,7244,,1566.2095238088218,321.5749571858989,true,true
1796,Slovácko,3719,,1494.423048761463,3.8847471796806476,true,true
1020,CD Olmedo,1985,,1442.268604521784,35.96313646138384,true,true
735,Estudiantes Rio Cuarto,,Estudiantes Rio Cuarto,1182.5234364708554,137.97160606960284,true,true
100011003,Haiti U20,11003,,1500.0,,false,false
2022,Mornar,3740,,1377.6048423919938,196.8496940804695,true,true
3961,Amarante,4725,,1543.8556398030764,269.91835290403014,true,true
583,FK Rostov,779,FK Rostov,1561.9741006859952,3.285546118512934,true,true
1742,Atlanta United II,3986,,1511.3898463813161,18.16741924902366,true,true
100020914,Jäntevä Kotka II,20914,,1500.0,,false,false
2996,Mauritius,1497,,941.049537009142,350.0,true,true
100015277,Kabin United,15277,,1500.0,,false,false
100005703,Zibo Cuju,5703,,1500.0,,false,false
6051,FC Slutsk,379,,1266.566863871601,33.226473680066064,true,false
251,Chambly,,Chambly,1505.1129607811358,17.951993272905824,true,true
3028,Poland U16,21475,,1767.8667801836464,350.0,true,true
926,Al-Fayha,2944,,1543.7594694085833,4.649484986402893,true,true
4234,FC 's-Gravenzande,3890,,1254.1466374952747,350.0,true,true
3079,Estonia U17,17950,,950.7325676094554,303.2163449579184,true,true
100025719,Gijang United,25719,,1500.0,,false,false
1959,Bala Town,352,,1084.1107174054391,340.4706490026201,true,true
100017918,TP Samut Prakan,17918,,1500.0,,false,false
2308,Roman Glass St George,8910,,1511.932734870789,319.9526926140534,true,true
100007057,Byeoksan Players,7057,,1500.0,,false,false
4199,Quick '20,3899,,1237.0595522881558,350.0,true,true
100005344,Knockbreda,5344,,1500.0,,false,false
1354,Al Orubah,2961,,1514.0989388354105,29.64323769242474,true,true
100011866,SFK United,11866,,1500.0,,false,false
4437,Quilmes,480,Quilmes,1526.760133034459,24.50536764507744,true,true
2928,Papua New Guinea,8175,,1330.3350847411982,308.38414511359815,true,true
100017906,Bisita Ayothaya,17906,,1500.0,,false,false
346,Setubal,,Setubal,1521.3535528720715,36.08644125907118,true,true
100021177,Gol y Gol,21177,,1500.0,,false,false
100013898,Barillas,13898,,1500.0,,false,false
100021105,Apassit,21105,,1500.0,,false,false
5281,Atlètic Lleida,24574,,1339.6440819817994,303.4915898681252,true,true
100018911,Tennessee,18911,,1500.0,,false,false
6118,Radnički Sr. Mitrovica,12338,,1435.7395846929658,14.165022305342006,true,false
1434,Lommel United,259,,1534.7566334429664,4.313596103714097,true,true
1812,Zbrojovka Brno,3733,,1495.9832804776336,10.823465555378062,true,true
6498,Mathare United,2463,,1530.317055172992,24.701312714654872,true,false
100019336,Juanicó,19336,,1500.0,,false,false
100025678,TöTa / Mauskis,25678,,1500.0,,false,false
100014374,Gumi Sportstoto W,14374,,1500.0,,false,false
5067,Louth Town,12105,,1500.0,350.0,true,true
1184,Nea Salamis,3401,,1492.622732337041,6.632242149249098,true,true
100020178,Oplotnica,20178,,1500.0,,false,false
100020435,Eleven Angels,20435,,1500.0,,false,false
5295,SF Baumberg,12844,,1500.0,350.0,true,true
3983,UD da Serra,20042,,1078.5274071849453,334.61869854519165,true,true
100023113,Capo II,23113,,1500.0,,false,false
100019482,MCF,19482,,1500.0,,false,false
3672,Louhans-Cuiseaux,3073,,1361.773500980816,350.0,true,true
228,Troyes,110,Troyes,1541.0700772942705,3.034619785773876,true,true
5775,Sourense,4861,,1042.6714806234934,336.3278387454228,true,true
3134,Vic,25041,,1414.7486960555586,350.0,true,true
100027680,Chongqing Handa,27680,,1500.0,,false,false
5,Bournemouth,35,Bournemouth,1574.4732799292105,2.805166031057682,true,true
100019162,Catarina,19162,,1500.0,,false,false
100003527,Maardu,3527,,1500.0,,false,false
951,Operario-PR,1223,,1508.3746538185378,2.9329233747127836,true,true
6341,PSS Sleman,3882,,1540.7423507763403,55.26687253862092,true,false
5139,Graham St Prims,12063,,1500.0,350.0,true,true
2412,Shifnal Town FC,12149,,1784.8155704903138,321.8966698733151,true,true
100011275,Lime Hotspurs,11275,,1500.0,,false,false
100009204,Kultsu,9204,,1500.0,,false,false
3237,Llerenense,9833,,1230.0637550579368,350.0,true,true
100007823,Barcelona RO,7823,,1500.0,,false,false
100004227,BaBel United,4227,,1500.0,,false,false
573,Kristiansund,320,Kristiansund,1607.249057016347,1.9050149044613727,true,true
906,Cork City,653,Cork City,1538.6420440628951,2.468808056961056,true,true
5507,Veymerange Elange,13715,,1500.0,350.0,true,true
4238,EVV,1286,,1595.2863925136396,350.0,true,true
100016679,Fort Wayne,16679,,1500.0,,false,false
4225,Laar,24633,,1241.7824364282078,350.0,true,true
3594,ASS Still Mutzig,25324,,1178.1719277706206,334.52261214592687,true,true
100025397,Rainmasters,25397,,1500.0,,false,false
100005020,Sheikh Russel,5020,,1500.0,,false,false
5675,Sainte-Suzanne,3111,,1154.5447320978324,350.0,true,true
100006679,IFK Luleå,6679,,1500.0,,false,false
100004600,Nchalo United,4600,,1500.0,,false,false
136,Andorra,8157,Andorra,1519.847829074821,3.513057967800004,true,true
4144,Pinhalnovense,4783,,1530.5550274774168,350.0,true,true
666,Wisla,,Wisla,1451.2753432641173,4.126927804796571,true,true
100027681,Guizhou Xufengtang,27681,,1500.0,,false,false
100025615,KKP,25615,,1500.0,,false,false
100006021,HIK,6021,,1500.0,,false,false
100025783,Kungliga Wasa,25783,,1500.0,,false,false
100020184,Polskava,20184,,1500.0,,false,false
1553,Al-Arabi SC,2905,,1513.8043440304714,11.262026152472687,true,true
5674,Chapelle-des-Marais,3034,,1284.825969404645,350.0,true,true
4421,Grazer AK,4256,Grazer AK,1513.2164639281254,5.2257274749429925,true,true
100004067,North Carolina II,4067,,1500.0,,false,false
5311,Paloma,12828,,1500.0,350.0,true,true
5030,Pegasus Juniors,12014,,1500.0,350.0,true,true
2634,Panama,11,,1760.4960679076999,167.5898811574658,true,true
6023,Prachuap,2791,,1554.1902622071345,47.69940885291449,true,false
2828,Montserrat,8170,,918.409234448962,350.0,true,true
2826,Harlow Town,7646,,1342.405311567557,293.2123300189566,true,true
100020297,Blacks Power,20297,,1500.0,,false,false
100023050,Ravens,23050,,1500.0,,false,false
100021071,Debibi United,21071,,1500.0,,false,false
100004129,Addis Ababa Ketema,4129,,1500.0,,false,false
100017168,Deportivo Alavés,17168,,1500.0,,false,false
6234,Atletico Mitre,466,,1504.6055610633714,68.85653489331065,true,false
100004047,Des Moines Menace,4047,,1500.0,,false,false
100002186,SC Kriens,2186,,1500.0,,false,false
100012928,Linhares,12928,,1500.0,,false,false
6188,Fratria,21836,,1452.826991589357,17.056611003407568,true,false
100004046,Daytona,4046,,1500.0,,false,false
2796,Ashton Athletic,8687,,974.4023532118796,350.0,true,true
4014,Gavionenses,4884,,946.1655944307258,350.0,true,true
128,Santander,4665,Santander,1528.7633355672115,2.8530804110632046,true,true
100013563,JPS,13563,,1500.0,,false,false
5369,Siracusa,894,,1303.8847878680563,350.0,true,true
100002677,Super Eagles,2677,,1500.0,,false,false
100020644,Petone,20644,,1500.0,,false,false
1260,Primorje,14007,,1509.6856016686081,5.4463466201443635,true,true
723,Atl. Tucuman,455,Atl. Tucuman,1509.010592838818,2.49422896772507,true,true
5138,Carterton,12090,,1500.0,350.0,true,true
100001930,Sansinena,1930,,1500.0,,false,false
100010204,Edgeworth Eagles,10204,,1500.0,,false,false
100024952,Tigres de Alica,24952,,1500.0,,false,false
2420,Milton Keynes Irish,16990,,1511.0663726741614,325.47271727629106,true,true
100004224,Dinamo Samarqand,4224,,1500.0,,false,false
5038,Abingdon Town,12085,,1500.0,350.0,true,true
100023825,PA Classics,23825,,1500.0,,false,false
421,Queen of Sth,,Queen of Sth,1473.2709144017938,2.923323276618174,true,true
5962,Edinburgh City,6766,Edinburgh City,1441.1888915739294,2.408302112069531,true,false
2249,Studley,12078,,1196.6201896842924,319.817629842707,true,true
4105,Gouveia,4751,,1492.457902131871,326.8087140881626,true,true
6137,Ehime FC,318,,1506.7985067289803,18.59933317049794,true,false
4177,Aguiar da Beira,4871,,1177.9160921181697,350.0,true,true
5464,Matoury,3078,,1376.2650775379786,350.0,true,true
100027858,Geumsan Insam,27858,,1500.0,,false,false
100026425,Ensenada,26425,,1500.0,,false,false
820,Shandong Taishan,844,Shandong Taishan,1507.5500410172879,2.109293603260813,true,true
5185,Kruoja,11903,,1500.0,350.0,true,true
5789,Alta Lisboa,4823,,1489.373904507989,350.0,true,true
6157,Kolding IF,4676,,1513.0260237040434,5.845821321632777,true,false
5209,Woodstock Sports,12084,,1500.0,350.0,true,true
100010452,Red Spade United,10452,,1500.0,,false,false
2528,Hayes & Yeading United,7720,,1698.1510097999685,306.86222282189414,true,true
100027565,Super Nova 2,27565,,1500.0,,false,false
100004465,Citizen AA,4465,,1500.0,,false,false
1623,Zamalek SC,1040,,1529.1687946269606,4.297764927949014,true,true
100013489,SJK-j Apollo,13489,,1500.0,,false,false
5856,Vlissingen,3908,,1252.5301550759573,350.0,true,true
100013479,Aztecas,13479,,1500.0,,false,false
2127,Stalybridge Celtic,7749,,1619.8257461685796,234.17726637352402,true,true
1526,Baniyas SC,2877,,1493.1547494132617,8.123142257117951,true,true
3131,Selaya,9645,,1500.0,350.0,true,true
2771,Tajikistan,1536,,1215.745031215769,310.4698279321327,true,true
100011118,Newington Youth,11118,,1500.0,,false,false
6271,Real Soacha,22099,,1505.6332434032424,4.158540004220135,true,false
100002802,Krabi FC,2802,,1500.0,,false,false
5523,Saint-Berthevin,13668,,1500.0,350.0,true,true
100018559,LPS / Kuninkaat,18559,,1500.0,,false,false
5437,Hérouville,13651,,1500.0,350.0,true,true
1005,Tecnico Universitario,1151,,1504.049263907855,3.483978308099093,true,true
100023130,Norrvalla,23130,,1500.0,,false,false
1645,Olympique Akbou,10780,,1554.2788768968333,5.702173492152025,true,true
168,Juventus,496,Juventus,1575.9645853592197,2.746645858295303,true,true
100017868,Costa Rica U23,17868,,1500.0,,false,false
100020908,HeMan,20908,,1500.0,,false,false
4829,England U17,17949,,1836.1910322706863,319.4580437545622,true,true
100003952,Atlético San Jorge,3952,,1500.0,,false,false
100005419,Centre Chiefs,5419,,1500.0,,false,false
5372,Viterbese,1585,,1653.1309125604785,350.0,true,true
1987,Bulgaria,1103,,1366.235014121188,189.80239588437954,true,true
133,Albacete,722,Albacete,1524.7403084459345,2.779274813995477,true,true
4375,Vegalta Sendai,286,Vegalta Sendai,1567.304452748423,4.791038241132909,true,true
100013901,Sayaxché,13901,,1500.0,,false,false
3616,Olympique Cazaux,25347,,1283.6636778396064,350.0,true,true
100008411,Youth Milan,8411,,1500.0,,false,false
100003541,Al Shabab,3541,,1500.0,,false,false
100013312,Loei City,13312,,1500.0,,false,false
4299,Dongen,1285,,1081.2518514874448,336.5973051144113,true,true
4464,Esbjerg,403,Esbjerg,1508.6021658816258,5.4886182657569895,true,true
100011466,Suzuka Rampole,11466,,1500.0,,false,false
100018655,Incheon Seogot,18655,,1500.0,,false,false
2779,Indonesia,1571,,1587.3009809878868,316.96743971106144,true,true
2845,Trinidad and Tobago,5168,,1237.5945657871919,235.14635415596987,true,true
11,Sheffield United,62,Sheffield United,1531.1337220665137,2.6519949984995406,true,true
4289,Hoogeveen,14235,,1471.2520562469335,273.3958750713653,true,true
4003,Régua,4790,,681.8131808180892,350.0,true,true
100015505,Iguatu,15505,,1500.0,,false,false
4108,Luzense,22162,,1236.8466933552836,350.0,true,true
4439,Crucero Del Norte,788,,1500.0,350.0,true,true
100011371,Monagas II,11371,,1500.0,,false,false
100013543,RoPo,13543,,1500.0,,false,false
100025530,Mpheni,25530,,1500.0,,false,false
5237,Forest Row,26215,,1357.6522498570014,334.54399704875675,true,true
100017193,Ytororo,17193,,1500.0,,false,false
5664,Cheminots Paray,3039,,1232.0910272436845,350.0,true,true
3201,Cultural Leonesa,725,,1507.2196496584584,6.129131674397581,true,true
1929,Australia,20,,1889.2140520606156,225.04675735803323,true,true
854,Navodari,,Navodari,1494.2250482212537,350.0,true,true
100001959,Deportivo Rincon,1959,,1500.0,,false,false
6144,Kochi United,7129,,1454.4124297515957,190.11437918198376,true,false
169,Torino,503,Torino,1569.0498487298817,2.8418904741154356,true,true
2725,Congo DR,1508,,1960.4084950315619,281.45727348293923,true,true
5364,Lucchese,889,,1303.8847878680563,350.0,true,true
1452,Dila,3499,,1537.4721363494393,3.7920538871387217,true,true
100008381,Deportivo Español,8381,,1500.0,,false,false
100013895,Juventud Escuintleca,13895,,1500.0,,false,false
3740,Villenave,13716,,1438.2790167299017,350.0,true,true
2198,Barton Town Old Boys,8699,,1453.4821809464797,307.66194688122914,true,true
100024756,Olympique Sport d'Abobo,24756,,1500.0,,false,false
6249,CA Estudiantes,1936,,1547.3327029188245,61.540618384872,true,false
100023718,Starmedia,23718,,1500.0,,false,false
6327,Persib Bandung,2445,,1681.86788874617,37.48796172057952,true,false
100013573,MPS,13573,,1500.0,,false,false
210,Reims,93,Reims,1547.1188584830138,3.16112140644197,true,true
1072,O'Higgins,2320,,1508.4127500861111,3.2964822538412912,true,true
4584,Usm El Harrach,919,,1446.042657332936,350.0,true,true
1113,Cienciano,2562,,1510.5649913975653,3.0196755169579186,true,true
100002973,Arar,2973,,1500.0,,false,false
100010475,Cristóbal Colón JAS,10475,,1500.0,,false,false
3074,Kuwait U22,21469,,1246.8756726157017,350.0,true,true
3750,Stade Pontivy,3119,,1242.4258959371643,350.0,true,true
100024956,Oguzsport,24956,,1500.0,,false,false
2978,Martinique,8117,,1355.3886190544633,324.77805743923506,true,true
5101,Ampthill Town,11939,,1500.0,350.0,true,true
1057,Plaza Colonia,2355,,1494.6204872009257,9.670355371215205,true,true
5419,Berre,13591,,1500.0,350.0,true,true
100007499,Arman Gohar,7499,,1500.0,,false,false
100006346,SOL,6346,,1500.0,,false,false
100013500,Kasiysi / Rocky,13500,,1500.0,,false,false
2324,Thackley,8967,,905.1778940348042,334.18026436557807,true,true
6179,Prostějov,3725,,1420.6083501675134,16.39813547844997,true,false
5539,Macouria,13657,,1500.0,350.0,true,true
100025645,Lännen Torpedo,25645,,1500.0,,false,false
100002210,Central SC,2210,,1500.0,,false,false
100004578,Tripoli SC,4578,,1500.0,,false,false
265,Heidenheim,180,Heidenheim,1553.6541808895997,3.884537086986609,true,true
100020211,Visoko,20211,,1500.0,,false,false
100020154,Košana,20154,,1500.0,,false,false
3739,Schweighouse s/Moder,22748,,1394.4827915312746,350.0,true,true
6484,Gombe United,5179,,1312.3935113719358,107.94482304403158,true,false
100007082,Gyeongju Citizen,7082,,1500.0,,false,false
211,Paris SG,85,Paris SG,1581.5472647136432,3.1907281872024043,true,true
6329,Persepam Madura Utd,2444,,1485.6795491089274,28.731387122432174,true,false
100016303,Korotan Prevalje,16303,,1500.0,,false,false
3054,Bulgaria U16,21462,,1252.5301550759573,350.0,true,true
100011398,Chukyo University,11398,,1500.0,,false,false
5629,Diables Noirs,3170,,1252.5301550759573,350.0,true,true
2385,Arlesey Town,8683,,1245.6315474063633,314.8220148481839,true,true
2906,Malta U19,10372,,775.9972142144052,299.3802699768113,true,true
5620,Kronenbourg Strasbourg,3270,,1500.0,350.0,true,true
