fixture_id,league_id,date_utc,calendar_year,side,is_home,shots_total,shots_on_goal,shots_inside_box,shots_outside_box,blocked_shots,corners,possession,pass_accuracy,xg
205614,6,2023-02-11 17:30:00,2023,home,true,23,12,15,8,3,9,47,79,2.65
281607,29,2024-08-11 14:00:00,2024,away,false,13,5,8,5,4,6,48,77,1.09
245052,16,2018-09-15 17:00:00,2018,home,true,16,6,11,5,4,4,,,1.44
378024,62,2026-03-17 08:00:00,2026,away,false,18,5,13,5,5,5,44,83,1.67
266974,23,2016-08-05 16:30:00,2016,home,true,28,5,19,9,5,13,,,2.5
221540,10,2018-02-02 19:00:00,2018,home,true,14,6,8,7,6,8,,,1.17
208809,7,2018-05-06 10:30:00,2018,home,true,10,2,5,5,2,5,,,0.75
288963,32,2024-09-20 15:00:00,2024,away,false,9,5,4,5,1,4,42,70,0.64
203741,6,2019-02-23 15:00:00,2019,away,false,5,2,2,3,1,5,,,0.34
306646,45,2025-03-15 21:30:00,2025,away,false,4,2,0,4,1,3,39,78,0.14
195682,4,2021-05-01 14:00:00,2021,home,true,12,6,9,3,4,5,47,70,1.79
156420,92,2021-04-21 22:00:00,2021,away,false,29,9,15,14,6,14,71,89,2.22
264239,21,2022-05-29 05:00:00,2022,away,false,11,1,7,4,3,1,60,82,0.95
223996,10,2026-01-23 19:00:00,2026,home,true,19,5,13,6,7,9,58,88,1.71
310951,47,2026-01-24 18:45:00,2026,away,false,22,11,14,8,4,9,53,74,2.54
242851,15,2025-01-18 17:15:00,2025,home,true,5,2,4,1,2,2,48,86,0.49
208063,7,2016-05-07 18:45:00,2016,home,true,8,1,5,3,3,5,,,0.68
226255,11,2019-11-09 14:30:00,2019,away,false,13,5,8,5,3,7,,,1.09
222375,10,2020-09-12 17:00:00,2020,home,true,7,3,6,1,1,3,,,0.73
239352,14,2025-12-07 15:30:00,2025,away,false,8,5,7,1,1,5,55,85,0.84
93098,37,2024-04-26 15:00:00,2024,away,false,8,3,3,5,4,4,42,76,0.52
142984,75,2024-08-31 23:00:00,2024,home,true,16,3,11,5,3,7,41,74,1.44
74,1,2023-10-07 14:00:00,2023,home,true,20,6,9,11,6,9,60,80,1.42
115132,63,2025-02-21 14:00:00,2025,away,false,8,4,7,1,2,5,50,77,0.84
145926,36,2025-03-29 18:00:00,2025,home,true,15,4,7,8,2,4,29,60,1.08
155831,84,2021-10-08 18:45:00,2021,away,false,13,2,9,4,5,5,47,75,1.18
265694,22,2017-08-06 17:00:00,2017,home,true,17,12,13,4,0,10,,,1.64
264258,21,2022-06-26 05:00:00,2022,away,false,5,1,4,1,3,2,47,76,0.49
221649,10,2018-04-13 18:00:00,2018,home,true,7,3,5,2,2,2,,,1.29
188502,2,2020-06-28 13:15:00,2020,away,false,14,4,8,6,6,11,,,1.78
218945,9,2024-09-01 18:45:00,2024,home,true,8,4,6,2,0,3,42,85,0.76
189623,2,2022-04-02 14:00:00,2022,home,true,10,3,5,5,3,5,42,60,0.75
268466,23,2022-10-16 15:00:00,2022,away,false,11,4,5,6,1,3,44,72,0.79
213373,8,2021-05-07 12:00:00,2021,away,false,15,6,11,4,3,5,47,84,2.05
195849,4,2021-10-19 18:45:00,2021,home,true,13,2,9,4,2,2,52,66,1.18
27633,15,2023-12-15 19:45:00,2023,away,false,15,7,11,4,2,4,49,80,1.41
231272,12,2023-05-28 13:30:00,2023,home,true,9,1,2,7,3,6,51,88,0.48
284064,30,2022-04-18 12:00:00,2022,home,true,13,8,9,4,1,7,49,72,1.18
61808,25,2024-05-19 15:00:00,2024,away,false,6,4,4,2,0,1,50,80,0.53
246899,16,2024-11-23 10:30:00,2024,away,false,13,4,8,5,6,7,53,80,1.09
269226,24,2017-03-19 13:30:00,2017,away,false,2,2,1,1,0,3,,,0.15
162729,98,2024-04-03 18:45:00,2024,away,false,8,5,6,2,2,1,29,82,0.76
138562,22,2021-01-17 18:00:00,2021,home,true,15,5,7,8,5,9,42,82,1.08
256901,19,2024-08-11 00:30:00,2024,away,false,12,4,6,6,4,4,65,86,0.9
262811,21,2018-03-03 05:00:00,2018,away,false,12,3,6,6,1,3,,,0.9
216827,9,2017-11-19 14:00:00,2017,away,false,12,7,6,6,1,3,,,0.9
157624,87,2023-06-17 16:00:00,2023,home,true,9,3,6,3,3,2,59,86,1.44
278057,28,2017-05-21 22:15:00,2017,away,false,18,5,7,11,5,3,,,1.19
95823,28,2022-04-01 22:00:00,2022,away,false,8,2,4,4,3,9,50,61,0.6
254265,19,2016-12-11 19:00:00,2016,home,true,13,8,7,6,1,9,,,1.02
124303,73,2020-11-14 20:00:00,2020,home,true,14,7,8,6,1,5,51,78,1.78
203548,6,2018-10-12 14:00:00,2018,away,false,9,2,6,3,1,3,,,1.44
221996,10,2019-04-08 18:45:00,2019,away,false,13,4,4,9,5,10,,,0.78
210711,7,2023-05-13 16:00:00,2023,home,true,14,4,11,3,4,6,41,70,1.37
230133,12,2019-10-21 18:30:00,2019,away,false,15,3,9,6,4,4,,,1.25
254447,19,2017-08-03 00:00:00,2017,away,false,12,5,5,7,4,4,,,0.82
280476,29,2019-05-25 14:00:00,2019,home,true,20,9,16,4,5,9,,,1.98
27666,15,2024-01-27 15:00:00,2024,away,false,7,2,5,2,3,5,51,70,0.65
2004,2,2023-09-30 14:00:00,2023,away,false,12,2,7,5,3,4,42,80,0.98
231281,12,2023-06-06 18:45:00,2023,home,true,21,6,12,9,4,7,53,73,1.7
93591,57,2023-05-21 14:00:00,2023,home,true,10,2,6,4,3,5,55,85,0.83
121375,70,2024-03-09 19:00:00,2024,away,false,11,7,9,2,2,3,62,83,1.75
204269,6,2020-06-12 17:30:00,2020,home,true,14,5,2,12,2,4,,,1.29
377028,53,2026-05-18 00:00:00,2026,home,true,16,3,10,6,4,4,51,79,2.62
192983,3,2022-12-17 15:00:00,2022,home,true,14,8,8,6,2,6,63,80,1.13
93301,57,2024-07-20 00:30:00,2024,home,true,19,4,11,8,9,9,62,84,1.55
101540273,63,2026-04-22 16:30:00,2026,away,false,13,6,7,6,4,4,51,79,1.28
102208,53,2022-10-23 18:00:00,2022,away,false,7,4,2,5,0,1,44,78,0.41
140406,20,2021-10-20 23:30:00,2021,away,false,18,7,10,8,4,7,55,80,1.43
218613,9,2022-10-16 18:45:00,2022,away,false,18,7,8,10,5,6,50,90,1.27
249673,17,2023-01-07 15:00:00,2023,away,false,12,5,5,7,5,4,44,56,0.82
30946,17,2024-02-25 12:00:00,2024,away,false,18,7,15,3,5,4,71,82,1.83
186197,2,2016-02-23 19:45:00,2016,home,true,17,7,14,3,3,9,,,1.72
93737,57,2023-08-05 00:30:00,2023,away,false,9,6,3,6,1,2,40,68,0.56
259226,20,2017-03-18 20:00:00,2017,home,true,14,6,9,6,1,12,,,1.25
234209,13,2020-09-26 19:00:00,2020,away,false,24,5,11,13,7,4,,,1.72
123439,73,2022-08-08 18:00:00,2022,away,false,6,3,5,1,2,3,31,68,0.61
139580,20,2022-04-02 20:00:00,2022,away,false,9,6,7,2,0,2,58,83,0.88
604641,107,2023-12-20 17:00:00,2023,home,true,23,12,16,7,3,3,40,64,3.38
194143,3,2026-01-04 15:00:00,2026,away,false,8,2,2,6,4,4,34,64,0.44
224982,11,2015-09-23 18:00:00,2015,home,true,21,12,9,12,3,6,,,1.46
183447,1,2018-11-10 15:00:00,2018,away,false,14,4,10,4,5,10,,,1.29
93239,57,2024-06-16 19:00:00,2024,away,false,15,3,8,7,2,6,51,65,1.17
301297,40,2025-10-18 17:00:00,2025,away,false,12,5,8,4,2,4,52,78,1.06
135314,60,2025-02-05 17:30:00,2025,home,true,12,5,4,8,1,3,49,79,0.74
269753,24,2019-04-20 11:00:00,2019,away,false,13,6,5,8,3,3,,,0.86
92981,37,2023-12-09 18:00:00,2023,away,false,19,4,9,10,6,5,51,76,1.39
93829,57,2023-10-03 22:30:00,2023,away,false,8,2,3,5,4,8,53,82,0.52
267584,23,2019-05-05 16:00:00,2019,home,true,15,2,10,5,5,9,,,1.33
247175,16,2025-09-21 17:00:00,2025,home,true,17,2,12,5,7,5,34,76,1.56
189117,2,2021-04-25 12:00:00,2021,home,true,10,4,7,3,2,4,49,74,0.91
200710,5,2020-07-03 20:00:00,2020,home,true,15,3,11,4,5,4,,,2.05
124301,73,2020-11-14 15:30:00,2020,away,false,20,4,15,5,6,8,65,79,2.54
101183594,100000075,2024-06-10 23:00:00,2024,away,false,8,1,4,4,4,5,46,81,0.13
274777,26,2023-03-04 19:30:00,2023,home,true,10,1,7,3,2,6,48,72,0.91
182838,1,2017-03-11 15:00:00,2017,away,false,5,2,1,4,2,6,,,0.26
94237,57,2022-10-09 19:00:00,2022,home,true,12,6,8,4,0,5,32,69,1.06
123186,73,2023-11-10 19:00:00,2023,away,false,1,1,1,0,0,2,31,70,0.12
218000,9,2021-02-20 12:00:00,2021,home,true,19,8,9,10,3,1,48,74,1.39
150708,79,2019-03-22 19:45:00,2019,away,false,5,1,3,2,3,2,,,0.42
329574,62,2026-01-25 08:00:00,2026,away,false,7,3,4,3,2,3,44,84,0.57
226719,11,2021-04-17 13:30:00,2021,home,true,21,4,14,7,4,7,36,71,1.86
284026,30,2022-03-06 13:00:00,2022,home,true,12,5,7,5,7,9,48,77,0.98
203319,6,2018-03-11 17:00:00,2018,home,true,19,5,13,6,4,12,,,1.71
194342,4,2017-10-17 18:45:00,2017,away,false,8,3,0,8,3,3,,,0.28
64232,26,2024-02-11 13:15:00,2024,home,true,12,5,5,7,3,4,58,82,0.82
271071,24,2025-08-09 17:30:00,2025,away,false,11,3,5,6,4,8,74,89,0.79
296735,37,2020-08-14 16:15:00,2020,home,true,9,6,6,3,2,6,,,2.08
23244,12,2024-04-20 11:00:00,2024,away,false,12,4,5,7,3,4,59,88,0.82
296892,37,2026-01-08 14:55:00,2026,away,false,6,1,1,5,1,2,39,84,0.29
354940,89,2020-02-26 20:00:00,2020,away,false,14,0,7,7,5,3,,,1.05
205461,6,2022-10-29 16:30:00,2022,away,false,7,1,4,3,3,1,33,71,0.57
268815,23,2024-11-03 16:00:00,2024,away,false,5,2,2,3,1,3,42,76,0.98
372826,19,2026-04-19 19:00:00,2026,home,true,7,4,6,1,2,6,47,85,1.3
127516,41,2024-05-20 17:00:00,2024,away,false,12,7,8,4,1,2,37,72,1.06
285785,31,2021-07-30 12:00:00,2021,away,false,12,3,6,6,4,5,55,91,0.9
187460,2,2018-04-21 14:00:00,2018,home,true,16,3,10,6,5,5,,,1.36
214102,8,2023-04-10 16:00:00,2023,away,false,13,2,10,3,4,7,58,76,1.26
249336,17,2021-08-29 14:00:00,2021,away,false,8,5,7,1,2,7,25,56,0.84
156074,92,2022-04-29 02:00:00,2022,home,true,22,5,16,6,6,5,56,81,2.7
602598,106,2025-08-02 12:00:00,2025,home,true,14,2,6,8,6,9,53,75,0.97
204225,6,2020-02-16 17:15:00,2020,away,false,9,0,2,7,6,1,,,0.48
102460,53,2021-10-31 23:30:00,2021,home,true,9,4,7,2,2,3,67,79,1.52
272860,25,2021-07-25 15:00:00,2021,away,false,8,1,5,3,3,3,57,78,1.33
218147,9,2021-08-22 13:00:00,2021,away,false,6,3,5,1,0,3,47,86,0.61
274915,26,2024-09-28 18:30:00,2024,home,true,21,4,12,9,6,6,58,76,1.7
233438,13,2017-11-26 11:30:00,2017,home,true,22,8,18,4,3,10,,,2.21
233881,13,2019-03-30 19:45:00,2019,home,true,9,2,7,2,3,6,,,0.88
1910,2,2023-08-06 11:00:00,2023,away,false,20,6,11,9,6,8,35,79,1.58
150286,78,2022-12-02 19:00:00,2022,home,true,7,3,5,2,1,3,35,77,0.65
257009,19,2024-11-07 00:00:00,2024,away,false,10,2,5,5,3,4,47,84,0.75
124247,73,2020-10-05 16:45:00,2020,away,false,25,6,9,16,4,9,,,1.6
189299,2,2021-10-19 18:45:00,2021,away,false,12,5,8,4,1,4,40,65,1.06
284405,30,2025-02-23 15:00:00,2025,home,true,11,5,7,4,6,5,30,76,1.59
258581,20,2015-05-10 00:30:00,2015,home,true,11,7,8,3,0,2,,,1.03
218724,9,2023-02-04 16:00:00,2023,home,true,22,5,12,10,7,6,61,89,1.73
93999,57,2022-06-04 19:30:00,2022,home,true,14,2,7,7,4,7,65,84,1.05
238705,14,2022-11-04 20:15:00,2022,home,true,19,6,6,13,4,4,54,85,1.15
58943,24,2023-07-30 12:00:00,2023,home,true,8,3,5,3,2,4,36,67,0.68
111594,54,2024-05-04 16:00:00,2024,home,true,26,10,13,13,6,9,69,85,1.95
96370,28,2021-03-19 22:00:00,2021,away,false,8,1,3,5,2,5,52,78,0.52
285297,31,2018-11-03 11:35:00,2018,away,false,13,6,9,4,4,5,,,1.82
267718,23,2019-09-29 18:00:00,2019,away,false,10,2,8,2,2,3,,,0.99
286135,31,2022-11-26 09:30:00,2022,home,true,24,7,18,6,6,6,61,88,2.28
231540,12,2025-04-12 11:00:00,2025,home,true,8,1,5,3,0,6,49,83,0.68
138462,22,2020-09-13 02:00:00,2020,away,false,10,3,6,4,2,2,,,0.83
605434,110,2026-01-31 11:00:00,2026,away,false,10,2,6,4,4,0,41,76,1.48
222145,10,2019-09-20 18:00:00,2019,away,false,9,1,7,2,4,3,,,0.88
190586,2,2025-01-18 15:00:00,2025,home,true,17,7,12,5,4,4,55,83,1.56
101341573,100000549,2025-06-14 13:00:00,2025,home,true,18,6,11,7,3,6,46,74,3.05
210677,7,2023-04-30 13:00:00,2023,away,false,5,2,4,1,0,0,27,70,0.49
283625,30,2020-03-01 17:00:00,2020,home,true,17,7,11,6,4,5,,,1.48
126649,38,2022-06-19 10:30:00,2022,away,false,5,1,3,2,2,7,62,81,0.42
223775,10,2025-04-07 18:45:00,2025,away,false,7,3,4,3,3,4,54,83,0.57
186727,2,2017-02-18 15:00:00,2017,away,false,7,4,4,3,0,1,,,0.57
266166,22,2018-12-09 01:00:00,2018,away,false,10,1,5,5,6,5,,,0.75
155782,84,2021-09-05 18:45:00,2021,away,false,4,2,2,2,1,3,41,75,0.3
151488,80,2024-10-15 18:45:00,2024,home,true,12,4,9,3,2,7,43,77,1.14
371700,8,2026-04-06 15:15:00,2026,away,false,10,0,8,2,3,4,56,87,0.68
375566,37,2026-02-13 17:30:00,2026,home,true,15,4,7,8,4,7,63,89,1.08
161947,96,2020-09-22 18:30:00,2020,away,false,5,4,4,1,0,1,,,0.49
225259,11,2016-09-24 13:30:00,2016,home,true,9,5,7,2,1,6,,,0.88
21729,11,2024-04-28 17:30:00,2024,away,false,17,5,11,6,5,8,54,78,1.48
29004,16,2023-09-18 17:00:00,2023,home,true,14,9,7,7,1,5,51,84,1.05
295845,36,2025-09-20 16:00:00,2025,away,false,12,4,4,8,3,2,37,72,0.74
87197,32,2024-04-25 13:45:00,2024,away,false,14,3,11,3,2,7,61,79,1.37
254700,19,2018-05-21 23:00:00,2018,away,false,10,2,4,6,3,2,,,0.67
217683,9,2020-02-01 19:00:00,2020,away,false,12,1,8,4,4,4,,,1.06
374231,25,2026-03-01 16:00:00,2026,home,true,9,5,7,2,2,3,43,79,0.88
186326,2,2016-04-23 14:00:00,2016,home,true,22,6,8,14,10,5,,,1.41
188387,2,2020-02-01 15:00:00,2020,home,true,8,4,6,2,2,6,,,0.76
221155,10,2017-02-07 20:00:00,2017,away,false,7,3,4,3,1,3,,,0.57
218129,9,2021-08-08 15:00:00,2021,away,false,17,6,9,8,4,5,62,81,1.32
296943,37,2026-02-03 15:40:00,2026,away,false,14,3,10,4,4,5,53,87,1.29
183728,1,2019-08-19 19:00:00,2019,away,false,9,2,5,4,3,6,,,0.72
275155,26,2025-10-25 18:30:00,2025,home,true,11,5,6,5,2,3,35,77,0.87
221955,10,2019-03-01 19:00:00,2019,away,false,8,5,4,4,1,4,,,0.6
237840,14,2020-01-26 17:30:00,2020,away,false,17,6,16,1,5,7,,,1.88
355045,89,2025-09-16 19:00:00,2025,home,true,19,7,11,8,6,4,52,89,1.55
93537,57,2023-04-21 22:00:00,2023,home,true,14,3,10,4,6,11,42,69,1.94
222089,10,2019-08-02 18:00:00,2019,home,true,7,0,5,2,4,3,,,0.65
202430,5,2025-11-29 20:00:00,2025,home,true,14,8,10,4,1,7,52,89,1.29
7736,4,2024-03-29 15:00:00,2024,home,true,17,7,13,4,4,8,57,75,1.64
223100,10,2022-05-07 17:00:00,2022,away,false,10,3,8,2,2,7,40,71,0.99
187574,2,2018-09-19 19:00:00,2018,away,false,11,5,6,5,2,7,,,0.87
130633,62,2021-01-23 06:05:00,2021,home,true,14,6,12,2,2,8,53,80,1.45
145903,36,2025-03-02 12:00:00,2025,home,true,12,2,5,7,1,6,59,80,0.82
4863,3,2023-11-25 15:00:00,2023,away,false,13,3,9,4,6,1,52,76,1.18
296953,37,2026-02-05 17:30:00,2026,away,false,7,1,2,5,3,2,47,79,0.41
295869,36,2025-10-18 16:00:00,2025,away,false,8,1,2,6,1,2,31,59,0.44
355035,89,2025-08-20 19:00:00,2025,away,false,8,0,4,4,3,3,25,63,0.6
185127,1,2023-04-01 14:00:00,2023,home,true,17,7,14,3,3,4,28,69,1.72
154321,83,2024-01-28 11:30:00,2024,away,false,5,1,3,2,0,1,49,82,0.42
244822,16,2017-11-19 11:00:00,2017,home,true,12,5,9,3,4,8,,,1.14
254122,19,2016-09-11 21:30:00,2016,away,false,7,2,6,1,1,5,,,0.73
214490,8,2025-03-29 14:00:00,2025,away,false,12,2,5,7,5,4,62,90,0.82
191156,2,2026-01-21 19:45:00,2026,away,false,10,2,5,5,5,7,44,77,0.75
274497,26,2021-08-08 12:15:00,2021,home,true,12,5,7,5,2,7,42,67,0.98
274998,26,2025-02-04 19:30:00,2025,away,false,17,11,13,4,2,8,44,77,2.28
372459,15,2026-02-21 19:45:00,2026,away,false,4,2,3,1,1,1,38,67,0.38
27677,15,2024-01-31 20:00:00,2024,away,false,8,2,6,2,2,2,48,74,0.76
130279,62,2024-04-28 05:00:00,2024,home,true,34,22,21,13,3,6,66,83,3.52
206362,6,2025-09-21 14:15:00,2025,home,true,19,8,12,7,3,2,36,69,1.63
145824,36,2024-11-10 14:30:00,2024,away,false,18,7,12,6,4,4,50,83,1.59
268328,23,2022-05-28 14:00:00,2022,away,false,9,2,7,2,3,9,63,83,1.52
370618,2,2026-03-10 19:45:00,2026,home,true,10,2,5,5,4,8,63,80,0.75
98214,46,2022-10-17 01:15:00,2022,home,true,18,4,9,9,5,5,59,83,1.35
183092,1,2017-12-09 17:30:00,2017,home,true,10,4,5,5,2,6,,,0.75
255201,19,2019-08-31 20:00:00,2019,home,true,15,7,8,7,4,8,,,1.17
284044,30,2022-04-01 17:00:00,2022,home,true,11,4,6,5,3,6,52,81,0.87
326504,60,2025-11-29 16:00:00,2025,away,false,10,0,6,4,4,5,43,74,0.83
604443,107,2025-04-10 14:00:00,2025,home,true,15,5,9,6,4,4,50,82,1.25
214711,8,2025-11-29 14:00:00,2025,home,true,14,6,7,7,4,4,48,81,1.05
207955,7,2016-02-21 14:00:00,2016,home,true,11,4,10,1,3,5,,,1.19
242305,15,2022-05-01 16:30:00,2022,away,false,5,1,3,2,1,3,55,83,0.42
349413,78,2018-06-15 18:00:00,2018,home,true,9,3,3,6,3,4,,,1.2
67869,27,2023-08-11 18:30:00,2023,away,false,0,0,0,0,0,0,,,0.0
17978,9,2023-09-24 15:05:00,2023,home,true,13,4,8,5,5,3,37,66,1.09
376096,43,2026-04-18 14:00:00,2026,home,true,12,2,6,6,3,7,56,87,1.69
126855,38,2021-04-25 05:00:00,2021,home,true,9,3,5,4,1,2,38,78,0.72
97999,46,2022-05-08 19:00:00,2022,home,true,11,3,4,7,5,5,52,77,0.71
246063,16,2021-08-23 16:15:00,2021,home,true,14,6,7,7,3,4,53,85,1.7
208618,7,2017-12-03 14:00:00,2017,home,true,24,9,17,7,4,13,,,2.2
233825,13,2019-02-09 17:30:00,2019,away,false,14,6,7,7,2,9,,,1.05
203410,6,2018-05-20 16:00:00,2018,away,false,19,5,11,8,6,10,,,1.55
296627,37,2019-12-19 13:35:00,2019,away,false,16,7,14,2,2,10,,,1.68
4934,3,2023-12-29 19:00:00,2023,home,true,19,3,12,7,7,6,56,84,2.27
274463,26,2021-05-09 14:00:00,2021,away,false,11,4,4,7,1,4,37,70,0.71
140157,20,2021-07-05 01:00:00,2021,away,false,7,1,5,2,2,0,50,85,0.65
280937,29,2021-05-24 16:30:00,2021,away,false,7,2,5,2,0,0,57,83,0.65
231345,12,2024-09-29 11:30:00,2024,away,false,10,4,5,5,2,4,48,81,0.75
371739,8,2026-04-25 10:30:00,2026,away,false,12,4,8,4,2,2,36,68,2.06
95569,28,2023-04-13 00:30:00,2023,home,true,16,3,12,4,10,2,53,72,1.52
235359,13,2025-02-09 13:30:00,2025,home,true,20,9,14,6,6,7,52,80,1.82
262871,21,2018-04-21 04:00:00,2018,home,true,17,3,10,7,5,5,,,1.4
246259,16,2022-01-18 17:00:00,2022,away,false,15,5,8,7,3,7,44,85,1.17
225718,11,2018-01-20 14:30:00,2018,away,false,12,3,8,4,3,6,,,1.06
370801,3,2026-03-08 12:00:00,2026,home,true,12,4,8,4,3,9,55,61,1.06
378401,66,2026-02-27 13:15:00,2026,away,false,16,3,8,8,3,4,69,86,1.2
232824,13,2015-11-22 15:45:00,2015,home,true,11,6,9,2,1,5,,,1.75
231593,12,2025-08-02 11:00:00,2025,home,true,9,3,4,5,4,3,47,76,0.64
124193,73,2020-08-29 14:30:00,2020,home,true,9,2,4,5,5,4,,,0.64
268225,23,2021-11-07 16:00:00,2021,away,false,16,8,14,2,1,1,46,74,1.68
138526,22,2020-11-08 18:00:00,2020,away,false,9,2,5,4,2,5,,,0.72
281450,29,2023-06-10 13:00:00,2023,away,false,13,6,6,7,5,6,56,84,0.94
239053,14,2024-12-19 17:00:00,2024,home,true,5,1,0,5,4,4,33,73,0.18
183880,1,2019-12-21 15:00:00,2019,home,true,19,6,9,10,6,7,,,1.39
285313,31,2018-11-11 07:00:00,2018,away,false,18,4,13,5,4,5,,,1.67
186181,2,2016-02-20 15:00:00,2016,away,false,10,4,5,5,2,4,,,0.75
281105,29,2021-11-29 18:00:00,2021,away,false,11,3,6,5,4,5,47,79,0.87
213826,8,2022-09-10 12:00:00,2022,away,false,12,4,6,6,2,3,45,65,0.9
255708,19,2021-01-17 19:00:00,2021,away,false,9,2,4,5,3,3,60,90,0.64
329284,62,2019-01-27 07:00:00,2019,home,true,19,11,15,4,3,11,,,1.87
603903,107,2025-12-14 16:00:00,2025,home,true,14,4,4,10,5,6,50,83,0.81
264850,21,2024-08-25 10:00:00,2024,away,false,7,2,5,2,2,4,34,69,0.65
200292,5,2019-04-02 18:30:00,2019,away,false,13,3,11,2,6,4,,,1.34
223818,10,2025-05-10 15:00:00,2025,away,false,13,8,8,5,0,5,53,88,1.09
222456,10,2020-11-21 18:00:00,2020,away,false,9,3,7,2,1,5,38,73,0.88
80474,30,2023-11-12 17:00:00,2023,home,true,17,6,13,4,3,5,60,83,1.64
253923,19,2016-05-29 19:00:00,2016,away,false,8,3,4,4,2,2,,,0.6
126074,37,2021-05-23 18:00:00,2021,home,true,19,5,9,10,5,5,41,86,1.39
269398,24,2017-09-09 11:00:00,2017,home,true,27,9,15,12,5,4,,,2.15
257181,19,2025-06-01 00:00:00,2025,home,true,20,4,15,5,8,7,67,92,1.9
210249,7,2022-03-06 14:00:00,2022,home,true,8,2,7,1,2,4,51,78,0.84
186355,2,2016-05-07 11:30:00,2016,home,true,14,6,8,6,4,5,,,1.13
233682,13,2018-09-15 18:45:00,2018,away,false,8,2,5,3,2,2,,,0.68
238690,14,2022-10-22 17:00:00,2022,home,true,4,2,3,1,2,5,52,83,0.38
217566,9,2019-11-03 20:00:00,2019,away,false,11,2,6,5,1,1,,,0.87
200495,5,2019-11-02 17:30:00,2019,home,true,11,4,4,7,3,6,,,0.71
226212,11,2019-10-05 13:30:00,2019,home,true,11,8,8,3,1,4,,,1.03
208317,7,2017-02-05 14:00:00,2017,away,false,4,0,1,3,3,4,,,0.22
205621,6,2023-02-13 20:00:00,2023,away,false,12,5,6,6,3,3,55,83,0.9
279139,28,2025-01-29 22:15:00,2025,home,true,10,2,6,4,2,8,55,83,0.83
308978,46,2025-09-21 19:00:00,2025,away,false,8,5,5,3,3,3,59,77,1.33
317730,53,2025-08-17 21:30:00,2025,home,true,9,2,6,3,4,10,44,68,0.8
272162,25,2017-11-04 15:00:00,2017,away,false,5,1,1,4,2,5,,,0.26
231420,12,2024-12-13 17:30:00,2024,away,false,13,3,10,3,6,2,38,77,1.26
209197,7,2019-05-13 19:00:00,2019,away,false,5,0,1,4,1,0,,,0.26
184892,1,2022-08-30 19:00:00,2022,home,true,14,5,10,4,1,10,69,83,1.29
350623,85,2025-06-10 23:00:00,2025,away,false,10,1,3,7,6,1,41,79,0.59
93019,37,2024-02-23 14:00:00,2024,away,false,9,3,5,4,2,3,39,86,0.72
217222,9,2018-11-30 19:45:00,2018,away,false,7,1,2,5,1,1,,,0.41
295099,35,2025-08-23 17:00:00,2025,home,true,22,3,12,10,7,12,73,87,1.73
264958,21,2025-02-15 06:00:00,2025,home,true,18,8,11,7,2,6,58,82,1.51
204954,6,2021-10-10 16:15:00,2021,away,false,4,0,3,1,1,6,42,75,0.38
186710,2,2017-02-11 15:00:00,2017,away,false,16,1,9,7,5,3,,,1.28
132712,40,2024-04-17 17:00:00,2024,away,false,7,2,2,5,2,1,44,62,0.41
130891,77,2025-02-01 11:30:00,2025,away,false,16,3,11,5,5,8,64,79,1.44
330804,63,2025-10-18 12:00:00,2025,away,false,12,4,3,9,2,3,40,74,0.66
221509,10,2017-12-15 19:00:00,2017,home,true,8,2,3,5,2,8,,,0.52
42565,20,2023-07-12 23:30:00,2023,home,true,16,6,8,8,5,5,46,86,1.2
331865,64,2018-09-25 22:30:00,2018,away,false,11,4,6,5,2,4,,,0.87
130821,77,2024-11-09 11:30:00,2024,home,true,13,4,10,3,4,3,28,68,1.26
97150,46,2024-07-16 01:15:00,2024,away,false,10,5,5,5,2,1,55,71,0.75
98082,46,2022-08-02 01:05:00,2022,away,false,15,3,10,5,4,10,36,78,1.33
270354,24,2021-10-02 13:30:00,2021,away,false,9,4,9,0,4,4,39,70,1.04
235091,13,2023-04-21 18:00:00,2023,away,false,9,2,7,2,2,5,52,82,0.88
243081,15,2025-10-25 16:15:00,2025,home,true,14,5,10,4,3,6,56,84,1.29
208643,7,2018-01-21 11:30:00,2018,home,true,9,3,4,5,4,8,,,0.64
230684,12,2021-08-13 16:30:00,2021,home,true,14,3,11,3,2,3,65,79,1.37
279564,28,2025-10-19 21:00:00,2025,away,false,9,3,7,2,3,7,67,79,0.88
202916,6,2017-04-23 14:00:00,2017,home,true,20,7,9,11,4,10,,,1.42
604783,107,2024-04-28 13:00:00,2024,home,true,11,6,7,4,1,3,34,72,0.95
272390,25,2019-03-31 15:00:00,2019,home,true,20,10,16,4,5,4,,,1.98
332082,64,2019-05-19 21:00:00,2019,home,true,13,5,8,5,3,2,,,1.09
272755,25,2021-02-13 16:00:00,2021,home,true,1,0,0,1,1,0,30,55,0.04
270569,24,2022-08-20 14:30:00,2022,home,true,11,1,8,3,2,5,32,63,1.03
12060,6,2024-01-20 15:15:00,2024,home,true,10,1,6,4,6,7,57,74,0.83
373166,20,2026-04-11 18:30:00,2026,away,false,15,6,10,5,2,4,50,72,1.07
101629,53,2024-06-02 00:00:00,2024,away,false,14,4,9,5,2,6,57,79,1.21
237241,14,2018-01-29 19:00:00,2018,away,false,8,2,1,7,4,3,,,1.01
219279,9,2025-09-28 15:15:00,2025,home,true,14,3,9,5,7,3,54,85,1.21
605882,110,2023-12-24 10:30:00,2023,away,false,10,1,5,5,4,3,51,86,0.75
266870,23,2016-04-21 17:00:00,2016,home,true,18,4,10,8,7,5,,,1.43
187945,2,2019-03-30 15:00:00,2019,away,false,3,1,2,1,0,2,,,0.27
150522,90,2020-10-22 16:55:00,2020,away,false,18,7,11,7,6,9,,,1.51
599646,92,2026-04-08 22:00:00,2026,home,true,16,8,13,3,5,11,68,79,1.85
195931,4,2021-12-07 19:45:00,2021,home,true,8,6,7,1,1,3,38,69,0.84
279278,28,2025-03-29 21:45:00,2025,away,false,11,2,8,3,3,2,39,84,1.03
366383,97,2026-01-15 20:00:00,2026,away,false,6,3,3,3,1,1,51,83,0.45
7441,4,2023-10-24 18:45:00,2023,away,false,10,3,8,2,4,2,32,64,0.99
237930,14,2020-06-22 20:00:00,2020,away,false,11,5,4,7,2,6,,,0.71
98031,46,2022-06-08 23:15:00,2022,home,true,15,4,4,11,2,7,70,84,0.84
370481,1,2026-04-13 19:00:00,2026,home,true,20,9,15,5,6,11,53,85,1.27
231317,12,2024-08-31 18:30:00,2024,away,false,17,6,11,6,9,7,64,85,1.48
350810,86,2025-06-04 23:00:00,2025,home,true,21,10,13,8,3,9,67,85,2.42
196984,4,2024-11-09 15:00:00,2024,home,true,9,2,8,1,4,5,42,69,0.96
231380,12,2024-11-01 17:30:00,2024,away,false,10,2,7,3,6,3,48,78,0.91
201244,5,2021-10-27 19:30:00,2021,home,true,17,3,7,10,3,11,75,90,1.16
237734,14,2019-09-21 19:30:00,2019,away,false,21,2,12,9,10,5,,,1.7
603902,107,2025-12-14 13:00:00,2025,away,false,10,2,8,2,3,3,36,72,0.99
122883,73,2025-01-17 19:00:00,2025,away,false,11,3,8,3,4,7,53,80,1.03
605566,110,2024-08-31 13:00:00,2024,home,true,9,3,2,7,3,6,39,70,0.48
205530,6,2022-12-06 20:00:00,2022,away,false,10,4,3,7,0,4,59,84,0.59
145789,36,2024-10-05 17:00:00,2024,away,false,13,9,11,2,1,7,52,81,1.34
231336,12,2024-09-21 11:00:00,2024,home,true,19,9,15,4,3,8,38,72,1.87
225497,11,2017-05-05 18:30:00,2017,home,true,15,9,12,3,1,5,,,1.49
187761,2,2018-12-26 15:00:00,2018,away,false,8,2,4,4,2,2,,,1.25
273053,25,2022-07-24 15:00:00,2022,home,true,9,6,6,3,2,2,44,63,0.8
376450,46,2026-04-22 23:20:00,2026,away,false,3,2,2,1,1,3,31,76,0.41
186158,2,2016-02-06 15:00:00,2016,away,false,10,2,6,4,4,5,,,0.83
226351,11,2020-02-16 14:30:00,2020,away,false,24,8,15,9,1,6,,,2.04
357173,93,2025-05-08 22:00:00,2025,home,true,11,3,3,8,3,5,37,72,0.62
132669,40,2024-02-20 17:00:00,2024,home,true,11,3,9,2,3,6,56,84,1.11
259889,20,2018-08-30 02:30:00,2018,away,false,15,4,9,6,5,5,,,1.25
239325,14,2025-11-02 20:30:00,2025,home,true,9,4,3,6,3,2,31,71,0.56
18144,9,2024-03-09 16:00:00,2024,home,true,9,0,3,6,2,4,48,86,0.56
156386,85,2021-09-02 20:00:00,2021,away,false,11,4,6,5,3,2,43,78,0.87
245063,16,2018-09-23 13:00:00,2018,away,false,8,3,6,2,2,0,,,0.76
371110,4,2026-04-25 14:00:00,2026,home,true,6,3,5,1,1,4,48,59,0.8
140117,20,2021-06-20 01:00:00,2021,away,false,11,7,9,2,2,4,41,80,1.11
2321,2,2024-03-05 19:45:00,2024,away,false,7,1,6,1,2,5,47,81,0.73
96632,28,2021-09-25 00:15:00,2021,home,true,12,3,7,5,2,3,55,74,0.98
260629,20,2025-05-24 23:30:00,2025,home,true,16,10,14,2,1,7,34,84,1.68
323015,57,2025-06-02 22:00:00,2025,home,true,18,6,10,8,3,9,44,78,2.08
264339,21,2022-09-03 10:00:00,2022,away,false,11,3,7,4,5,4,66,84,0.95
605663,110,2025-01-15 12:00:00,2025,away,false,2,1,2,0,0,1,30,75,0.23
307474,46,2017-04-23 22:15:00,2017,away,false,13,8,5,8,2,0,,,0.86
24742,13,2024-03-17 13:30:00,2024,away,false,10,5,5,5,1,4,54,80,0.75
329324,62,2019-04-07 07:00:00,2019,away,false,19,6,12,7,2,3,,,1.63
202204,5,2025-03-30 12:00:00,2025,away,false,9,3,5,4,3,1,45,70,0.72
158224,93,2022-04-07 22:15:00,2022,home,true,12,4,7,5,3,2,44,78,0.98
317219,53,2018-04-13 23:00:00,2018,away,false,12,5,10,2,1,4,,,1.22
265318,21,2025-11-30 05:00:00,2025,away,false,14,5,9,5,3,6,62,80,1.21
205347,6,2022-08-26 20:00:00,2022,away,false,12,4,5,7,3,6,54,83,0.82
230298,12,2020-05-26 16:30:00,2020,home,true,7,2,5,2,2,3,,,0.65
117113,37,2024-12-07 17:00:00,2024,away,false,3,3,2,1,0,1,26,66,0.27
243038,15,2025-08-31 17:15:00,2025,away,false,8,3,7,1,2,4,53,84,1.49
199915,5,2018-03-17 17:30:00,2018,away,false,9,5,6,3,2,1,,,0.8
246644,16,2023-03-11 13:00:00,2023,home,true,20,10,17,3,3,7,44,74,2.06
97911,46,2022-03-06 21:05:00,2022,home,true,12,4,7,5,1,3,49,84,0.98
128351,42,2024-04-28 15:30:00,2024,away,false,5,1,3,2,1,10,70,85,0.42
182624,1,2016-09-17 14:00:00,2016,away,false,24,9,16,8,9,4,,,2.12
203315,6,2018-03-17 15:00:00,2018,away,false,9,3,5,4,3,3,,,0.72
97636,46,2023-08-10 23:00:00,2023,home,true,15,4,13,2,4,9,56,83,2.21
23271,12,2024-05-11 11:00:00,2024,home,true,17,4,13,4,4,2,44,84,2.28
196558,4,2023-01-31 19:45:00,2023,home,true,12,9,8,4,2,5,45,56,1.71
185818,1,2026-01-06 20:00:00,2026,home,true,14,3,11,3,5,6,47,77,1.37
199764,5,2017-12-17 11:00:00,2017,home,true,9,2,2,7,4,1,,,0.48
223470,10,2023-05-13 17:00:00,2023,away,false,9,3,4,5,1,3,53,82,0.64
219239,9,2025-08-17 18:45:00,2025,away,false,18,4,12,6,7,7,71,91,1.59
272626,25,2020-06-20 15:00:00,2020,home,true,10,3,9,1,2,3,,,1.72
101517,53,2024-02-18 23:30:00,2024,away,false,10,4,7,3,3,5,55,78,0.91
372779,19,2026-03-22 19:00:00,2026,home,true,6,4,4,2,2,7,53,85,0.53
42588,20,2023-07-16 02:30:00,2023,away,false,12,6,2,10,4,7,48,87,0.58
213866,8,2022-10-15 12:00:00,2022,away,false,9,7,5,4,0,5,41,66,0.72
254638,19,2017-11-15 19:00:00,2017,home,true,8,5,4,4,2,5,,,0.6
257062,19,2024-12-05 23:00:00,2024,home,true,24,6,11,13,6,10,58,88,1.72
204913,6,2021-09-18 14:00:00,2021,home,true,10,4,5,5,2,5,62,79,0.75
24540,13,2023-09-03 12:30:00,2023,away,false,12,4,4,8,4,7,66,85,0.74
233910,13,2019-04-14 10:15:00,2019,home,true,26,10,20,6,5,9,,,3.16
143008,75,2024-10-12 23:00:00,2024,away,false,15,5,7,8,5,5,48,79,1.08
217009,9,2018-04-01 15:00:00,2018,home,true,20,4,13,7,7,6,,,1.74
242883,15,2025-02-15 15:00:00,2025,away,false,19,8,13,6,6,8,44,76,1.71
214669,8,2025-10-28 19:30:00,2025,home,true,8,2,4,4,2,1,30,69,0.6
605664,110,2025-01-16 11:00:00,2025,home,true,17,4,7,10,5,5,44,80,1.16
255132,19,2019-07-14 19:00:00,2019,away,false,8,1,3,5,2,3,,,0.52
125539,37,2023-04-04 19:00:00,2023,away,false,13,9,9,4,1,1,53,86,1.82
246208,16,2021-12-18 16:00:00,2021,home,true,18,4,10,8,6,5,58,86,1.43
216577,9,2017-03-05 14:00:00,2017,away,false,15,7,12,3,1,8,,,1.49
308773,46,2025-04-16 21:10:00,2025,away,false,17,3,9,8,5,4,43,78,1.32
306740,45,2025-06-22 00:00:00,2025,away,false,15,4,12,3,2,10,61,81,1.49
189838,2,2022-10-04 19:00:00,2022,away,false,5,2,3,2,0,0,54,80,0.42
101581,53,2024-04-20 00:30:00,2024,home,true,14,3,10,4,6,6,52,70,1.29
279647,28,2026-01-27 23:00:00,2026,home,true,9,2,8,1,3,2,60,79,0.96
308145,46,2018-10-28 23:00:00,2018,away,false,19,5,8,11,4,4,,,1.31
249224,17,2021-01-30 15:00:00,2021,away,false,12,5,10,2,5,5,39,59,1.22
210237,7,2022-02-26 17:05:00,2022,home,true,11,2,9,2,3,7,53,82,1.11
200149,5,2018-12-17 20:00:00,2018,home,true,11,2,7,4,2,5,,,0.95
204290,6,2020-06-21 15:00:00,2020,away,false,15,9,6,9,3,5,,,1.01
233387,13,2017-09-17 14:45:00,2017,home,true,17,4,8,9,3,5,,,1.24
283615,30,2020-02-19 17:30:00,2020,home,true,20,12,16,4,5,1,,,2.62
192871,3,2022-10-08 14:00:00,2022,away,false,6,3,6,0,2,2,41,67,0.69
95166,28,2024-08-04 23:00:00,2024,away,false,14,7,5,9,2,0,51,79,0.89
255799,19,2021-05-30 19:00:00,2021,away,false,12,4,4,8,2,4,39,82,0.74
14462,7,2024-04-28 16:00:00,2024,away,false,11,2,8,3,3,1,41,70,1.03
221673,10,2018-05-11 18:45:00,2018,away,false,9,3,4,5,0,6,,,0.64
230011,12,2019-04-20 11:00:00,2019,away,false,12,6,7,5,1,3,,,1.62
150490,79,2024-06-24 19:00:00,2024,home,true,6,4,4,2,2,2,47,88,0.53
189793,2,2022-09-05 19:00:00,2022,away,false,8,2,4,4,1,6,61,80,0.6
266577,22,2020-02-22 03:00:00,2020,away,false,13,3,9,4,3,6,,,1.18
375956,40,2026-02-28 19:30:00,2026,away,false,4,2,3,1,1,0,35,71,0.38
217956,9,2021-01-31 14:00:00,2021,away,false,8,4,3,5,0,8,61,87,1.17
605619,110,2024-11-03 11:00:00,2024,away,false,18,5,11,7,4,6,37,73,1.51
247118,16,2025-05-30 17:00:00,2025,home,true,20,9,15,5,3,4,59,86,2.54
140240,20,2021-08-08 01:00:00,2021,away,false,6,0,3,3,2,3,47,83,0.45
189983,2,2022-12-26 15:00:00,2022,away,false,16,6,11,5,4,8,33,59,1.44
244341,16,2016-04-09 17:00:00,2016,home,true,6,3,5,1,0,2,,,0.61
371408,6,2026-04-24 18:30:00,2026,home,true,25,5,16,9,8,10,61,88,1.97
604364,107,2025-02-17 17:00:00,2025,away,false,4,3,2,2,0,0,55,81,0.3
230268,12,2020-03-07 12:00:00,2020,home,true,18,7,11,7,4,5,,,1.51
243042,15,2025-09-13 18:45:00,2025,home,true,13,4,9,4,1,5,31,68,1.18
223027,10,2022-03-15 18:00:00,2022,away,false,10,1,4,6,6,4,42,80,0.67
280466,29,2019-05-20 17:00:00,2019,away,false,16,5,8,8,1,0,,,1.2
269645,24,2018-10-21 11:00:00,2018,away,false,11,2,9,2,4,3,,,1.11
244911,16,2018-03-05 17:00:00,2018,away,false,11,4,7,4,2,2,,,0.95
193852,3,2025-05-03 14:00:00,2025,away,false,11,3,5,6,3,4,56,82,0.79
117280,37,2025-05-15 18:00:00,2025,away,false,15,6,13,2,3,8,65,89,1.57
242683,15,2024-07-28 14:00:00,2024,away,false,8,2,6,2,1,4,65,82,0.76
193664,3,2025-02-18 19:45:00,2025,home,true,11,0,5,6,6,3,66,84,0.79
296089,37,2017-03-14 16:35:00,2017,away,false,11,4,8,3,2,8,,,1.67
276998,27,2025-04-19 10:15:00,2025,away,false,12,4,5,7,3,7,45,73,0.82
105610,64,2020-11-04 00:00:00,2020,home,true,13,3,4,9,3,6,,,0.78
205253,6,2022-04-23 14:15:00,2022,away,false,17,8,10,7,3,4,60,78,1.4
267999,23,2020-12-13 17:00:00,2020,away,false,9,5,8,1,2,6,57,77,0.96
260727,20,2025-07-09 23:30:00,2025,home,true,16,6,6,10,3,5,44,87,1.04
370950,4,2026-02-17 19:45:00,2026,home,true,7,6,5,2,1,2,40,63,0.65
19813,10,2023-12-05 19:45:00,2023,home,true,7,1,6,1,3,3,53,84,0.73
262637,21,2017-06-04 06:00:00,2017,away,false,12,5,5,7,5,7,,,0.82
259055,20,2016-07-31 18:00:00,2016,home,true,11,6,10,1,0,5,,,1.19
255239,19,2019-09-27 00:30:00,2019,home,true,20,9,15,5,2,11,,,1.9
19681,10,2023-08-21 18:45:00,2023,away,false,15,4,10,5,5,4,67,87,1.33
102563,53,2020-03-05 23:30:00,2020,home,true,20,8,16,4,2,3,,,2.62
269004,23,2025-09-13 16:00:00,2025,away,false,9,4,4,5,1,4,37,70,0.64
225952,11,2018-11-24 17:30:00,2018,home,true,20,10,12,8,3,7,,,1.66
225085,11,2016-01-23 14:30:00,2016,home,true,15,4,11,4,3,8,,,2.05
191801,3,2020-12-05 15:00:00,2020,away,false,7,2,3,4,1,5,50,74,0.49
209281,7,2019-09-29 13:00:00,2019,away,false,12,3,8,4,3,5,,,1.06
317832,53,2026-02-02 21:00:00,2026,away,false,7,2,5,2,1,2,49,72,0.65
633389,15,2026-05-15 18:45:00,2026,away,false,14,4,9,5,3,11,65,88,1.02
370469,1,2026-03-14 17:30:00,2026,away,false,9,3,5,4,4,3,35,74,0.72
218815,9,2023-04-16 13:00:00,2023,away,false,8,1,3,5,4,0,57,79,0.52
267901,23,2020-08-30 16:00:00,2020,away,false,9,4,7,2,3,1,,,0.88
161424,96,2024-08-13 18:45:00,2024,away,false,13,7,9,4,2,5,35,56,1.18
230295,12,2020-05-27 16:30:00,2020,away,false,10,3,6,4,0,3,,,0.83
264612,21,2024-03-30 05:00:00,2024,home,true,12,2,6,6,5,4,65,85,0.9
260440,20,2025-03-02 00:30:00,2025,away,false,7,2,6,1,3,2,47,77,0.73
7764,4,2024-04-06 14:00:00,2024,away,false,14,4,8,6,5,6,71,82,1.13
235437,13,2025-04-19 18:00:00,2025,home,true,14,2,10,4,3,4,54,79,1.29
16342,8,2024-04-06 12:00:00,2024,away,false,26,10,18,8,4,4,62,83,2.35
47557,21,2023-10-21 05:00:00,2023,away,false,9,3,4,5,1,4,40,76,0.64
227031,11,2022-04-10 13:30:00,2022,home,true,12,2,9,3,3,2,41,73,1.14
95892,28,2022-05-01 00:30:00,2022,home,true,14,3,8,6,2,6,59,85,1.13
329372,62,2019-11-22 09:06:00,2019,away,false,15,7,11,4,3,4,,,2.05
190712,2,2025-03-12 19:45:00,2025,home,true,14,2,10,4,5,4,55,76,1.29
227601,11,2025-01-31 19:30:00,2025,home,true,12,5,11,1,1,3,37,68,1.3
96603,28,2021-09-05 16:30:00,2021,home,true,7,4,2,5,1,7,35,55,0.41
349771,81,2019-06-23 19:00:00,2019,away,false,19,8,14,5,4,5,,,1.79
308033,46,2018-08-18 23:00:00,2018,away,false,11,4,5,6,3,4,,,0.79
259222,20,2017-03-12 21:00:00,2017,home,true,18,7,12,6,6,6,,,2.24
187947,2,2019-04-06 14:00:00,2019,home,true,12,3,7,5,4,5,,,0.98
281653,29,2024-09-25 17:00:00,2024,away,false,7,2,3,4,1,6,46,81,0.49
233261,13,2017-04-05 18:45:00,2017,home,true,20,9,10,10,5,9,,,2.15
242295,15,2022-04-09 16:30:00,2022,home,true,9,1,6,3,1,5,67,82,0.8
213009,8,2020-07-31 19:00:00,2020,home,true,11,4,5,6,2,4,,,0.79
266963,23,2016-08-14 13:30:00,2016,away,false,14,7,9,5,2,5,,,1.21
375103,30,2026-03-01 16:00:00,2026,home,true,22,9,18,4,6,9,49,86,2.21
260812,20,2025-08-17 21:00:00,2025,home,true,12,4,7,5,1,2,54,82,0.98
104192,64,2024-02-16 01:00:00,2024,home,true,13,5,10,3,1,3,48,85,1.26
97536,46,2023-05-06 23:15:00,2023,away,false,19,6,13,6,3,5,54,77,1.71
231418,12,2024-12-08 12:30:00,2024,away,false,13,3,13,0,3,6,59,72,1.5
140517,20,2020-07-20 00:00:00,2020,home,true,8,2,4,4,2,2,,,0.6
94577,57,2021-10-16 19:00:00,2021,home,true,28,9,13,15,8,13,52,77,2.02
245150,16,2018-12-15 13:00:00,2018,home,true,10,3,7,3,4,3,,,0.91
246073,16,2021-08-29 18:45:00,2021,away,false,13,5,6,7,4,4,54,84,0.94
29044,16,2023-10-22 16:00:00,2023,home,true,16,6,12,4,2,7,55,80,1.52
286338,31,2023-09-30 11:35:00,2023,away,false,7,2,4,3,1,2,45,74,0.57
235365,13,2025-02-15 20:00:00,2025,away,false,17,9,10,7,4,5,29,62,1.4
292668,34,2024-04-12 18:45:00,2024,away,false,13,3,10,3,4,6,35,55,1.26
219271,9,2025-09-19 18:45:00,2025,home,true,16,5,10,6,4,7,67,91,1.36
258750,20,2015-08-30 20:30:00,2015,away,false,20,6,12,8,6,7,,,1.66
245416,16,2019-11-09 14:30:00,2019,home,true,5,3,2,3,1,3,,,0.34
210104,7,2021-11-20 19:45:00,2021,away,false,17,7,13,4,4,6,55,87,1.64
234135,13,2020-01-26 15:45:00,2020,away,false,11,3,5,6,4,6,,,0.79
218895,9,2023-09-23 19:00:00,2023,home,true,27,11,22,5,5,10,57,76,2.71
200247,5,2019-02-23 15:15:00,2019,home,true,13,4,10,3,6,3,,,1.26
249325,17,2021-08-08 14:00:00,2021,away,false,11,3,8,3,1,2,63,79,1.03
201432,5,2022-04-02 16:30:00,2022,away,false,12,6,7,5,2,3,45,88,2.27
213921,8,2022-11-27 14:00:00,2022,away,false,20,5,12,8,5,9,65,76,1.66
605880,110,2023-12-23 12:00:00,2023,away,false,7,4,3,4,2,1,42,78,0.49
357002,93,2019-02-06 23:30:00,2019,home,true,7,2,2,5,2,4,,,0.41
233488,13,2017-12-16 17:30:00,2017,away,false,9,2,6,3,1,2,,,0.8
122721,73,2024-09-13 18:00:00,2024,home,true,13,4,8,5,2,4,56,75,1.09
258772,20,2015-09-19 18:00:00,2015,home,true,12,4,4,8,2,2,,,0.74
230294,12,2020-05-26 16:30:00,2020,home,true,11,3,6,5,1,6,,,0.87
123645,73,2023-01-27 19:00:00,2023,home,true,9,2,7,2,1,5,44,75,0.88
263119,21,2019-03-01 10:00:00,2019,home,true,20,6,10,10,5,7,,,1.5
322912,57,2019-11-30 19:30:00,2019,home,true,18,3,8,10,4,7,,,1.27
197341,4,2025-04-21 14:00:00,2025,home,true,2,1,0,2,1,4,57,71,0.07
603780,107,2025-09-13 16:00:00,2025,home,true,15,3,8,7,4,12,66,79,1.17
281851,29,2025-08-03 12:00:00,2025,away,false,13,6,10,3,3,6,38,77,1.26
186713,2,2017-02-05 15:00:00,2017,away,false,14,5,8,6,2,7,,,1.13
131165,77,2023-02-04 12:00:00,2023,home,true,14,4,9,5,4,5,60,78,1.85
185432,1,2025-01-16 19:30:00,2025,home,true,5,3,3,2,0,1,46,83,0.42
323205,57,2025-09-29 22:30:00,2025,away,false,12,4,7,5,3,3,49,83,0.98
225281,11,2016-10-15 13:30:00,2016,away,false,9,1,6,3,0,3,,,1.44
230994,12,2022-08-06 11:00:00,2022,away,false,14,1,9,5,9,15,51,75,1.21
93130,37,2024-05-23 18:00:00,2024,away,false,17,6,11,6,3,5,67,89,1.48
140140,20,2021-06-27 01:00:00,2021,away,false,11,4,7,4,2,1,38,85,0.95
208129,7,2016-09-25 13:00:00,2016,away,false,12,3,9,3,4,9,,,1.14
256010,19,2021-09-26 21:15:00,2021,away,false,15,7,8,7,3,6,46,82,1.17
120983,70,2024-09-21 14:00:00,2024,away,false,9,1,6,3,5,7,53,79,0.8
308441,46,2019-07-28 00:45:00,2019,home,true,10,3,6,4,5,3,,,1.48
231278,12,2023-05-28 13:30:00,2023,home,true,16,8,10,6,6,7,68,87,2.0
289040,32,2024-12-09 15:30:00,2024,away,false,13,5,10,3,3,5,52,75,1.26
288986,32,2024-10-19 15:15:00,2024,home,true,14,5,7,7,5,4,54,79,1.05
216242,9,2016-03-20 16:00:00,2016,away,false,12,2,5,7,4,5,,,0.82
218878,9,2023-05-27 19:00:00,2023,away,false,16,2,3,13,6,3,39,79,0.8
225156,11,2016-03-11 19:30:00,2016,home,true,16,5,6,10,6,5,,,1.04
279328,28,2025-04-26 18:00:00,2025,away,false,15,3,11,4,4,7,57,83,2.05
204470,6,2020-10-25 20:00:00,2020,home,true,6,0,3,3,4,5,,,0.45
205907,6,2024-10-05 14:15:00,2024,away,false,11,5,6,5,2,5,39,72,0.87
226947,11,2022-01-22 14:30:00,2022,home,true,11,5,5,6,2,4,60,83,0.79
59141,24,2024-05-04 16:30:00,2024,home,true,15,5,11,4,5,5,73,82,1.41
249905,17,2024-12-14 15:00:00,2024,home,true,12,6,8,4,3,2,36,61,1.06
267874,23,2020-08-08 16:00:00,2020,home,true,10,6,10,0,2,8,,,1.15
185304,1,2024-10-19 14:00:00,2024,home,true,21,6,15,6,9,9,60,82,1.94
184504,1,2021-09-12 15:30:00,2021,away,false,30,9,22,8,15,11,56,87,2.81
274570,26,2021-12-19 15:30:00,2021,away,false,15,8,12,3,1,4,42,75,1.49
96094,28,2022-08-13 23:30:00,2022,away,false,13,2,6,7,6,5,39,71,0.94
210392,7,2022-08-30 16:30:00,2022,away,false,11,2,7,4,4,8,62,80,0.95
182641,1,2016-10-02 13:15:00,2016,away,false,12,6,6,6,3,3,,,0.9
37073,19,2023-08-27 19:00:00,2023,away,false,19,6,11,8,9,7,56,81,1.55
184342,1,2021-02-27 12:30:00,2021,away,false,9,3,6,3,2,2,37,81,0.8
273490,25,2025-08-23 15:00:00,2025,away,false,8,0,4,4,4,4,41,81,0.6
95297,28,2024-10-26 20:15:00,2024,away,false,8,3,5,3,2,2,41,73,0.68
96931,28,2021-01-09 22:20:00,2021,home,true,14,10,9,5,1,7,52,80,1.21
193457,3,2024-10-26 14:00:00,2024,home,true,13,5,8,5,4,5,51,63,1.09
7366,4,2023-09-23 14:00:00,2023,home,true,16,7,14,2,4,7,44,81,2.33
77407,29,2023-07-16 13:00:00,2023,home,true,12,4,7,5,3,4,40,85,0.98
127310,41,2025-04-07 16:30:00,2025,home,true,9,2,5,4,2,5,41,79,0.72
145911,36,2025-03-08 12:30:00,2025,home,true,5,3,4,1,1,7,38,60,0.49
210103,7,2021-11-21 14:00:00,2021,away,false,8,6,5,3,0,0,33,80,0.68
153747,82,2024-01-30 17:00:00,2024,home,true,14,4,6,8,2,1,56,82,0.97
202540,6,2016-09-11 14:00:00,2016,away,false,6,2,3,3,0,2,,,0.45
246730,16,2023-05-20 16:00:00,2023,home,true,17,4,8,9,6,12,80,92,1.24
604240,107,2024-11-24 10:30:00,2024,away,false,11,6,7,4,2,3,41,65,0.95
138102,22,2021-09-11 22:00:00,2021,away,false,4,2,3,1,0,2,45,69,0.38
350046,82,2025-12-22 20:00:00,2025,away,false,8,3,4,4,1,3,22,56,0.6
183624,1,2019-03-10 12:00:00,2019,home,true,23,5,13,10,10,7,,,1.85
221590,10,2018-02-23 19:00:00,2018,away,false,23,13,13,10,1,4,,,1.85
280597,29,2019-09-29 15:30:00,2019,home,true,2,0,2,0,0,2,,,0.23
204042,6,2019-10-19 14:00:00,2019,home,true,10,4,9,1,3,5,,,1.72
285833,31,2021-12-12 07:30:00,2021,away,false,7,2,3,4,0,2,36,71,0.49
138363,22,2022-05-12 00:00:00,2022,away,false,7,5,3,4,1,5,59,74,0.49
208696,7,2018-02-04 14:00:00,2018,home,true,12,4,7,5,3,6,,,0.98
161874,96,2021-10-27 18:45:00,2021,away,false,9,4,6,3,4,1,73,88,0.8
122831,73,2024-11-29 19:00:00,2024,home,true,21,8,11,10,6,6,47,70,1.62
21725,11,2024-04-27 13:30:00,2024,away,false,12,5,9,3,3,8,61,88,1.14
378180,64,2026-04-04 18:15:00,2026,away,false,5,2,3,2,1,2,37,71,0.77
182696,1,2016-12-03 15:00:00,2016,away,false,1,0,0,1,1,0,,,0.04
200777,5,2020-09-26 14:00:00,2020,home,true,5,2,3,2,1,4,,,0.42
187151,2,2017-12-02 15:00:00,2017,away,false,3,2,3,0,0,2,,,0.35
137641,22,2025-04-05 03:05:00,2025,away,false,15,4,8,7,4,9,76,88,1.17
222640,10,2021-03-13 19:00:00,2021,away,false,9,7,9,0,0,2,24,64,2.33
322069,57,2017-10-17 21:15:00,2017,away,false,11,1,4,7,3,4,,,0.71
275188,26,2025-11-30 13:00:00,2025,away,false,10,5,10,0,0,3,66,84,1.15
604696,107,2024-02-11 16:00:00,2024,away,false,9,1,3,6,2,2,28,65,0.56
218707,9,2023-01-29 14:00:00,2023,home,true,9,7,7,2,0,4,41,79,0.88
203226,6,2018-01-06 17:00:00,2018,away,false,10,3,6,4,1,2,,,0.83
101848,53,2023-05-10 22:00:00,2023,home,true,8,5,6,2,0,3,37,67,0.76
270762,24,2023-06-03 14:00:00,2023,away,false,6,0,0,6,3,5,37,70,0.21
95715,28,2023-06-30 22:00:00,2023,home,true,8,0,2,6,3,5,52,74,0.44
205385,6,2022-09-18 14:15:00,2022,away,false,11,3,7,4,1,4,51,78,0.95
267561,23,2019-04-14 16:00:00,2019,home,true,21,5,14,7,7,5,,,1.86
123542,73,2022-10-22 18:00:00,2022,away,false,12,7,8,4,3,5,52,77,1.06
263880,21,2021-05-26 10:00:00,2021,away,false,10,2,6,4,4,11,70,84,0.83
209073,7,2019-02-16 17:00:00,2019,home,true,16,3,8,8,2,1,,,1.2
138073,22,2021-08-18 02:00:00,2021,away,false,12,4,5,7,2,8,66,82,0.82
145763,36,2024-08-25 15:00:00,2024,home,true,10,5,9,1,2,3,57,74,1.07
246168,16,2021-11-22 17:00:00,2021,away,false,25,5,17,8,8,12,51,86,2.24
156579,92,2021-05-13 02:00:00,2021,home,true,7,6,7,0,0,3,40,74,0.81
131117,77,2022-11-27 14:00:00,2022,away,false,17,7,10,7,7,6,55,73,1.4
95380,28,2024-11-30 22:30:00,2024,away,false,9,4,5,4,1,2,57,66,0.72
206140,6,2025-02-28 19:30:00,2025,away,false,12,5,6,6,4,6,58,85,0.9
264656,21,2024-04-20 07:00:00,2024,home,true,13,4,6,7,4,11,63,90,0.94
213764,8,2022-05-06 18:30:00,2022,home,true,14,3,9,5,5,5,58,81,1.85
138497,22,2020-10-17 22:06:00,2020,away,false,16,5,6,10,6,7,,,1.69
184111,1,2020-09-28 19:00:00,2020,away,false,4,3,3,1,0,3,,,0.38
201208,5,2021-10-02 19:00:00,2021,away,false,9,2,3,6,3,6,71,89,0.56
155916,84,2021-10-12 18:45:00,2021,away,false,13,9,7,6,1,3,58,76,1.02
208040,7,2016-04-20 18:45:00,2016,home,true,20,6,11,9,5,10,,,2.23
366839,98,2019-08-10 13:30:00,2019,home,true,11,4,8,3,1,5,,,1.03
366908,98,2025-08-16 16:00:00,2025,home,true,8,4,5,3,2,2,34,65,0.68
376168,45,2026-02-22 23:00:00,2026,home,true,24,8,14,10,6,8,50,89,1.96
93734,57,2023-08-07 23:00:00,2023,away,false,4,1,3,1,0,0,40,71,0.38
102202,53,2022-10-10 20:30:00,2022,home,true,12,4,7,5,3,4,45,79,0.98
193507,3,2024-12-04 19:45:00,2024,away,false,7,3,5,2,2,4,55,63,0.65
189949,2,2022-11-12 15:00:00,2022,home,true,9,2,8,1,2,4,52,70,0.96
230521,12,2021-01-30 12:00:00,2021,home,true,21,12,15,6,2,8,49,79,1.94
209752,7,2021-01-06 11:30:00,2021,home,true,12,5,5,7,1,7,61,87,0.82
101544176,28,2026-05-09 19:30:00,2026,away,false,14,3,9,5,5,3,44,71,0.95
190615,2,2025-01-25 15:00:00,2025,home,true,13,2,7,6,3,12,61,82,1.02
267630,23,2019-06-23 16:00:00,2019,home,true,14,5,8,6,1,6,,,1.13
269710,24,2019-03-10 16:00:00,2019,home,true,12,1,9,3,4,9,,,1.14
16085,8,2023-09-26 18:30:00,2023,home,true,12,5,6,6,5,7,57,86,0.9
281535,29,2024-05-16 17:00:00,2024,away,false,8,1,6,2,2,3,28,77,0.76
206533,6,2026-01-16 19:30:00,2026,home,true,14,4,10,4,4,2,46,80,1.94
371863,9,2026-05-10 19:00:00,2026,home,true,14,6,10,4,3,7,39,81,1.13
233245,13,2017-03-17 19:00:00,2017,home,true,12,4,9,3,1,5,,,1.14
193431,3,2024-10-22 18:45:00,2024,home,true,20,9,11,9,4,11,52,68,1.58
140610,20,2020-09-13 01:30:00,2020,away,false,15,8,9,6,2,7,,,1.25
258541,20,2015-04-12 21:00:00,2015,home,true,18,4,12,6,8,3,,,1.59
307956,46,2018-04-25 23:00:00,2018,away,false,13,5,8,5,1,3,,,1.74
191770,3,2020-11-24 19:00:00,2020,away,false,7,5,6,1,0,7,37,69,0.73
295964,37,2016-10-14 17:15:00,2016,home,true,12,6,7,5,5,10,,,1.62
605595,110,2024-10-05 12:00:00,2024,home,true,9,5,7,2,3,4,52,84,0.88
307023,46,2016-03-13 20:15:00,2016,home,true,21,8,8,13,5,5,,,1.38
184739,1,2022-03-13 16:30:00,2022,home,true,21,8,16,5,9,2,46,86,2.66
230987,12,2022-07-23 11:00:00,2022,away,false,8,4,5,3,2,6,65,78,0.68
184745,1,2022-03-12 17:30:00,2022,away,false,10,3,7,3,5,5,56,89,1.56
191938,3,2021-02-13 15:00:00,2021,home,true,9,6,8,1,1,2,49,80,0.96
281883,29,2025-08-30 15:30:00,2025,away,false,9,3,7,2,3,5,43,77,0.88
105541,64,2020-09-30 20:30:00,2020,home,true,7,2,3,4,2,3,,,0.49
77501,29,2023-10-22 15:30:00,2023,home,true,19,6,13,6,6,10,56,89,1.71
184699,1,2022-02-13 14:00:00,2022,home,true,10,2,5,5,4,3,37,68,0.75
153947,82,2022-01-20 19:00:00,2022,away,false,7,3,3,4,1,3,34,78,0.49
278462,28,2018-04-23 22:00:00,2018,home,true,16,8,8,8,2,5,,,1.2
223393,10,2023-03-18 18:00:00,2023,home,true,15,6,8,7,2,4,52,77,1.17
155612,84,2021-03-31 18:45:00,2021,away,false,11,6,9,2,3,6,49,84,1.11
98967,45,2024-04-13 00:00:00,2024,home,true,16,5,9,7,1,4,41,77,1.93
371234,5,2026-05-03 12:00:00,2026,away,false,15,4,11,4,3,2,67,90,1.71
192554,3,2022-02-18 19:45:00,2022,home,true,5,2,3,2,1,6,62,65,0.42
332149,64,2019-08-31 22:45:00,2019,away,false,14,3,12,2,3,7,,,1.45
122970,73,2025-03-10 19:00:00,2025,home,true,16,3,9,7,7,5,60,80,1.28
372122,12,2026-02-27 17:30:00,2026,away,false,10,3,9,1,2,3,45,79,1.07
214767,8,2026-01-16 19:30:00,2026,home,true,10,4,5,5,5,9,44,68,0.75
267480,23,2018-09-23 18:00:00,2018,away,false,16,5,9,7,9,7,,,1.28
331609,64,2018-02-10 20:30:00,2018,home,true,14,7,10,4,0,10,,,1.29
132551,40,2025-05-24 17:00:00,2025,home,true,17,4,10,7,6,4,34,71,1.4
209114,7,2019-03-17 14:00:00,2019,home,true,13,5,8,5,3,2,,,1.74
104594,64,2023-05-12 18:00:00,2023,away,false,14,4,10,4,1,4,39,76,1.94
378180,64,2026-04-04 18:15:00,2026,home,true,20,4,9,11,5,2,63,86,1.22
264926,21,2024-11-10 06:00:00,2024,away,false,29,6,21,8,7,13,61,79,2.7
326406,60,2025-08-10 13:00:00,2025,away,false,11,6,8,3,0,8,38,68,1.03
138949,20,2024-06-02 01:30:00,2024,home,true,21,11,15,6,3,4,61,91,2.58
604004,107,2026-02-23 17:00:00,2026,home,true,14,3,10,4,4,4,59,83,1.29
260376,20,2019-09-22 19:55:00,2019,home,true,30,12,20,10,8,10,,,2.65
102509,53,2020-01-26 15:00:00,2020,home,true,21,5,7,14,5,3,,,1.3
262676,21,2017-07-09 09:30:00,2017,away,false,6,2,3,3,2,2,,,0.45
14168,7,2023-09-22 18:45:00,2023,away,false,8,1,5,3,2,3,44,77,0.68
271927,25,2016-07-23 14:00:00,2016,home,true,25,7,15,10,8,6,,,2.08
155819,84,2021-09-08 18:45:00,2021,away,false,6,1,5,1,4,2,28,71,0.61
354948,89,2020-08-18 19:00:00,2020,away,false,14,9,9,5,1,4,,,1.21
155971,84,2021-11-12 19:45:00,2021,home,true,11,4,9,2,4,6,64,87,1.11
202693,6,2016-11-25 19:00:00,2016,home,true,15,5,7,8,4,4,,,1.08
139290,20,2023-03-19 00:30:00,2023,home,true,14,4,9,5,7,8,49,71,1.85
604799,107,2024-05-11 13:00:00,2024,away,false,5,2,3,2,0,2,30,44,1.06
371471,7,2026-02-14 17:00:00,2026,away,false,12,5,5,7,3,4,50,90,1.47
200933,5,2021-01-09 13:00:00,2021,home,true,12,7,10,2,2,2,60,82,1.22
202241,5,2025-04-24 19:30:00,2025,home,true,10,5,8,2,1,6,42,85,0.99
139194,20,2024-10-06 01:30:00,2024,away,false,14,2,10,4,7,6,51,85,1.29
94535,57,2021-09-26 21:15:00,2021,home,true,16,5,11,5,3,9,54,79,1.44
201762,5,2023-03-12 13:00:00,2023,away,false,8,2,5,3,4,2,63,81,0.68
210182,7,2022-01-11 19:45:00,2022,away,false,9,3,6,3,3,5,47,69,0.8
213812,8,2022-08-28 18:45:00,2022,home,true,15,4,6,9,3,3,58,75,1.01
231143,12,2023-02-04 12:00:00,2023,away,false,17,6,11,6,2,6,65,81,1.48
201551,5,2022-09-03 16:30:00,2022,home,true,12,5,8,4,6,7,55,78,1.06
102377,53,2021-08-28 19:00:00,2021,home,true,19,11,15,4,5,5,41,79,3.16
308354,46,2019-04-21 23:00:00,2019,away,false,8,3,1,7,3,3,,,0.36
155433,84,2021-03-24 17:00:00,2021,away,false,20,9,11,9,5,11,66,87,1.58
265355,22,2016-07-31 00:00:00,2016,away,false,9,7,6,3,1,1,,,0.8
217367,9,2019-03-31 15:00:00,2019,home,true,8,2,7,1,2,3,,,1.49
329412,62,2020-01-17 08:30:00,2020,home,true,25,5,14,11,10,8,,,2.0
230157,12,2019-11-03 12:30:00,2019,home,true,9,2,9,0,1,6,,,1.04
230522,12,2021-02-01 19:30:00,2021,home,true,14,7,9,5,4,12,51,75,1.21
238350,14,2021-09-19 14:30:00,2021,home,true,22,4,15,7,8,5,63,81,1.97
184000,1,2020-06-21 15:15:00,2020,away,false,19,5,8,11,7,10,,,1.31
77462,29,2023-09-03 15:30:00,2023,home,true,17,6,12,5,5,10,75,85,2.2
139493,20,2023-06-21 23:30:00,2023,home,true,12,5,7,5,5,5,59,87,0.98
96096,28,2022-08-12 22:00:00,2022,home,true,13,5,7,6,3,4,69,84,1.02
373655,21,2026-03-18 10:00:00,2026,away,false,7,2,6,1,3,2,47,71,0.73
272713,25,2020-12-05 16:00:00,2020,away,false,22,10,14,8,6,8,56,77,1.89
125812,37,2022-05-06 15:50:00,2022,home,true,11,6,7,4,4,6,60,84,0.95
344917,73,2026-01-30 19:00:00,2026,away,false,15,10,8,7,1,4,34,72,1.17
234378,13,2021-02-13 13:15:00,2021,home,true,16,6,7,9,2,3,47,62,1.12
310952,47,2026-02-01 11:45:00,2026,away,false,9,4,5,4,2,3,61,77,1.36
371557,7,2026-04-19 10:30:00,2026,away,false,4,1,2,2,1,1,35,77,0.14
182986,1,2017-08-26 14:00:00,2017,home,true,17,8,10,7,3,7,,,1.4
190165,2,2023-04-01 14:00:00,2023,home,true,12,5,8,4,2,5,26,52,1.06
227452,11,2024-09-22 13:30:00,2024,away,false,9,4,4,5,0,2,21,68,0.64
156217,92,2022-05-26 22:00:00,2022,home,true,22,9,11,11,8,8,67,86,1.65
226325,11,2020-01-26 14:30:00,2020,home,true,16,3,6,10,8,7,,,1.04
359121,96,2025-08-26 18:00:00,2025,away,false,14,5,10,4,2,6,51,73,1.29
278155,28,2017-08-25 22:05:00,2017,home,true,17,6,8,9,5,8,,,1.24
210936,7,2025-01-13 19:45:00,2025,away,false,11,2,7,4,3,4,66,89,1.59
237541,14,2019-01-30 21:15:00,2019,away,false,12,2,4,8,5,2,,,0.74
234948,13,2022-11-13 15:45:00,2022,home,true,23,12,14,9,5,5,56,86,1.93
101341764,100000114,2025-05-17 11:00:00,2025,home,true,13,8,7,6,3,2,42,77,1.95
199977,5,2018-04-28 16:30:00,2018,home,true,12,5,7,5,1,3,,,0.98
233061,13,2016-09-24 18:45:00,2016,home,true,20,3,17,3,8,6,,,2.71
295858,36,2025-10-04 13:00:00,2025,home,true,15,5,11,4,1,4,40,69,1.41
235564,13,2025-10-19 12:30:00,2025,home,true,11,5,6,5,2,4,50,76,0.87
122946,73,2025-03-03 19:00:00,2025,away,false,17,6,13,4,4,13,55,86,1.64
193914,3,2025-08-23 14:00:00,2025,home,true,13,3,9,4,1,7,45,69,1.18
161517,96,2024-08-27 19:00:00,2024,away,false,8,2,3,5,3,3,43,87,1.17
77505,29,2023-10-28 13:00:00,2023,home,true,10,4,8,2,0,2,54,85,0.99
330753,63,2025-08-23 17:00:00,2025,home,true,6,1,5,1,2,6,43,77,0.61
127526,41,2024-05-21 17:00:00,2024,away,false,23,10,15,8,6,11,60,88,2.0
227663,11,2025-03-29 14:30:00,2025,home,true,16,3,13,3,7,5,40,71,1.6
155487,84,2021-03-25 19:45:00,2021,away,false,14,4,9,5,4,6,74,82,1.21
329335,62,2019-04-21 07:00:00,2019,away,false,18,9,15,3,6,11,,,1.83
322043,57,2017-10-07 19:30:00,2017,away,false,15,4,9,6,3,5,,,1.25
605440,110,2026-02-01 11:30:00,2026,away,false,10,4,5,5,1,2,49,79,1.4
306629,45,2025-03-02 18:00:00,2025,away,false,11,3,6,5,0,3,50,84,0.87
246231,16,2021-12-27 17:00:00,2021,away,false,12,6,8,4,1,3,54,82,1.06
124305,73,2020-11-15 19:00:00,2020,away,false,4,2,3,1,2,9,39,64,0.38
182440,1,2016-02-13 15:00:00,2016,away,false,14,5,7,7,5,4,,,1.05
107360,43,2023-02-04 16:30:00,2023,home,true,9,2,6,3,1,2,31,54,0.8
226032,11,2019-02-10 17:00:00,2019,home,true,15,6,10,5,3,5,,,1.33
191670,3,2020-10-10 14:00:00,2020,home,true,9,4,5,4,3,3,,,0.72
254859,19,2018-08-26 00:00:00,2018,home,true,12,3,6,6,4,6,,,0.9
192552,3,2022-02-19 15:00:00,2022,away,false,6,1,3,3,2,2,40,68,0.45
203825,6,2019-04-13 18:30:00,2019,home,true,17,7,9,8,2,5,,,1.32
202186,5,2025-03-09 13:00:00,2025,home,true,11,3,7,4,4,4,39,75,0.95
184725,1,2022-02-27 14:00:00,2022,home,true,13,4,7,6,1,3,39,80,1.02
105661,64,2020-11-23 18:15:00,2020,away,false,7,3,2,5,1,4,68,86,0.41
605694,110,2025-02-09 11:00:00,2025,away,false,7,0,4,3,3,5,54,84,0.57
322875,57,2019-11-09 19:30:00,2019,away,false,9,5,3,6,2,4,,,0.56
102560,53,2020-03-07 15:00:00,2020,home,true,15,3,10,5,6,5,,,1.33
206185,6,2025-03-29 17:30:00,2025,home,true,22,5,14,8,10,9,65,86,1.89
151566,80,2024-11-16 19:45:00,2024,away,false,6,2,4,2,0,2,39,73,0.53
12237,6,2024-05-11 14:15:00,2024,away,false,12,3,6,6,2,2,36,65,0.9
162708,98,2023-10-31 19:45:00,2023,home,true,9,4,3,6,1,1,27,58,0.56
94617,57,2021-11-07 23:30:00,2021,home,true,10,3,4,6,2,4,39,70,0.67
204736,6,2021-03-30 19:30:00,2021,home,true,18,7,13,5,2,9,59,80,1.67
146249,36,2024-05-15 17:30:00,2024,home,true,16,4,11,5,5,7,56,77,1.44
377809,60,2026-03-14 13:30:00,2026,away,false,13,5,8,5,4,4,53,89,1.09
285521,31,2019-10-20 11:35:00,2019,home,true,8,5,4,4,3,4,,,0.6
217009,9,2018-04-01 15:00:00,2018,away,false,15,9,10,5,1,4,,,1.33
96709,28,2021-10-31 18:45:00,2021,away,false,9,3,5,4,1,5,53,73,0.72
189368,2,2021-11-23 19:45:00,2021,home,true,13,5,6,7,2,9,65,76,0.94
196921,4,2024-10-01 18:45:00,2024,away,false,14,10,11,3,1,5,51,71,1.37
238620,14,2022-08-14 14:30:00,2022,away,false,3,1,3,0,0,6,38,74,0.35
262685,21,2017-08-13 09:30:00,2017,home,true,11,3,7,4,1,2,,,0.95
52315,22,2024-04-28 01:00:00,2024,away,false,11,5,3,8,1,4,41,82,0.62
101495452,100000549,2026-04-25 12:00:00,2026,home,true,4,2,3,1,0,3,34,64,0.42
80421,30,2023-08-28 17:00:00,2023,away,false,14,3,11,3,5,5,60,87,2.02
192531,3,2022-02-08 19:45:00,2022,home,true,13,5,7,6,5,4,40,54,1.02
255063,19,2019-05-05 19:00:00,2019,home,true,20,5,9,11,5,5,,,1.42
266211,22,2019-02-03 18:00:00,2019,away,false,12,3,5,7,2,3,,,0.82
329189,62,2018-04-14 07:35:00,2018,away,false,19,4,11,8,4,5,,,1.55
192781,3,2022-08-20 14:00:00,2022,home,true,8,3,5,3,2,4,57,78,0.68
67889,27,2023-08-26 18:00:00,2023,away,false,7,0,4,3,3,2,42,72,0.57
372330,13,2026-05-17 12:30:00,2026,away,false,16,4,6,10,3,2,47,79,0.95
373288,20,2026-05-24 01:30:00,2026,away,false,5,2,3,2,0,3,34,76,1.7
254155,19,2016-09-15 00:45:00,2016,home,true,24,3,7,17,6,4,,,1.4
235444,13,2025-05-03 14:30:00,2025,home,true,21,4,15,6,0,4,50,78,1.94
329177,62,2018-03-04 06:00:00,2018,away,false,13,5,9,4,3,5,,,1.82
183183,1,2018-01-13 15:00:00,2018,away,false,14,1,8,6,7,3,,,1.13
52111,22,2023-10-25 01:00:00,2023,away,false,16,6,7,9,7,6,36,78,1.12
140504,20,2020-07-18 00:00:00,2020,home,true,6,3,3,3,3,5,,,0.45
227032,11,2022-04-09 13:30:00,2022,away,false,17,6,12,5,5,5,50,81,2.2
217224,9,2018-12-04 18:00:00,2018,home,true,15,2,7,8,3,5,,,1.08
124253,73,2020-10-10 16:45:00,2020,away,false,16,5,10,6,2,6,,,1.36
94505,57,2021-09-08 00:30:00,2021,home,true,12,1,9,3,4,6,57,84,1.14
96924,28,2021-01-11 00:30:00,2021,home,true,17,11,9,8,2,2,36,74,1.32
206312,6,2025-08-24 17:30:00,2025,home,true,10,6,7,3,0,3,41,74,0.91
208409,7,2017-04-30 10:30:00,2017,home,true,12,6,5,7,4,8,,,1.47
268383,23,2022-07-30 16:00:00,2022,home,true,13,2,7,6,3,5,63,79,1.02
11949,6,2023-10-27 19:00:00,2023,away,false,10,2,4,6,2,1,55,81,0.67
97149,46,2024-06-16 00:30:00,2024,away,false,11,4,8,3,3,4,34,54,4.9
264579,21,2024-02-24 05:00:00,2024,away,false,9,3,3,6,3,2,65,84,0.56
239183,14,2025-04-07 19:45:00,2025,away,false,9,3,3,6,2,0,52,84,0.56
188566,2,2020-07-18 14:00:00,2020,home,true,17,5,10,7,5,5,,,1.4
286303,31,2023-06-29 11:35:00,2023,away,false,7,4,5,2,0,2,52,81,0.65
190903,2,2025-09-27 14:00:00,2025,home,true,14,5,10,4,2,5,50,73,1.29
94185,57,2022-09-07 22:00:00,2022,home,true,12,6,5,7,3,5,38,61,0.82
306757,45,2025-07-06 18:00:00,2025,home,true,11,4,6,5,2,10,62,83,0.87
355177,89,2026-01-28 20:00:00,2026,away,false,11,7,10,1,2,1,35,77,1.19
234779,13,2022-05-01 18:00:00,2022,away,false,12,4,10,2,2,4,60,82,1.22
192498,3,2022-02-01 19:45:00,2022,home,true,9,2,7,2,3,8,32,57,1.52
274295,26,2020-07-31 18:30:00,2020,home,true,19,2,9,10,5,4,,,1.39
147813,35,2023-03-18 15:30:00,2023,away,false,5,4,3,2,1,5,24,53,0.42
246579,16,2023-01-07 16:00:00,2023,away,false,12,4,10,2,3,7,45,79,1.22
588698,32,2026-04-18 11:30:00,2026,home,true,26,8,17,9,10,7,45,78,3.51
307954,46,2018-04-26 23:00:00,2018,home,true,14,5,9,5,3,8,,,1.85
276598,27,2023-04-02 15:30:00,2023,home,true,20,9,12,8,5,9,57,84,1.66
357109,93,2025-03-07 02:00:00,2025,away,false,9,0,3,6,5,5,48,75,0.56
189032,2,2021-03-17 19:00:00,2021,away,false,14,4,11,3,7,8,50,48,2.02
184242,1,2020-12-29 18:00:00,2020,away,false,8,3,6,2,2,3,38,71,0.76
328871,62,2016-02-05 08:40:00,2016,home,true,6,3,5,1,0,5,,,0.61
186511,2,2016-10-19 18:45:00,2016,home,true,8,5,7,1,1,4,,,0.84
286418,31,2024-05-04 12:00:00,2024,home,true,16,2,11,5,4,8,55,77,1.44
268434,23,2022-09-10 14:00:00,2022,home,true,12,3,9,3,2,6,51,77,1.14
276434,27,2022-09-03 15:30:00,2022,away,false,7,4,5,2,1,2,47,68,0.65
371665,8,2026-03-08 14:00:00,2026,home,true,24,10,16,8,6,10,48,73,2.12
124407,73,2021-01-29 17:45:00,2021,home,true,12,4,8,4,3,2,47,81,1.06
226891,11,2021-12-04 14:30:00,2021,home,true,8,5,6,2,1,4,49,77,0.76
193172,3,2023-03-18 15:00:00,2023,away,false,7,2,5,2,2,1,48,59,0.65
285085,31,2018-03-10 07:30:00,2018,home,true,9,2,6,3,2,4,,,0.8
208626,7,2017-12-23 14:00:00,2017,home,true,15,5,12,3,4,8,,,2.13
250145,17,2025-12-21 13:30:00,2025,home,true,14,5,12,2,2,6,43,71,1.45
238251,14,2021-04-30 20:15:00,2021,away,false,9,3,4,5,3,4,43,74,0.64
268227,23,2021-11-07 16:00:00,2021,home,true,18,9,13,5,3,6,47,75,1.67
286437,31,2024-05-17 11:35:00,2024,home,true,13,6,7,6,1,11,51,77,1.66
373950,23,2026-05-25 15:00:00,2026,home,true,12,9,10,2,0,4,40,81,1.29
245400,16,2019-11-02 12:00:00,2019,home,true,10,3,4,6,0,1,,,0.67
285501,31,2019-09-13 11:35:00,2019,away,false,24,7,16,8,8,9,,,2.12
268159,23,2021-09-12 16:00:00,2021,away,false,10,2,8,2,3,7,54,81,0.99
64291,26,2024-04-20 18:30:00,2024,away,false,7,2,2,5,1,4,47,81,0.41
277148,27,2025-10-17 18:30:00,2025,away,false,19,6,12,7,7,4,52,82,1.63
255273,19,2019-10-10 00:30:00,2019,away,false,9,0,3,6,2,5,,,0.56
83121,31,2023-08-04 11:35:00,2023,home,true,6,2,1,5,1,1,51,76,0.29
238659,14,2022-09-11 17:00:00,2022,away,false,10,4,7,3,2,5,67,86,0.91
208483,7,2017-09-17 18:45:00,2017,home,true,5,4,4,1,0,2,,,0.49
221862,10,2018-12-04 20:00:00,2018,home,true,17,6,10,7,4,5,,,2.04
277998,28,2017-04-23 19:15:00,2017,home,true,8,2,4,4,2,5,,,0.6
125840,37,2022-06-23 18:00:00,2022,home,true,21,6,10,11,8,5,74,86,1.54
16393,8,2024-05-05 13:00:00,2024,home,true,20,4,12,8,9,3,55,86,1.66
122820,73,2024-11-26 19:00:00,2024,home,true,23,7,11,12,7,8,67,84,1.69
223271,10,2022-11-12 18:00:00,2022,home,true,10,2,6,4,5,3,43,82,0.83
210607,7,2023-03-05 19:45:00,2023,away,false,14,5,7,7,6,6,59,89,1.05
123194,73,2023-11-27 19:00:00,2023,home,true,19,10,14,5,1,3,55,77,1.79
188440,2,2020-02-22 15:00:00,2020,away,false,5,2,0,5,2,2,,,0.18
353656,2,2026-02-08 12:01:00,2026,home,true,22,6,12,10,8,8,61,81,1.73
193806,3,2025-04-18 12:00:00,2025,home,true,4,3,3,1,1,2,73,82,0.38
157971,93,2023-07-14 00:00:00,2023,away,false,8,1,3,5,1,4,42,66,0.52
238180,14,2021-03-05 18:30:00,2021,away,false,10,4,7,3,5,4,59,87,0.91
185811,1,2026-01-07 19:30:00,2026,away,false,11,3,7,4,4,4,49,81,0.95
188973,2,2021-02-26 19:45:00,2021,home,true,13,2,7,6,6,3,56,76,1.02
223036,10,2022-03-19 18:00:00,2022,home,true,11,4,6,5,1,1,38,76,0.87
102796,53,2021-02-10 13:30:00,2021,away,false,7,3,5,2,1,3,29,65,0.65
265025,21,2025-04-02 10:00:00,2025,away,false,4,0,3,1,3,3,48,81,0.38
101682,53,2024-08-28 00:30:00,2024,away,false,9,4,4,5,1,1,40,59,1.28
268775,23,2024-09-14 14:00:00,2024,home,true,14,3,10,4,5,3,55,79,1.29
238187,14,2021-03-06 15:30:00,2021,home,true,10,5,7,3,0,3,42,70,0.91
52198,22,2024-01-31 01:00:00,2024,home,true,12,5,5,7,2,4,53,84,0.82
132839,40,2024-07-22 14:30:00,2024,away,false,8,4,3,5,2,6,31,64,0.52
245718,16,2020-11-29 13:00:00,2020,home,true,13,9,9,4,2,5,44,76,1.18
235176,13,2024-08-17 14:30:00,2024,home,true,21,7,12,9,3,6,64,83,1.7
27504,15,2023-07-30 17:15:00,2023,home,true,11,3,6,5,4,3,57,85,0.87
105565,64,2020-10-08 15:30:00,2020,away,false,17,5,9,8,8,11,,,1.32
102365,53,2021-08-21 23:00:00,2021,home,true,10,3,6,4,4,1,51,61,1.48
209734,7,2020-12-23 19:45:00,2020,away,false,10,3,7,3,4,3,35,80,0.91
225065,11,2015-12-06 16:30:00,2015,home,true,15,3,8,7,7,10,,,1.17
235146,13,2023-06-04 12:30:00,2023,away,false,9,4,6,3,2,5,39,79,0.8
189224,2,2021-09-14 18:45:00,2021,away,false,16,4,4,12,6,6,55,83,0.88
199700,5,2017-10-30 20:00:00,2017,home,true,13,5,9,4,2,8,,,1.18
231725,12,2025-12-06 12:00:00,2025,home,true,9,3,7,2,2,3,49,80,0.88
208520,7,2017-09-20 18:45:00,2017,home,true,14,5,7,7,2,4,,,1.05
366868,98,2019-10-29 19:45:00,2019,home,true,15,5,13,2,3,7,,,1.57
128328,42,2024-03-29 18:30:00,2024,away,false,6,1,4,2,1,5,53,81,0.53
259261,20,2017-04-15 03:00:00,2017,away,false,13,3,8,5,4,3,,,1.09
247152,16,2025-08-30 18:30:00,2025,away,false,9,4,6,3,1,2,35,76,0.8
268054,23,2021-05-30 16:00:00,2021,home,true,8,4,5,3,2,2,33,77,0.68
329090,62,2017-11-24 08:50:00,2017,away,false,8,4,4,4,2,2,,,1.25
296005,37,2016-12-01 15:40:00,2016,away,false,7,6,2,5,0,4,,,0.41
182558,1,2016-05-08 15:00:00,2016,away,false,14,3,11,3,3,8,,,1.37
270954,24,2025-03-08 16:30:00,2025,home,true,14,6,9,5,4,6,62,79,1.21
145901,36,2025-03-02 14:30:00,2025,away,false,13,2,9,4,6,3,42,78,1.18
273333,25,2024-10-19 15:00:00,2024,away,false,15,9,9,6,2,6,38,62,1.25
184200,1,2020-12-11 20:00:00,2020,away,false,19,8,12,7,3,6,36,69,1.63
19764,10,2023-10-28 17:00:00,2023,home,true,24,6,16,8,3,12,63,85,2.12
162921,99,2024-08-09 16:00:00,2024,home,true,15,6,9,6,3,2,54,84,1.25
225264,11,2016-09-21 18:00:00,2016,away,false,3,1,3,0,1,2,,,0.35
245236,16,2019-03-10 13:00:00,2019,away,false,4,2,2,2,1,1,,,0.3
147747,35,2023-01-22 18:30:00,2023,home,true,13,2,7,6,4,3,32,77,1.02
604563,107,2023-10-06 17:00:00,2023,home,true,12,5,9,3,0,5,64,81,1.14
221383,10,2017-09-16 13:00:00,2017,home,true,9,3,6,3,1,2,,,2.08
217873,9,2020-12-13 16:00:00,2020,home,true,15,5,9,6,2,8,55,84,1.25
101800,53,2023-03-02 23:30:00,2023,home,true,18,6,7,11,2,5,53,72,1.19
227022,11,2022-04-02 13:30:00,2022,home,true,13,6,10,3,3,5,59,82,1.26
218502,9,2022-05-21 19:00:00,2022,away,false,8,3,4,4,2,4,42,85,0.6
229837,12,2018-10-26 16:30:00,2018,home,true,8,2,1,7,2,4,,,0.36
59110,24,2024-04-13 14:00:00,2024,away,false,10,4,9,1,2,1,54,83,1.07
207765,7,2015-10-04 13:00:00,2015,away,false,13,8,10,3,3,3,,,1.26
379266,75,2026-06-06 23:00:00,2026,away,false,7,3,4,3,1,1,49,81,1.15
161606,96,2023-08-08 18:45:00,2023,home,true,13,6,7,6,4,5,51,81,1.02
264020,21,2021-09-22 10:00:00,2021,away,false,9,4,3,6,3,1,58,76,0.56
259602,20,2018-03-05 03:00:00,2018,home,true,14,3,10,4,5,4,,,1.29
95988,28,2022-06-27 23:00:00,2022,away,false,13,3,8,5,4,8,55,68,1.09
208183,7,2016-11-06 19:45:00,2016,away,false,13,5,5,8,3,6,,,0.86
183094,1,2017-12-09 15:00:00,2017,away,false,11,5,5,6,3,3,,,0.79
229909,12,2019-01-30 19:30:00,2019,away,false,5,3,3,2,1,2,,,1.06
242895,15,2025-03-01 15:00:00,2025,home,true,19,4,14,5,4,2,49,72,1.79
97274,46,2024-10-12 00:30:00,2024,away,false,6,5,2,4,1,4,51,78,0.37
214711,8,2025-11-29 14:00:00,2025,away,false,11,4,8,3,4,2,52,81,1.03
309056,46,2025-11-14 00:00:00,2025,home,true,11,4,6,5,3,2,37,68,0.87
244800,16,2017-10-29 11:00:00,2017,home,true,10,2,5,5,3,7,,,0.75
265148,21,2025-06-14 08:30:00,2025,home,true,10,3,5,5,6,3,50,83,0.75
260695,20,2025-06-26 00:30:00,2025,home,true,16,5,11,5,5,5,47,86,1.44
272221,25,2018-03-10 17:30:00,2018,home,true,8,1,5,3,2,7,,,0.68
242313,15,2022-05-07 18:45:00,2022,away,false,13,7,7,6,1,3,54,81,1.02
155792,84,2021-09-07 18:45:00,2021,away,false,3,0,0,3,0,1,38,73,0.11
289258,32,2025-08-22 16:00:00,2025,home,true,15,4,7,8,5,7,56,81,1.73
154985,84,2025-10-13 18:45:00,2025,away,false,8,2,2,6,1,1,43,80,0.44
183679,1,2019-04-27 16:30:00,2019,away,false,9,1,4,5,5,4,,,0.64
145958,36,2025-05-10 14:00:00,2025,home,true,5,1,4,1,3,3,58,84,0.49
187463,2,2018-05-06 11:30:00,2018,away,false,13,5,8,5,2,4,,,1.09
255500,19,2020-09-10 00:30:00,2020,home,true,8,4,5,3,1,4,,,1.33
268214,23,2021-10-30 16:00:00,2021,home,true,14,5,11,3,1,4,57,82,1.37
281022,29,2021-09-20 17:00:00,2021,home,true,8,1,6,2,2,5,55,74,0.76
115163,63,2025-03-17 18:00:00,2025,home,true,22,8,13,9,4,9,59,88,1.81
187284,2,2018-02-17 15:00:00,2018,away,false,5,1,3,2,3,2,,,0.42
221811,10,2018-10-26 18:00:00,2018,away,false,5,1,4,1,1,3,,,0.49
209494,7,2020-06-27 19:45:00,2020,home,true,12,4,6,6,1,7,,,1.55
281743,29,2025-04-23 17:00:00,2025,home,true,19,7,16,3,7,7,68,88,2.59
296197,37,2017-11-04 15:45:00,2017,home,true,10,5,5,5,2,2,,,0.75
317642,53,2025-04-26 18:00:00,2025,away,false,13,6,10,3,1,10,40,84,1.26
216918,9,2018-02-03 19:00:00,2018,away,false,16,8,11,5,1,4,,,1.44
192608,3,2022-03-12 15:00:00,2022,away,false,9,6,6,3,2,5,45,76,0.8
185410,1,2025-01-01 17:30:00,2025,away,false,14,5,11,3,5,3,49,83,1.37
271883,25,2016-04-23 14:00:00,2016,home,true,8,2,5,3,2,5,,,0.68
276413,27,2022-08-21 13:00:00,2022,home,true,15,3,4,11,7,8,58,83,0.84
308794,46,2025-04-27 23:20:00,2025,home,true,18,6,8,10,3,8,48,85,1.27
219277,9,2025-09-21 13:00:00,2025,away,false,8,4,7,1,2,2,39,83,0.84
221499,10,2018-01-12 19:00:00,2018,away,false,10,2,6,4,0,0,,,0.83
184852,1,2022-08-06 14:00:00,2022,home,true,12,4,7,5,3,6,40,76,0.98
238898,14,2023-05-21 17:00:00,2023,home,true,25,10,17,8,3,3,50,87,3.52
356712,92,2019-03-06 00:30:00,2019,home,true,15,6,10,5,4,6,,,1.33
245034,16,2018-08-25 18:45:00,2018,home,true,13,5,9,4,0,4,,,1.18
156335,92,2021-03-17 00:30:00,2021,away,false,8,2,5,3,0,2,35,78,0.68
605828,110,2023-10-21 12:00:00,2023,home,true,19,7,13,6,2,4,52,82,1.71
184708,1,2022-02-19 12:30:00,2022,home,true,11,3,10,1,6,3,47,76,1.19
374519,28,2026-03-15 20:30:00,2026,away,false,11,2,3,8,6,3,52,76,0.62
202721,6,2017-01-08 17:00:00,2017,away,false,11,5,6,5,2,2,,,0.87
217443,9,2019-05-18 19:00:00,2019,away,false,21,8,12,9,8,9,,,1.7
272803,25,2021-04-18 15:00:00,2021,away,false,12,4,5,7,4,3,37,59,0.82
201277,5,2021-11-27 17:30:00,2021,away,false,11,0,5,6,4,0,47,74,0.79
96759,28,2021-11-26 00:30:00,2021,home,true,28,10,17,11,5,12,57,80,2.34
122678,73,2024-08-11 14:45:00,2024,home,true,17,7,11,6,7,4,58,85,1.48
285909,31,2022-06-08 09:30:00,2022,away,false,24,3,14,10,11,9,66,86,1.96
247164,16,2025-09-13 17:00:00,2025,away,false,7,4,4,3,0,1,33,73,0.57
27631,15,2023-12-10 17:30:00,2023,away,false,13,4,6,7,4,1,43,73,0.94
97320,46,2024-11-10 21:10:00,2024,away,false,10,2,3,7,3,6,71,85,0.59
187243,2,2018-01-27 15:00:00,2018,away,false,18,7,11,7,3,3,,,1.51
226354,11,2020-02-21 19:30:00,2020,home,true,18,9,15,3,6,11,,,1.83
321992,57,2017-08-19 19:30:00,2017,away,false,19,7,12,7,5,6,,,2.27
187526,2,2018-08-22 19:00:00,2018,home,true,9,4,6,3,1,3,,,0.8
285140,31,2018-05-12 07:30:00,2018,home,true,14,4,11,3,1,6,,,1.37
102985,58,2024-08-24 19:00:00,2024,away,false,24,12,14,10,5,6,65,80,1.96
378068,63,2026-02-22 12:00:00,2026,home,true,6,3,2,4,1,1,54,74,0.37
139766,20,2022-07-05 01:00:00,2022,home,true,15,2,10,5,4,4,44,78,1.33
222384,10,2020-09-19 13:00:00,2020,home,true,12,4,7,5,4,8,,,0.98
139417,20,2023-05-18 02:30:00,2023,away,false,7,3,5,2,1,3,45,86,0.65
189672,2,2022-05-03 18:00:00,2022,home,true,11,3,8,3,4,4,59,71,1.03
317519,53,2019-08-11 21:30:00,2019,home,true,9,4,6,3,1,2,,,0.8
186192,2,2016-02-23 19:45:00,2016,away,false,14,4,8,6,4,4,,,1.13
227551,11,2024-12-21 17:30:00,2024,home,true,20,12,15,5,4,4,67,89,1.9
323137,57,2025-08-15 23:00:00,2025,home,true,12,5,5,7,1,5,41,75,1.47
16070,8,2023-09-18 18:30:00,2023,home,true,12,5,7,5,3,2,61,85,0.98
196207,4,2022-04-18 14:00:00,2022,away,false,7,2,3,4,3,6,47,71,0.49
105634,64,2020-11-09 16:00:00,2020,away,false,19,5,13,6,5,7,,,1.71
209880,7,2021-04-03 10:30:00,2021,away,false,6,4,4,2,0,5,37,73,0.53
278247,28,2017-11-05 21:05:00,2017,away,false,11,5,4,7,1,3,,,0.71
259192,20,2016-11-06 21:00:00,2016,away,false,7,4,6,1,1,3,,,0.73
194150,3,2026-01-10 15:00:00,2026,away,false,11,4,6,5,4,3,61,78,0.87
306809,45,2025-08-24 00:00:00,2025,away,false,13,5,8,5,3,5,75,91,1.09
231681,12,2025-10-25 11:00:00,2025,home,true,8,3,5,3,2,10,46,78,1.33
147198,35,2024-10-20 15:00:00,2024,home,true,17,5,12,5,6,3,40,74,1.56
196957,4,2024-10-19 14:00:00,2024,away,false,14,5,7,7,6,12,44,74,1.7
184879,1,2022-08-27 16:30:00,2022,home,true,22,8,16,6,10,9,72,86,2.05
211107,7,2025-05-18 18:45:00,2025,home,true,10,3,8,2,4,5,56,86,0.99
604102,107,2026-04-26 13:00:00,2026,away,false,8,1,3,5,3,4,61,89,0.26
96786,28,2021-12-06 00:30:00,2021,away,false,6,5,4,2,0,2,36,69,0.53
372568,16,2026-04-17 17:00:00,2026,away,false,6,3,4,2,0,3,40,77,0.74
132515,40,2025-04-10 17:00:00,2025,away,false,3,0,2,1,0,1,52,79,0.27
183890,1,2019-12-26 15:00:00,2019,home,true,11,2,8,3,4,5,,,1.03
152798,80,2020-11-15 17:00:00,2020,away,false,12,5,5,7,4,6,40,75,0.82
140352,20,2021-09-26 00:00:00,2021,away,false,15,7,11,4,5,9,51,81,1.41
237643,14,2019-04-19 19:30:00,2019,home,true,18,4,10,8,2,7,,,1.43
307782,46,2018-02-11 22:15:00,2018,away,false,6,2,3,3,2,3,,,0.45
121402,70,2024-04-07 17:15:00,2024,away,false,12,6,9,3,4,6,58,75,1.14
213452,8,2021-09-26 18:30:00,2021,away,false,19,5,6,13,6,5,64,85,1.15
246666,16,2023-04-02 17:30:00,2023,home,true,21,7,12,9,3,8,65,82,2.34
195825,4,2021-10-09 14:00:00,2021,away,false,11,6,7,4,1,7,47,67,0.95
95145,28,2024-07-31 21:30:00,2024,home,true,11,5,6,5,3,3,45,71,0.87
192739,3,2022-07-30 14:00:00,2022,away,false,7,2,6,1,1,4,46,65,0.73
200363,5,2019-05-12 16:30:00,2019,home,true,14,6,11,3,4,9,,,1.37
